data_index,ground_truth_y,ground_truth_d,predicted_y_CETransformer,predicted_d_CETransformer,mae_y_CETransformer,mae_d_CETransformer,predicted_y_CEVAE,predicted_d_CEVAE,mae_y_CEVAE,mae_d_CEVAE,predicted_y_iTransformer,predicted_d_iTransformer,mae_y_iTransformer,mae_d_iTransformer
1102,9.0,6.0,8.305818557739258,6.5755510330200195,0.6941814422607422,0.5755510330200195,10.984028816223145,5.370395660400391,1.9840288162231445,0.6296043395996094,9.163740158081055,5.711659908294678,0.1637401580810547,0.28834009170532227
1332,1.0,1.0,0.0,0.0,1.0,1.0,0.3416934609413147,0.3094474673271179,0.6583065390586853,0.6905525326728821,2.3199121952056885,1.075629711151123,1.3199121952056885,0.07562971115112305
642,4.0,4.0,4.538338661193848,2.9316821098327637,0.5383386611938477,1.0683178901672363,3.007051944732666,3.279407501220703,0.992948055267334,0.7205924987792969,3.963757038116455,3.9681200981140137,0.03624296188354492,0.03187990188598633
1145,10.0,2.0,10.480188369750977,3.162240982055664,0.48018836975097656,1.162240982055664,8.468888282775879,2.9163289070129395,1.531111717224121,0.9163289070129395,10.041375160217285,1.8573291301727295,0.041375160217285156,0.1426708698272705
364,9.0,2.0,8.879741668701172,3.2507100105285645,0.12025833129882812,1.2507100105285645,4.816610336303711,5.055184841156006,4.183389663696289,3.055184841156006,4.507083415985107,5.062414646148682,4.492916584014893,3.0624146461486816
423,14.0,7.0,14.173572540283203,8.713637351989746,0.17357254028320312,1.713637351989746,13.084980964660645,6.679563999176025,0.9150190353393555,0.3204360008239746,14.044055938720703,7.069645881652832,0.044055938720703125,0.06964588165283203
195,3.0,1.0,0.8388254046440125,0.222944974899292,2.1611745357513428,0.777055025100708,2.4140982627868652,1.378346562385559,0.5859017372131348,0.3783465623855591,2.677915334701538,0.901187539100647,0.3220846652984619,0.09881246089935303
363,12.0,7.0,11.458979606628418,7.8385467529296875,0.541020393371582,0.8385467529296875,9.934663772583008,7.512985706329346,2.065336227416992,0.5129857063293457,12.04525375366211,7.020218849182129,0.045253753662109375,0.020218849182128906
698,1.0,5.0,0.0,3.6972804069519043,1.0,1.3027195930480957,2.743870258331299,3.496088981628418,1.7438702583312988,1.503911018371582,0.8978477716445923,4.889280319213867,0.10215222835540771,0.11071968078613281
1427,4.0,2.0,1.4285814762115479,3.8320512771606445,2.571418523788452,1.8320512771606445,3.5744640827178955,4.191100597381592,0.4255359172821045,2.191100597381592,3.6540424823760986,3.509246349334717,0.34595751762390137,1.5092463493347168
96,1.0,1.0,0.6869205832481384,0.7797501087188721,0.3130794167518616,0.22024989128112793,0.7260388135910034,0.5749355554580688,0.2739611864089966,0.42506444454193115,1.1778062582015991,0.7360736131668091,0.17780625820159912,0.2639263868331909
712,10.0,14.0,8.666515350341797,13.515398025512695,1.3334846496582031,0.4846019744873047,8.089944839477539,12.868986129760742,1.910055160522461,1.1310138702392578,10.399829864501953,14.225788116455078,0.3998298645019531,0.22578811645507812
1014,7.0,4.0,6.503036975860596,4.195127964019775,0.4969630241394043,0.1951279640197754,6.879302024841309,4.050441741943359,0.1206979751586914,0.050441741943359375,7.021080017089844,3.982973098754883,0.02108001708984375,0.017026901245117188
1455,2.0,1.0,3.1711580753326416,0.905171275138855,1.1711580753326416,0.09482872486114502,5.757968425750732,2.0836427211761475,3.7579684257507324,1.0836427211761475,2.0376415252685547,1.028505802154541,0.03764152526855469,0.028505802154541016
1216,2.0,2.0,1.6189825534820557,1.125260829925537,0.38101744651794434,0.8747391700744629,1.5974013805389404,1.2021139860153198,0.40259861946105957,0.7978860139846802,1.719467282295227,1.5650558471679688,0.28053271770477295,0.43494415283203125
1398,1.0,1.0,2.161844491958618,0.8861547708511353,1.1618444919586182,0.11384522914886475,4.307143688201904,1.5202406644821167,3.3071436882019043,0.5202406644821167,1.9155592918395996,1.1857056617736816,0.9155592918395996,0.18570566177368164
1109,11.0,14.0,10.21311092376709,12.969536781311035,0.7868890762329102,1.0304632186889648,11.633869171142578,12.790127754211426,0.6338691711425781,1.2098722457885742,11.007048606872559,13.955024719238281,0.007048606872558594,0.04497528076171875
714,0.0,0.0,0.0,0.1236695647239685,0.0,0.1236695647239685,0.150801882147789,0.24462637305259705,0.150801882147789,0.24462637305259705,0.0024370551109313965,-0.05008813738822937,0.0024370551109313965,0.05008813738822937
722,2.0,1.0,0.0,1.8629223108291626,2.0,0.8629223108291626,0.2985173761844635,0.28991955518722534,1.7014826536178589,0.7100804448127747,1.3768737316131592,0.625094473361969,0.6231262683868408,0.374905526638031
1466,1.0,1.0,0.0,1.0997999906539917,1.0,0.0997999906539917,3.186401605606079,1.659321904182434,2.186401605606079,0.6593219041824341,1.104365587234497,0.8711150884628296,0.10436558723449707,0.1288849115371704
443,15.0,3.0,11.649751663208008,2.493010997772217,3.350248336791992,0.5069890022277832,14.227866172790527,2.547283887863159,0.7721338272094727,0.4527161121368408,15.022283554077148,2.7710697650909424,0.022283554077148438,0.22893023490905762
1530,3.0,9.0,0.0,8.799022674560547,3.0,0.20097732543945312,1.8225370645523071,6.077593803405762,1.1774629354476929,2.9224061965942383,3.003331184387207,9.025346755981445,0.0033311843872070312,0.025346755981445312
967,8.0,9.0,9.17746353149414,8.22691822052002,1.1774635314941406,0.7730817794799805,9.553054809570312,7.847506999969482,1.5530548095703125,1.1524930000305176,8.022478103637695,9.015549659729004,0.022478103637695312,0.015549659729003906
262,17.0,7.0,16.153228759765625,6.820960998535156,0.846771240234375,0.17903900146484375,14.258528709411621,4.9615325927734375,2.741471290588379,2.0384674072265625,16.870464324951172,6.869174003601074,0.12953567504882812,0.13082599639892578
1446,0.0,0.0,0.0,0.0,0.0,0.0,0.22867454588413239,0.3320769667625427,0.22867454588413239,0.3320769667625427,0.7533868551254272,0.4393967092037201,0.7533868551254272,0.4393967092037201
582,25.0,7.0,18.75065803527832,6.810598850250244,6.24934196472168,0.18940114974975586,17.15815544128418,5.2228922843933105,7.84184455871582,1.7771077156066895,24.968475341796875,7.0232954025268555,0.031524658203125,0.02329540252685547
1066,11.0,3.0,9.889955520629883,3.3270974159240723,1.1100444793701172,0.32709741592407227,3.8763363361358643,1.5551838874816895,7.123663902282715,1.4448161125183105,10.941081047058105,2.9130711555480957,0.05891895294189453,0.0869288444519043
910,2.0,1.0,0.0,0.0,2.0,1.0,2.4489426612854004,1.4825115203857422,0.4489426612854004,0.4825115203857422,2.4992644786834717,1.4049986600875854,0.4992644786834717,0.40499866008758545
326,6.0,3.0,6.911355972290039,4.047828674316406,0.9113559722900391,1.0478286743164062,4.6085920333862305,3.5425333976745605,1.3914079666137695,0.5425333976745605,4.198163986206055,2.7728018760681152,1.8018360137939453,0.22719812393188477
1416,0.0,0.0,0.3187378942966461,1.2723591327667236,0.3187378942966461,1.2723591327667236,2.703153371810913,1.5301694869995117,2.703153371810913,1.5301694869995117,0.26194459199905396,0.5473772287368774,0.26194459199905396,0.5473772287368774
488,5.0,6.0,3.6053407192230225,5.950778484344482,1.3946592807769775,0.04922151565551758,2.527043342590332,3.145068407058716,2.472956657409668,2.854931592941284,4.263191223144531,5.905905723571777,0.7368087768554688,0.09409427642822266
1089,0.0,0.0,0.0,0.19396814703941345,0.0,0.19396814703941345,-0.04900221526622772,0.17835266888141632,0.04900221526622772,0.17835266888141632,0.07209621369838715,-0.04948723316192627,0.07209621369838715,0.04948723316192627
638,11.0,3.0,8.67836856842041,2.9890248775482178,2.32163143157959,0.010975122451782227,6.806373119354248,2.2656989097595215,4.193626880645752,0.7343010902404785,10.899543762207031,3.0925307273864746,0.10045623779296875,0.09253072738647461
680,0.0,0.0,1.4383621215820312,0.0,1.4383621215820312,0.0,0.3288145959377289,0.38100916147232056,0.3288145959377289,0.38100916147232056,0.2723546624183655,0.0877828299999237,0.2723546624183655,0.0877828299999237
472,0.0,0.0,0.0,0.0,0.0,0.0,-0.23897302150726318,-0.02550007402896881,0.23897302150726318,0.02550007402896881,-0.6909459233283997,-0.9118085503578186,0.6909459233283997,0.9118085503578186
143,6.0,2.0,3.750070810317993,0.05911087989807129,2.249929189682007,1.9408891201019287,0.3615432381629944,0.352608323097229,5.63845682144165,1.647391676902771,4.932608604431152,1.627225399017334,1.0673913955688477,0.372774600982666
1192,0.0,0.0,0.0,0.0,0.0,0.0,0.09848018735647202,0.33984971046447754,0.09848018735647202,0.33984971046447754,0.43029463291168213,-0.06371814012527466,0.43029463291168213,0.06371814012527466
531,12.0,2.0,0.0,0.0,12.0,2.0,3.7340641021728516,1.705445647239685,8.265935897827148,0.29455435276031494,-2.9839375019073486,0.3725137412548065,14.98393726348877,1.627486228942871
945,1.0,4.0,0.47685733437538147,3.311173677444458,0.5231426954269409,0.688826322555542,2.961916446685791,2.4543519020080566,1.961916446685791,1.5456480979919434,0.8857299089431763,3.9915077686309814,0.11427009105682373,0.008492231369018555
762,21.0,10.0,21.709192276000977,10.093889236450195,0.7091922760009766,0.09388923645019531,18.695556640625,9.653875350952148,2.304443359375,0.34612464904785156,20.982362747192383,9.960847854614258,0.017637252807617188,0.03915214538574219
1356,0.0,0.0,1.1523798704147339,0.21840918064117432,1.1523798704147339,0.21840918064117432,0.79436194896698,0.5227499604225159,0.79436194896698,0.5227499604225159,0.34166520833969116,1.1030040979385376,0.34166520833969116,1.1030040979385376
204,2.0,6.0,3.198695421218872,6.096354007720947,1.198695421218872,0.09635400772094727,3.114276170730591,3.2288155555725098,1.1142761707305908,2.7711844444274902,3.9001457691192627,4.893899917602539,1.9001457691192627,1.106100082397461
1178,4.0,3.0,1.9738115072250366,4.403565883636475,2.026188373565674,1.4035658836364746,0.5383086204528809,0.6320974826812744,3.461691379547119,2.3679025173187256,4.412124156951904,3.4528236389160156,0.4121241569519043,0.4528236389160156
449,1.0,2.0,0.0,0.0,1.0,2.0,0.2888045608997345,0.32626181840896606,0.7111954689025879,1.6737382411956787,1.3017842769622803,1.4826740026474,0.3017842769622803,0.5173259973526001
398,11.0,3.0,9.071232795715332,3.2708442211151123,1.928767204284668,0.2708442211151123,8.754549980163574,2.2513163089752197,2.245450019836426,0.7486836910247803,11.137250900268555,2.978102684020996,0.1372509002685547,0.021897315979003906
610,2.0,6.0,3.198695421218872,6.096354007720947,1.198695421218872,0.09635400772094727,3.114276170730591,3.2288155555725098,1.1142761707305908,2.7711844444274902,3.9001457691192627,4.893899917602539,1.9001457691192627,1.106100082397461
1270,9.0,8.0,7.6080780029296875,8.569915771484375,1.3919219970703125,0.569915771484375,8.726461410522461,7.616877555847168,0.27353858947753906,0.38312244415283203,9.085951805114746,7.946866035461426,0.0859518051147461,0.05313396453857422
765,8.0,1.0,5.006783962249756,1.9473800659179688,2.993216037750244,0.9473800659179688,1.0078907012939453,0.9034608006477356,6.992109298706055,0.0965391993522644,6.997150897979736,3.7952020168304443,1.0028491020202637,2.7952020168304443
1321,4.0,3.0,3.2846202850341797,3.6590375900268555,0.7153797149658203,0.6590375900268555,7.596134662628174,4.722355365753174,3.596134662628174,1.7223553657531738,4.605953693389893,3.9443743228912354,0.6059536933898926,0.9443743228912354
813,0.0,0.0,0.0,0.0,0.0,0.0,0.2679676413536072,0.3473690152168274,0.2679676413536072,0.3473690152168274,0.4595540463924408,0.2213973104953766,0.4595540463924408,0.2213973104953766
1327,10.0,6.0,10.137694358825684,5.366103172302246,0.1376943588256836,0.6338968276977539,9.374520301818848,5.338878154754639,0.6254796981811523,0.6611218452453613,9.918391227722168,5.846027851104736,0.08160877227783203,0.15397214889526367
648,12.0,5.0,12.157679557800293,5.492453575134277,0.15767955780029297,0.49245357513427734,8.02709674835205,7.06958532333374,3.972903251647949,2.0695853233337402,11.880834579467773,4.976333141326904,0.11916542053222656,0.023666858673095703
150,9.0,4.0,17.18520736694336,6.403771877288818,8.18520736694336,2.4037718772888184,14.087923049926758,3.3780605792999268,5.087923049926758,0.6219394207000732,19.868741989135742,6.9404377937316895,10.868741989135742,2.9404377937316895
1487,0.0,0.0,0.0,0.0,0.0,0.0,1.2404919862747192,0.6734563112258911,1.2404919862747192,0.6734563112258911,0.47548243403434753,0.09495434165000916,0.47548243403434753,0.09495434165000916
814,3.0,1.0,3.7196242809295654,1.1639803647994995,0.7196242809295654,0.1639803647994995,2.166710138320923,1.039456844329834,0.8332898616790771,0.039456844329833984,2.8561697006225586,1.0427474975585938,0.1438302993774414,0.04274749755859375
1454,3.0,5.0,4.2288970947265625,4.687202453613281,1.2288970947265625,0.31279754638671875,5.198619842529297,4.1331987380981445,2.198619842529297,0.8668012619018555,3.809968948364258,5.516513347625732,0.8099689483642578,0.5165133476257324
35,0.0,0.0,0.0,0.0,0.0,0.0,-0.2615364193916321,0.08906053006649017,0.2615364193916321,0.08906053006649017,-0.03604097664356232,-0.15545126795768738,0.03604097664356232,0.15545126795768738
371,9.0,2.0,8.06196403503418,3.9876601696014404,0.9380359649658203,1.9876601696014404,7.624305725097656,2.2198452949523926,1.3756942749023438,0.21984529495239258,8.89816665649414,2.021848678588867,0.10183334350585938,0.021848678588867188
528,12.0,3.0,8.075387001037598,2.585923910140991,3.9246129989624023,0.4140760898590088,12.935677528381348,2.766702651977539,0.9356775283813477,0.23329734802246094,11.832941055297852,3.598252296447754,0.16705894470214844,0.5982522964477539
498,2.0,2.0,1.1380314826965332,0.45074963569641113,0.8619685173034668,1.5492503643035889,1.7777050733566284,1.3217819929122925,0.22229492664337158,0.6782180070877075,2.013867139816284,2.1653823852539062,0.01386713981628418,0.16538238525390625
428,20.0,4.0,15.196467399597168,4.824692249298096,4.803532600402832,0.8246922492980957,9.24563980102539,2.2685067653656006,10.75436019897461,1.7314932346343994,20.30786895751953,4.025566101074219,0.30786895751953125,0.02556610107421875
643,11.0,2.0,8.964832305908203,2.316582441329956,2.035167694091797,0.31658244132995605,2.9648702144622803,1.7077362537384033,8.03512954711914,0.2922637462615967,10.93680477142334,1.8327831029891968,0.06319522857666016,0.16721689701080322
254,1.0,1.0,0.0,1.1614255905151367,1.0,0.16142559051513672,1.4848310947418213,0.9287638664245605,0.4848310947418213,0.07123613357543945,1.1189849376678467,0.7774192690849304,0.11898493766784668,0.22258073091506958
1316,1.0,1.0,0.8295010924339294,1.3739073276519775,0.17049890756607056,0.37390732765197754,4.216573715209961,2.0103020668029785,3.216573715209961,1.0103020668029785,1.5801568031311035,1.3229458332061768,0.5801568031311035,0.32294583320617676
1395,8.0,3.0,4.91891622543335,3.0771188735961914,3.0810837745666504,0.0771188735961914,5.425153732299805,2.7292606830596924,2.5748462677001953,0.2707393169403076,8.018228530883789,2.9158380031585693,0.018228530883789062,0.08416199684143066
986,2.0,1.0,2.66839337348938,0.8087679147720337,0.6683933734893799,0.1912320852279663,0.948742687702179,0.6107785105705261,1.0512573719024658,0.3892214894294739,1.515350580215454,0.49684256315231323,0.4846494197845459,0.5031574368476868
1289,3.0,3.0,0.0,0.0,3.0,3.0,2.532047986984253,1.6146645545959473,0.46795201301574707,1.3853354454040527,2.6652305126190186,2.2011842727661133,0.33476948738098145,0.7988157272338867
301,7.0,10.0,7.703487873077393,9.887260437011719,0.7034878730773926,0.11273956298828125,6.465843200683594,8.379753112792969,0.5341567993164062,1.6202468872070312,6.9856061935424805,9.993363380432129,0.014393806457519531,0.006636619567871094
1092,0.0,0.0,0.0,0.0,0.0,0.0,0.36132538318634033,0.4767807722091675,0.36132538318634033,0.4767807722091675,-0.008231699466705322,-0.01857820153236389,0.008231699466705322,0.01857820153236389
1230,0.0,0.0,0.5437337160110474,0.14279982447624207,0.5437337160110474,0.14279982447624207,0.5225624442100525,0.4853675365447998,0.5225624442100525,0.4853675365447998,0.1239200234413147,0.22225096821784973,0.1239200234413147,0.22225096821784973
1492,0.0,0.0,0.8064897060394287,0.0,0.8064897060394287,0.0,2.809314250946045,2.941920280456543,2.809314250946045,2.941920280456543,0.04295875132083893,0.15616723895072937,0.04295875132083893,0.15616723895072937
990,0.0,0.0,0.0,0.9750537872314453,0.0,0.9750537872314453,1.000856637954712,0.7690416574478149,1.000856637954712,0.7690416574478149,-0.44888627529144287,0.15232446789741516,0.44888627529144287,0.15232446789741516
753,7.0,10.0,7.4838385581970215,10.284276962280273,0.4838385581970215,0.28427696228027344,5.755741596221924,9.242021560668945,1.2442584037780762,0.7579784393310547,7.055597305297852,9.989402770996094,0.05559730529785156,0.01059722900390625
983,0.0,0.0,3.142352342605591,0.0,3.142352342605591,0.0,4.77694845199585,1.4793853759765625,4.77694845199585,1.4793853759765625,-0.025156840682029724,-0.03385913372039795,0.025156840682029724,0.03385913372039795
309,12.0,5.0,10.522146224975586,4.589993000030518,1.477853775024414,0.4100069999694824,5.299981117248535,2.680598258972168,6.700018882751465,2.319401741027832,11.88493537902832,5.075485706329346,0.11506462097167969,0.0754857063293457
42,4.0,2.0,8.000228881835938,1.6007905006408691,4.0002288818359375,0.39920949935913086,14.81255054473877,8.370383262634277,10.81255054473877,6.370383262634277,2.1766412258148193,4.550085067749023,1.8233587741851807,2.5500850677490234
1013,3.0,1.0,2.4955286979675293,1.7287201881408691,0.5044713020324707,0.7287201881408691,0.28306251764297485,0.3629564642906189,2.71693754196167,0.6370435357093811,2.869715929031372,0.9830822944641113,0.13028407096862793,0.016917705535888672
710,0.0,0.0,0.0,1.5355000495910645,0.0,1.5355000495910645,3.8987984657287598,18.049100875854492,3.8987984657287598,18.049100875854492,-3.1824355125427246,-1.292356014251709,3.1824355125427246,1.292356014251709
720,14.0,5.0,15.849311828613281,3.859888792037964,1.8493118286132812,1.1401112079620361,12.101984977722168,3.5862975120544434,1.898015022277832,1.4137024879455566,14.54425048828125,4.914438247680664,0.54425048828125,0.08556175231933594
304,7.0,1.0,4.899889945983887,0.0,2.1001100540161133,1.0,3.161461114883423,1.2766144275665283,3.838538885116577,0.2766144275665283,7.014089584350586,0.9168497323989868,0.014089584350585938,0.08315026760101318
962,6.0,3.0,3.4578845500946045,0.27067244052886963,2.5421154499053955,2.72932767868042,2.382901668548584,1.346128225326538,3.617098331451416,1.653871774673462,6.126948356628418,3.1956090927124023,0.12694835662841797,0.19560909271240234
679,11.0,2.0,6.292466163635254,2.0786612033843994,4.707533836364746,0.07866120338439941,3.4992589950561523,1.4948358535766602,7.500741004943848,0.5051641464233398,7.429589748382568,4.599709987640381,3.5704102516174316,2.599709987640381
1317,1.0,1.0,0.5626400709152222,0.3987627327442169,0.43735992908477783,0.6012372970581055,2.5982086658477783,1.2754141092300415,1.5982086658477783,0.2754141092300415,1.3889330625534058,1.2456344366073608,0.38893306255340576,0.24563443660736084
1493,0.0,0.0,0.753781259059906,1.9505878686904907,0.753781259059906,1.9505878686904907,1.0667357444763184,1.0741609334945679,1.0667357444763184,1.0741609334945679,-0.19610868394374847,-0.07224389910697937,0.19610868394374847,0.07224389910697937
966,1.0,1.0,1.510867953300476,3.1900057792663574,0.5108679533004761,2.1900057792663574,2.415386199951172,2.1846752166748047,1.4153861999511719,1.1846752166748047,1.325327754020691,1.140152931213379,0.3253277540206909,0.1401529312133789
474,1.0,2.0,2.784876585006714,1.8872969150543213,1.7848765850067139,0.11270308494567871,-0.034860558807849884,0.18146078288555145,1.034860610961914,1.8185392618179321,0.9623860120773315,1.9177312850952148,0.03761398792266846,0.08226871490478516
112,9.0,19.0,10.602407455444336,17.14508819580078,1.602407455444336,1.8549118041992188,9.293949127197266,17.99852752685547,0.2939491271972656,1.0014724731445312,9.019489288330078,19.015424728393555,0.019489288330078125,0.015424728393554688
527,4.0,2.0,0.0,0.92203688621521,4.0,1.07796311378479,3.8617541790008545,2.271400213241577,0.1382458209991455,0.27140021324157715,4.008088111877441,1.9421945810317993,0.008088111877441406,0.057805418968200684
1251,0.0,0.0,0.9704726338386536,0.8112121820449829,0.9704726338386536,0.8112121820449829,1.0896596908569336,0.8192196488380432,1.0896596908569336,0.8192196488380432,0.5946812629699707,0.46701502799987793,0.5946812629699707,0.46701502799987793
154,12.0,2.0,9.644115447998047,0.0,2.355884552001953,2.0,9.110429763793945,2.584416151046753,2.8895702362060547,0.5844161510467529,12.264026641845703,2.081566572189331,0.2640266418457031,0.08156657218933105
255,8.0,7.0,8.874494552612305,8.912277221679688,0.8744945526123047,1.9122772216796875,4.009512424468994,2.3979392051696777,3.990487575531006,4.602060794830322,4.156533241271973,3.5621416568756104,3.8434667587280273,3.4378583431243896
1015,1.0,1.0,1.2990669012069702,1.154260277748108,0.2990669012069702,0.1542602777481079,2.977349042892456,1.406164288520813,1.977349042892456,0.406164288520813,2.358295440673828,1.458939790725708,1.3582954406738281,0.458939790725708
676,2.0,8.0,0.9989054203033447,7.118622779846191,1.0010945796966553,0.8813772201538086,3.3273866176605225,6.360551834106445,1.3273866176605225,1.6394481658935547,1.7211500406265259,7.189464569091797,0.2788499593734741,0.8105354309082031
130,20.0,5.0,23.876136779785156,6.0360283851623535,3.8761367797851562,1.0360283851623535,21.390174865722656,4.209571838378906,1.3901748657226562,0.7904281616210938,20.028268814086914,5.049414157867432,0.028268814086914062,0.04941415786743164
1359,1.0,4.0,0.0,4.696530342102051,1.0,0.6965303421020508,2.74360990524292,4.078401565551758,1.74360990524292,0.07840156555175781,1.077649474143982,3.925638437271118,0.07764947414398193,0.07436156272888184
641,7.0,6.0,7.147402763366699,5.573938369750977,0.14740276336669922,0.42606163024902344,8.629671096801758,6.109341621398926,1.6296710968017578,0.10934162139892578,7.080227375030518,5.726716041564941,0.08022737503051758,0.2732839584350586
729,10.0,12.0,10.209477424621582,10.70574951171875,0.20947742462158203,1.29425048828125,5.723540782928467,5.607138633728027,4.276459217071533,6.392861366271973,10.084859848022461,11.994142532348633,0.08485984802246094,0.0058574676513671875
857,1.0,3.0,0.0,3.34423565864563,1.0,0.3442356586456299,1.036963939666748,1.9271045923233032,0.03696393966674805,1.0728954076766968,1.0718872547149658,2.9844067096710205,0.07188725471496582,0.015593290328979492
595,9.0,12.0,8.260007858276367,11.321675300598145,0.7399921417236328,0.6783246994018555,8.315402030944824,11.127992630004883,0.6845979690551758,0.8720073699951172,9.087553024291992,11.92172622680664,0.08755302429199219,0.07827377319335938
509,0.0,0.0,0.0,0.9675967693328857,0.0,0.9675967693328857,1.2267218828201294,1.0254591703414917,1.2267218828201294,1.0254591703414917,0.17609935998916626,-0.2175273299217224,0.17609935998916626,0.2175273299217224
155,15.0,7.0,16.08331871032715,6.225947856903076,1.0833187103271484,0.7740521430969238,9.498801231384277,4.802216053009033,5.501198768615723,2.197783946990967,15.116067886352539,6.984775543212891,0.11606788635253906,0.015224456787109375
1463,0.0,0.0,0.0,0.18754670023918152,0.0,0.18754670023918152,1.1050834655761719,0.8881613612174988,1.1050834655761719,0.8881613612174988,0.012365251779556274,-0.08347159624099731,0.012365251779556274,0.08347159624099731
1308,5.0,1.0,6.521522521972656,2.0494203567504883,1.5215225219726562,1.0494203567504883,9.349544525146484,3.6639888286590576,4.349544525146484,2.6639888286590576,4.549135208129883,1.3475980758666992,0.4508647918701172,0.3475980758666992
1371,28.0,11.0,26.326332092285156,11.329045295715332,1.6736679077148438,0.32904529571533203,26.090450286865234,9.580336570739746,1.9095497131347656,1.419663429260254,27.875259399414062,10.96371841430664,0.1247406005859375,0.036281585693359375
1573,12.0,12.999999046325684,12.529474258422852,12.651227951049805,0.5294742584228516,0.3487710952758789,11.716099739074707,12.336918830871582,0.28390026092529297,0.6630802154541016,12.03662109375,12.965496063232422,0.03662109375,0.03450298309326172
998,0.0,0.0,0.6138511896133423,0.09479042887687683,0.6138511896133423,0.09479042887687683,0.7718565464019775,0.8832480907440186,0.7718565464019775,0.8832480907440186,-0.002317070960998535,-0.04144600033760071,0.002317070960998535,0.04144600033760071
144,8.0,1.0,4.693811416625977,6.971522331237793,3.3061885833740234,5.971522331237793,11.608718872070312,15.689422607421875,3.6087188720703125,14.689422607421875,14.070385932922363,16.355607986450195,6.070385932922363,15.355607986450195
1410,0.0,0.0,25.93049430847168,2.6669421195983887,25.93049430847168,2.6669421195983887,27.038890838623047,3.8068466186523438,27.038890838623047,3.8068466186523438,-5.944732666015625,8.017472267150879,5.944732666015625,8.017472267150879
1072,5.0,8.0,5.219142913818359,6.016170501708984,0.21914291381835938,1.9838294982910156,6.090508460998535,6.453750133514404,1.0905084609985352,1.5462498664855957,4.640512943267822,7.37049674987793,0.35948705673217773,0.6295032501220703
153,0.0,0.0,0.0,0.0,0.0,0.0,-0.3568181097507477,-0.07884663343429565,0.3568181097507477,0.07884663343429565,-0.4365328252315521,0.06996649503707886,0.4365328252315521,0.06996649503707886
700,10.0,4.0,6.347659587860107,4.02431058883667,3.6523404121398926,0.024310588836669922,2.3260016441345215,1.7992089986801147,7.6739983558654785,2.2007908821105957,9.650511741638184,3.9924867153167725,0.3494882583618164,0.007513284683227539
1380,0.0,0.0,0.0,0.0,0.0,0.0,0.5834047198295593,0.4742737412452698,0.5834047198295593,0.4742737412452698,-0.0619845986366272,0.005375027656555176,0.0619845986366272,0.005375027656555176
1447,8.0,6.0,8.029702186584473,5.292572498321533,0.029702186584472656,0.7074275016784668,7.954288482666016,4.979523181915283,0.045711517333984375,1.0204768180847168,7.980810642242432,5.952687740325928,0.01918935775756836,0.047312259674072266
1320,7.0,10.0,7.703487873077393,9.887260437011719,0.7034878730773926,0.11273956298828125,6.465843200683594,8.379753112792969,0.5341567993164062,1.6202468872070312,6.9856061935424805,9.993363380432129,0.014393806457519531,0.006636619567871094
1147,2.0,1.0,1.592307686805725,0.22573739290237427,0.4076923131942749,0.7742626070976257,0.6753937005996704,0.6086635589599609,1.3246062994003296,0.39133644104003906,-0.8018521070480347,0.2155679166316986,2.801852226257324,0.784432053565979
1283,0.0,0.0,0.9382632970809937,0.2357262372970581,0.9382632970809937,0.2357262372970581,0.9893450736999512,0.7777162790298462,0.9893450736999512,0.7777162790298462,-0.04271681606769562,0.020670711994171143,0.04271681606769562,0.020670711994171143
316,16.0,4.0,12.328758239746094,3.6211233139038086,3.6712417602539062,0.3788766860961914,9.188036918640137,4.328271389007568,6.811963081359863,0.32827138900756836,16.059511184692383,3.995511293411255,0.05951118469238281,0.004488706588745117
701,1.0,1.0,6.05879545211792,1.7114207744598389,5.05879545211792,0.7114207744598389,3.7469451427459717,1.7702882289886475,2.7469451427459717,0.7702882289886475,2.03182053565979,1.533671498298645,1.03182053565979,0.533671498298645
151,11.0,3.0,6.873265743255615,2.716623306274414,4.126734256744385,0.28337669372558594,3.268092393875122,2.0651185512542725,7.731907844543457,0.9348814487457275,11.098779678344727,3.0602924823760986,0.09877967834472656,0.06029248237609863
1477,13.0,11.0,12.549077033996582,9.93173885345459,0.45092296600341797,1.0682611465454102,12.579370498657227,11.288171768188477,0.42062950134277344,0.28817176818847656,13.021305084228516,10.987857818603516,0.021305084228515625,0.012142181396484375
56,0.0,0.0,0.0,0.0,0.0,0.0,-0.271357923746109,0.07115961611270905,0.271357923746109,0.07115961611270905,0.026654183864593506,-0.10921967029571533,0.026654183864593506,0.10921967029571533
1226,0.0,0.0,0.0,1.1583607196807861,0.0,1.1583607196807861,0.17651930451393127,0.2586992681026459,0.17651930451393127,0.2586992681026459,0.664639413356781,0.3300308287143707,0.664639413356781,0.3300308287143707
71,0.0,0.0,0.0,0.3501412868499756,0.0,0.3501412868499756,0.10308998823165894,0.18815580010414124,0.10308998823165894,0.18815580010414124,-0.3741794228553772,0.22104915976524353,0.3741794228553772,0.22104915976524353
549,6.0,2.0,5.6699137687683105,2.5407724380493164,0.33008623123168945,0.5407724380493164,3.0045368671417236,1.5603110790252686,2.9954631328582764,0.43968892097473145,6.04010534286499,2.038287878036499,0.040105342864990234,0.03828787803649902
1522,3.0,2.0,2.561358690261841,3.052013874053955,0.4386413097381592,1.052013874053955,7.083280563354492,4.601558208465576,4.083280563354492,2.601558208465576,2.066803216934204,3.1431386470794678,0.9331967830657959,1.1431386470794678
222,7.0,2.0,4.587214469909668,2.706803798675537,2.412785530090332,0.7068037986755371,2.66654896736145,1.609462022781372,4.333451271057129,0.39053797721862793,6.890209674835205,1.8204317092895508,0.10979032516479492,0.17956829071044922
38,0.0,0.0,0.0,0.0,0.0,0.0,0.11864293366670609,0.31036704778671265,0.11864293366670609,0.31036704778671265,0.09439900517463684,-0.014851480722427368,0.09439900517463684,0.014851480722427368
136,11.0,2.0,6.661198139190674,1.812863826751709,4.338801860809326,0.18713617324829102,2.470768690109253,1.1266065835952759,8.529231071472168,0.8733934164047241,11.018470764160156,2.1967337131500244,0.01847076416015625,0.19673371315002441
538,0.0,0.0,0.3817335069179535,1.691999077796936,0.3817335069179535,1.691999077796936,0.24365362524986267,0.4342431426048279,0.24365362524986267,0.4342431426048279,-0.0217982679605484,-0.12851941585540771,0.0217982679605484,0.12851941585540771
1036,3.0,2.0,1.5053398609161377,1.332255482673645,1.4946601390838623,0.667744517326355,4.6709699630737305,1.922536015510559,1.6709699630737305,0.07746398448944092,2.9685139656066895,1.2500240802764893,0.03148603439331055,0.7499759197235107
1584,0.0,0.0,0.0015735626220703125,0.8732351064682007,0.0015735626220703125,0.8732351064682007,0.7067715525627136,0.6568673253059387,0.7067715525627136,0.6568673253059387,0.3960706293582916,0.3417912423610687,0.3960706293582916,0.3417912423610687
485,3.0,10.0,3.303800344467163,10.226371765136719,0.3038003444671631,0.22637176513671875,2.535181999206543,9.556244850158691,0.46481800079345703,0.4437551498413086,2.720548152923584,10.0418119430542,0.279451847076416,0.04181194305419922
1367,13.0,4.0,1.3895275592803955,2.8513612747192383,11.610472679138184,1.1486387252807617,0.9952847361564636,0.8571414947509766,12.004714965820312,3.1428585052490234,13.347824096679688,7.249420166015625,0.3478240966796875,3.249420166015625
767,1.0,1.0,0.0,0.0,1.0,1.0,0.9700266122817993,0.9011499881744385,0.029973387718200684,0.09885001182556152,1.1088546514511108,0.8071832060813904,0.10885465145111084,0.19281679391860962
577,9.0,6.0,7.348659515380859,5.467106819152832,1.6513404846191406,0.532893180847168,8.916096687316895,5.915665149688721,0.08390331268310547,0.0843348503112793,9.12129020690918,6.157665252685547,0.12129020690917969,0.15766525268554688
678,4.0,1.0,2.720627784729004,0.8331764936447144,1.279372215270996,0.16682350635528564,6.759990692138672,2.165970802307129,2.759990692138672,1.165970802307129,3.800686836242676,1.1136722564697266,0.19931316375732422,0.11367225646972656
821,12.0,4.0,11.62942123413086,5.532215595245361,0.3705787658691406,1.5322155952453613,12.248720169067383,5.530233860015869,0.2487201690673828,1.5302338600158691,12.538780212402344,4.59109354019165,0.5387802124023438,0.5910935401916504
844,1.0,19.0,0.8608056306838989,19.499835968017578,0.13919436931610107,0.4998359680175781,2.7541604042053223,18.722808837890625,1.7541604042053223,0.277191162109375,1.079995036125183,19.101512908935547,0.0799950361251831,0.10151290893554688
790,9.0,2.0,7.602102279663086,1.1790940761566162,1.397897720336914,0.8209059238433838,8.661803245544434,2.731799840927124,0.3381967544555664,0.731799840927124,9.08151626586914,2.191967725753784,0.08151626586914062,0.19196772575378418
201,5.0,2.0,0.8779259920120239,1.8223215341567993,4.122074127197266,0.17767846584320068,0.8645883202552795,0.6767935752868652,4.135411739349365,1.3232064247131348,2.8120155334472656,1.522792935371399,2.1879844665527344,0.4772070646286011
1180,15.0,6.0,15.071014404296875,5.985236167907715,0.071014404296875,0.014763832092285156,14.773805618286133,5.88913106918335,0.2261943817138672,0.11086893081665039,15.223057746887207,5.683814525604248,0.22305774688720703,0.31618547439575195
386,12.0,5.0,8.652795791625977,4.230613708496094,3.3472042083740234,0.7693862915039062,10.906949043273926,4.235587120056152,1.0930509567260742,0.7644128799438477,12.137453079223633,5.1303205490112305,0.1374530792236328,0.13032054901123047
937,7.0,3.0,6.0933451652526855,3.882706642150879,0.9066548347473145,0.8827066421508789,7.19442081451416,3.359813928604126,0.19442081451416016,0.359813928604126,7.465343952178955,4.058017253875732,0.4653439521789551,1.0580172538757324
525,2.0,2.0,2.2499446868896484,2.02966046333313,0.24994468688964844,0.029660463333129883,0.9059946537017822,0.7004178166389465,1.0940053462982178,1.2995822429656982,2.104038715362549,2.0307865142822266,0.10403871536254883,0.030786514282226562
600,13.0,11.0,12.549077033996582,9.93173885345459,0.45092296600341797,1.0682611465454102,12.579370498657227,11.288171768188477,0.42062950134277344,0.28817176818847656,13.021305084228516,10.987857818603516,0.021305084228515625,0.012142181396484375
1426,6.0,3.0,6.681274890899658,3.7757816314697266,0.6812748908996582,0.7757816314697266,8.123398780822754,3.9923853874206543,2.123398780822754,0.9923853874206543,6.034772872924805,2.88832950592041,0.03477287292480469,0.11167049407958984
822,9.0,2.0,7.710031032562256,1.9489691257476807,1.2899689674377441,0.051030874252319336,3.3233721256256104,2.390404462814331,5.676628112792969,0.39040446281433105,9.148548126220703,2.112851619720459,0.14854812622070312,0.11285161972045898
745,1.0,1.0,1.8959733247756958,0.6494640111923218,0.8959733247756958,0.3505359888076782,3.1893463134765625,1.501275897026062,2.1893463134765625,0.501275897026062,0.7149929404258728,0.5562015771865845,0.2850070595741272,0.4437984228134155
1035,17.0,9.0,15.266336441040039,9.106998443603516,1.733663558959961,0.10699844360351562,17.184125900268555,9.170136451721191,0.1841259002685547,0.1701364517211914,17.087512969970703,9.024195671081543,0.08751296997070312,0.02419567108154297
1381,0.0,0.0,0.0,0.0,0.0,0.0,0.385648250579834,0.36986541748046875,0.385648250579834,0.36986541748046875,-0.1777988076210022,0.15505197644233704,0.1777988076210022,0.15505197644233704
1224,7.0,4.0,3.9744160175323486,3.5539462566375732,3.0255839824676514,0.44605374336242676,3.958685874938965,1.8018420934677124,3.041314125061035,2.198157787322998,6.953526973724365,3.6969926357269287,0.046473026275634766,0.3030073642730713
874,0.0,0.0,0.0,0.4251379370689392,0.0,0.4251379370689392,0.41323769092559814,0.5271772146224976,0.41323769092559814,0.5271772146224976,-0.13868938386440277,-0.035849034786224365,0.13868938386440277,0.035849034786224365
290,6.0,3.0,5.214577674865723,4.259563446044922,0.7854223251342773,1.2595634460449219,5.134749412536621,3.131312847137451,0.8652505874633789,0.13131284713745117,6.077985763549805,3.0222654342651367,0.07798576354980469,0.02226543426513672
1449,0.0,0.0,0.0,0.2826462686061859,0.0,0.2826462686061859,0.09908084571361542,0.19926384091377258,0.09908084571361542,0.19926384091377258,0.1151479035615921,0.09608107805252075,0.1151479035615921,0.09608107805252075
884,2.0,2.0,1.1380314826965332,0.45074963569641113,0.8619685173034668,1.5492503643035889,1.7777050733566284,1.3217819929122925,0.22229492664337158,0.6782180070877075,2.013867139816284,2.1653823852539062,0.01386713981628418,0.16538238525390625
1243,0.0,0.0,1.4757740497589111,0.42250221967697144,1.4757740497589111,0.42250221967697144,2.36122465133667,1.6147183179855347,2.36122465133667,1.6147183179855347,0.07663594186306,0.2635117471218109,0.07663594186306,0.2635117471218109
901,1.0,2.0,1.2969096899032593,1.3783166408538818,0.2969096899032593,0.6216833591461182,0.8719395399093628,0.8914878368377686,0.1280604600906372,1.1085121631622314,0.9659447073936462,1.88889741897583,0.03405529260635376,0.11110258102416992
1539,5.0,5.0,4.107145309448242,5.24542760848999,0.8928546905517578,0.24542760848999023,7.527861595153809,3.571160316467285,2.5278615951538086,1.4288396835327148,5.117494106292725,4.9632391929626465,0.11749410629272461,0.036760807037353516
1405,1.0,2.0,0.0,2.210273265838623,1.0,0.21027326583862305,0.9428693652153015,0.6355578303337097,0.057130634784698486,1.3644421100616455,1.0179022550582886,1.98883855342865,0.017902255058288574,0.011161446571350098
322,13.0,7.0,11.263717651367188,8.899163246154785,1.7362823486328125,1.8991632461547852,11.743035316467285,4.958288192749023,1.2569646835327148,2.0417118072509766,15.708266258239746,7.679823398590088,2.708266258239746,0.6798233985900879
