data_index,predicted_y_cet,predicted_d_cet,ground_truth_y_cet,ground_truth_d_cet,mae_loss_y_cet,mse_loss_y_cet,mae_loss_d_cet,mse_loss_d_cet,predicted_y_cevae,predicted_d_cevae,ground_truth_y_cevae,ground_truth_d_cevae,mae_loss_y_cevae,mse_loss_y_cevae,mae_loss_d_cevae,mse_loss_d_cevae,predicted_y_itransformer,predicted_d_itransformer,ground_truth_y,ground_truth_d,mae_loss_y_itransformer,mse_loss_y_itransformer,mae_loss_d_itransformer,mse_loss_d_itransformer,combined_loss_cet,combined_loss_cevae,combined_loss_itransformer
255,8.874494880437851,8.912277102470398,8.000000238418579,6.9999998807907104,0.8744945526123047,0.7647407054901123,1.9122772216796875,3.656804084777832,4.009512305259705,2.3979391306638718,8.000000238418579,6.9999998807907104,3.990487575531006,15.923991203308105,4.602060794830322,21.17896270751953,4.15653321146965,3.562141567468643,8.000000238418579,6.9999998807907104,3.8434667587280273,14.772236824035645,3.4378583431243896,11.818869590759277,1.393385887145996,4.296274185180664,3.6406625509262085
844,0.8608056306838989,19.49983584880829,1.0000000298023224,19.00000023841858,0.13919436931610107,0.019375072792172432,0.4998359680175781,0.2498359978199005,2.7541604340076447,18.722808003425598,1.0000000298023224,19.00000023841858,1.7541604042053223,3.0770788192749023,0.277191162109375,0.07683493942022324,1.079995036125183,19.10151207447052,1.0000000298023224,19.00000023841858,0.0799950361251831,0.006399205885827541,0.10151290893554688,0.010304871015250683,0.3195151686668396,1.0156757831573486,0.09075397253036499
698,0.0,3.6972804367542267,1.0000000298023224,5.000000149011612,1.0,1.0,1.3027195930480957,1.6970783472061157,2.7438703179359436,3.496088981628418,1.0000000298023224,5.000000149011612,1.7438702583312988,3.041083574295044,1.503911018371582,2.2617483139038086,0.8978477865457535,4.88928034901619,1.0000000298023224,5.000000149011612,0.10215222835540771,0.010435077361762524,0.11071968078613281,0.012258848175406456,1.1513597965240479,1.6238906383514404,0.10643595457077026
983,3.142352432012558,0.0,0.0,0.0,3.142352342605591,9.874378204345703,0.0,0.0,4.776948630809784,1.4793853908777237,0.0,0.0,4.77694845199585,22.819236755371094,1.4793853759765625,2.1885809898376465,-0.025156840682029724,-0.03385913372039795,0.0,0.0,0.025156840682029724,0.0006328666349872947,0.03385913372039795,0.0011464409762993455,1.5711761713027954,3.128166913986206,0.029507987201213837
398,9.071232497692108,3.2708443105220795,11.000000327825546,3.000000089406967,1.928767204284668,3.7201428413391113,0.2708442211151123,0.07335659116506577,8.754550069570541,2.2513162046670914,11.000000327825546,3.000000089406967,2.245450019836426,5.042045593261719,0.7486836910247803,0.5605272650718689,11.137251377105713,2.9781026542186737,11.000000327825546,3.000000089406967,0.1372509002685547,0.018837809562683105,0.021897315979003906,0.0004794924461748451,1.0998057126998901,1.497066855430603,0.0795741081237793
304,4.899890094995499,0.0,7.000000208616257,1.0000000298023224,2.1001100540161133,4.410462379455566,1.0,1.0,3.1614611372351646,1.276614472270012,7.000000208616257,1.0000000298023224,3.838538885116577,14.734380722045898,0.2766144275665283,0.07651554048061371,7.014089494943619,0.9168497025966644,7.000000208616257,1.0000000298023224,0.014089584350585938,0.00019851638353429735,0.08315026760101318,0.006913966964930296,1.5500550270080566,2.0575766563415527,0.04861992597579956
998,0.6138512045145035,0.09479042887687683,0.0,0.0,0.6138511896133423,0.37681329250335693,0.09479042887687683,0.008985225111246109,0.7718565613031387,0.8832480758428574,0.0,0.0,0.7718565464019775,0.5957625508308411,0.8832480907440186,0.7801271677017212,-0.002317070960998535,-0.04144600033760071,0.0,0.0,0.002317070960998535,5.368817710404983e-06,0.04144600033760071,0.0017177709378302097,0.35432080924510956,0.827552318572998,0.02188153564929962
714,0.0,0.1236695647239685,0.0,0.0,0.0,0.0,0.1236695647239685,0.01529416162520647,0.150801882147789,0.24462637305259705,0.0,0.0,0.150801882147789,0.022741207852959633,0.24462637305259705,0.0598420612514019,0.0024370551109313965,-0.05008813738822937,0.0,0.0,0.0024370551109313965,5.939237780694384e-06,0.05008813738822937,0.0025088214315474033,0.06183478236198425,0.19771412760019302,0.026262596249580383
201,0.8779259920120239,1.8223215639591217,5.000000149011612,2.0000000596046448,4.122074127197266,16.99149513244629,0.17767846584320068,0.03156963735818863,0.8645883277058601,0.6767935454845428,5.000000149011612,2.0000000596046448,4.135411739349365,17.10163116455078,1.3232064247131348,1.7508752346038818,2.812015414237976,1.522792935371399,5.000000149011612,2.0000000596046448,2.1879844665527344,4.787275791168213,0.4772070646286011,0.22772657871246338,2.149876296520233,2.72930908203125,1.3325957655906677
1380,0.0,0.0,0.0,0.0,0.0,0.0,0.0,0.0,0.5834047347307205,0.4742737412452698,0.0,0.0,0.5834047198295593,0.3403610587120056,0.4742737412452698,0.22493557631969452,-0.0619845986366272,0.005375027656555176,0.0,0.0,0.0619845986366272,0.0038420904893428087,0.005375027656555176,2.8890923204016872e-05,0.0,0.5288392305374146,0.033679813146591187
488,3.6053407788276672,5.950778484344482,5.000000149011612,6.000000178813934,1.3946592807769775,1.9450745582580566,0.04922151565551758,0.0024227576795965433,2.5270432233810425,3.1450684666633606,5.000000149011612,6.000000178813934,2.472956657409668,6.115514755249023,2.854931592941284,8.150634765625,4.263191252946854,5.905905723571777,5.000000149011612,6.000000178813934,0.7368087768554688,0.5428871512413025,0.09409427642822266,0.008853732608258724,0.7219403982162476,2.663944125175476,0.4154515266418457
641,7.147402703762054,5.573938429355621,7.000000208616257,6.000000178813934,0.14740276336669922,0.02172757498919964,0.42606163024902344,0.1815285086631775,8.629671156406403,6.10934180021286,7.000000208616257,6.000000178813934,1.6296710968017578,2.6558279991149902,0.10934162139892578,0.01195558998733759,7.080227315425873,5.7267162799835205,7.000000208616257,6.000000178813934,0.08022737503051758,0.006436431780457497,0.2732839584350586,0.07468412071466446,0.28673219680786133,0.8695063591003418,0.17675566673278809
1466,0.0,1.0997999608516693,1.0000000298023224,1.0000000298023224,1.0,1.0,0.0997999906539917,0.009960038587450981,3.1864016130566597,1.6593219488859177,1.0000000298023224,1.0000000298023224,2.186401605606079,4.7803521156311035,0.6593219041824341,0.43470537662506104,1.104365587234497,0.8711150884628296,1.0000000298023224,1.0000000298023224,0.10436558723449707,0.010892176069319248,0.1288849115371704,0.01661132089793682,0.5498999953269958,1.4228617548942566,0.11662524938583374
1224,3.974415957927704,3.5539462566375732,7.000000208616257,4.0000001192092896,3.0255839824676514,9.154158592224121,0.44605374336242676,0.1989639401435852,3.958685986697674,1.801842138171196,7.000000208616257,4.0000001192092896,3.041314125061035,9.249591827392578,2.198157787322998,4.831897735595703,6.953527003526688,3.6969926059246063,7.000000208616257,4.0000001192092896,0.046473026275634766,0.002159742172807455,0.3030073642730713,0.09181345999240875,1.735818862915039,2.6197359561920166,0.17474019527435303
1492,0.8064896911382675,0.0,0.0,0.0,0.8064897060394287,0.6504256725311279,0.0,0.0,2.8093142956495285,2.941920220851898,0.0,0.0,2.809314250946045,7.892246723175049,2.941920280456543,8.654894828796387,0.04295875132083893,0.15616723895072937,0.0,0.0,0.04295875132083893,0.0018454543314874172,0.15616723895072937,0.024388207122683525,0.40324485301971436,2.875617265701294,0.09956299513578415
648,12.157679200172424,5.492453455924988,12.000000357627869,5.000000149011612,0.15767955780029297,0.02486284263432026,0.49245357513427734,0.24251052737236023,8.02709698677063,7.06958544254303,12.000000357627869,5.000000149011612,3.972903251647949,15.783960342407227,2.0695853233337402,4.283183574676514,11.880834460258484,4.976333111524582,12.000000357627869,5.000000149011612,0.11916542053222656,0.01420039776712656,0.023666858673095703,0.0005601202137768269,0.32506656646728516,3.0212442874908447,0.07141613960266113
678,2.7206278145313263,0.8331764936447144,4.0000001192092896,1.0000000298023224,1.279372215270996,1.6367932558059692,0.16682350635528564,0.027830082923173904,6.759990602731705,2.1659707576036453,4.0000001192092896,1.0000000298023224,2.759990692138672,7.61754846572876,1.165970802307129,1.3594878911972046,3.800686776638031,1.1136722266674042,4.0000001192092896,1.0000000298023224,0.19931316375732422,0.039725735783576965,0.11367225646972656,0.012921381741762161,0.7230978608131409,1.9629807472229004,0.1564927101135254
1102,8.30581820011139,6.5755510330200195,9.000000268220901,6.000000178813934,0.6941814422607422,0.4818878769874573,0.5755510330200195,0.33125898241996765,10.984028667211533,5.370395481586456,9.000000268220901,6.000000178813934,1.9840288162231445,3.936370372772217,0.6296043395996094,0.39640161395072937,9.163740277290344,5.711659908294678,9.000000268220901,6.000000178813934,0.1637401580810547,0.026810839772224426,0.28834009170532227,0.08314000815153122,0.6348662376403809,1.306816577911377,0.22604012489318848
874,0.0,0.4251379370689392,0.0,0.0,0.0,0.0,0.4251379370689392,0.1807422637939453,0.41323770582675934,0.52717724442482,0.0,0.0,0.41323769092559814,0.17076538503170013,0.5271772146224976,0.2779158055782318,-0.13868938386440277,-0.035849034786224365,0.0,0.0,0.13868938386440277,0.01923474483191967,0.035849034786224365,0.0012851533247157931,0.2125689685344696,0.47020745277404785,0.08726920932531357
1405,0.0,2.210273265838623,1.0000000298023224,2.0000000596046448,1.0,1.0,0.21027326583862305,0.044214844703674316,0.9428693801164627,0.6355578452348709,1.0000000298023224,2.0000000596046448,0.057130634784698486,0.0032639093697071075,1.3644421100616455,1.8617023229599,1.0179022550582886,1.9888385832309723,1.0000000298023224,2.0000000596046448,0.017902255058288574,0.0003204907407052815,0.011161446571350098,0.00012457788398023695,0.6051366329193115,0.710786372423172,0.014531850814819336
155,16.083318650722504,6.2259480357170105,15.000000447034836,6.9999998807907104,1.0833187103271484,1.173579454421997,0.7740521430969238,0.5991567373275757,9.498800933361053,4.802216112613678,15.000000447034836,6.9999998807907104,5.501198768615723,30.263187408447266,2.197783946990967,4.830254077911377,15.11606740951538,6.98477566242218,15.000000447034836,6.9999998807907104,0.11606788635253906,0.013471754267811775,0.015224456787109375,0.0002317840844625607,0.9286854267120361,3.8494913578033447,0.06564617156982422
1092,0.0,0.0,0.0,0.0,0.0,0.0,0.0,0.0,0.36132538318634033,0.4767807871103287,0.0,0.0,0.36132538318634033,0.13055603206157684,0.4767807722091675,0.22731991112232208,-0.008231699466705322,-0.01857820153236389,0.0,0.0,0.008231699466705322,6.776087684556842e-05,0.01857820153236389,0.0003451495722401887,0.0,0.4190530776977539,0.013404950499534607
1381,0.0,0.0,0.0,0.0,0.0,0.0,0.0,0.0,0.3856482356786728,0.36986540257930756,0.0,0.0,0.385648250579834,0.14872457087039948,0.36986541748046875,0.13680042326450348,-0.1777988076210022,0.15505197644233704,0.0,0.0,0.1777988076210022,0.03161241486668587,0.15505197644233704,0.02404111623764038,0.0,0.37775683403015137,0.16642539203166962
1317,0.5626401007175446,0.3987627327442169,1.0000000298023224,1.0000000298023224,0.43735992908477783,0.1912837028503418,0.6012372970581055,0.3614862859249115,2.598208576440811,1.275414139032364,1.0000000298023224,1.0000000298023224,1.5982086658477783,2.5542709827423096,0.2754141092300415,0.07585293054580688,1.388933077454567,1.2456344664096832,1.0000000298023224,1.0000000298023224,0.38893306255340576,0.15126892924308777,0.24563443660736084,0.06033627688884735,0.5192986130714417,0.9368113875389099,0.3172837495803833
753,7.483838751912117,10.284276843070984,7.000000208616257,10.000000298023224,0.4838385581970215,0.23409974575042725,0.28427696228027344,0.08081339299678802,5.755741462111473,9.242021083831787,7.000000208616257,10.000000298023224,1.2442584037780762,1.548179030418396,0.7579784393310547,0.5745313167572021,7.055597126483917,9.989403009414673,7.000000208616257,10.000000298023224,0.05559730529785156,0.003091060323640704,0.01059722900390625,0.00011230126256123185,0.38405776023864746,1.0011184215545654,0.033097267150878906
1530,0.0,8.799022555351257,3.000000089406967,8.999999940395355,3.0,9.0,0.20097732543945312,0.04039188474416733,1.8225371092557907,6.0775938630104065,3.000000089406967,8.999999940395355,1.1774629354476929,1.3864189386367798,2.9224061965942383,8.540457725524902,3.0033311247825623,9.025346755981445,3.000000089406967,8.999999940395355,0.0033311843872070312,1.1096789421571884e-05,0.025346755981445312,0.0006424580351449549,1.6004886627197266,2.0499345660209656,0.014338970184326172
582,18.750658750534058,6.81059867143631,24.99999976158142,6.9999998807907104,6.24934196472168,39.05427551269531,0.18940114974975586,0.035872794687747955,17.15815633535385,5.222892343997955,24.99999976158142,6.9999998807907104,7.84184455871582,61.49452590942383,1.7771077156066895,3.158111810684204,24.96847540140152,7.023295164108276,24.99999976158142,6.9999998807907104,0.031524658203125,0.0009938040748238564,0.02329540252685547,0.0005426757852546871,3.2193715572357178,4.809476137161255,0.027410030364990234
1410,25.93049454689026,2.6669421195983887,0.0,0.0,25.93049430847168,672.3905639648438,2.6669421195983887,7.112580299377441,27.038890421390533,3.8068466186523438,0.0,0.0,27.038890838623047,731.1016235351562,3.8068466186523438,14.492081642150879,-5.94473272562027,8.0174720287323,0.0,0.0,5.944732666015625,35.339847564697266,8.017472267150879,64.27986145019531,14.298718214035034,15.422868728637695,6.981102466583252
485,3.3038004487752914,10.226371705532074,3.000000089406967,10.000000298023224,0.3038003444671631,0.09229464828968048,0.22637176513671875,0.05124417692422867,2.5351819843053818,9.556245148181915,3.000000089406967,10.000000298023224,0.46481800079345703,0.21605578064918518,0.4437551498413086,0.19691863656044006,2.720548152923584,10.04181182384491,3.000000089406967,10.000000298023224,0.279451847076416,0.07809333503246307,0.04181194305419922,0.001748238573782146,0.2650860548019409,0.4542865753173828,0.16063189506530762
204,3.1986953169107437,6.096354007720947,2.0000000596046448,6.000000178813934,1.198695421218872,1.4368706941604614,0.09635400772094727,0.009284094907343388,3.1142761409282684,3.22881543636322,2.0000000596046448,6.000000178813934,1.1142761707305908,1.241611361503601,2.7711844444274902,7.6794633865356445,3.9001457691192627,4.893900066614151,2.0000000596046448,6.000000178813934,1.9001457691192627,3.6105539798736572,1.106100082397461,1.2234573364257812,0.6475247144699097,1.9427303075790405,1.5031229257583618
1308,6.521522596478462,2.049420416355133,5.000000149011612,1.0000000298023224,1.5215225219726562,2.315030813217163,1.0494203567504883,1.101283073425293,9.34954458475113,3.663988769054413,5.000000149011612,1.0000000298023224,4.349544525146484,18.918537139892578,2.6639888286590576,7.096836566925049,4.549135118722916,1.3475980460643768,5.000000149011612,1.0000000298023224,0.4508647918701172,0.2032790631055832,0.3475980758666992,0.1208244189620018,1.2854714393615723,3.506766676902771,0.3992314338684082
945,0.47685733437538147,3.311173737049103,1.0000000298023224,4.0000001192092896,0.5231426954269409,0.2736782729625702,0.688826322555542,0.4744817018508911,2.96191643178463,2.454352006316185,1.0000000298023224,4.0000001192092896,1.961916446685791,3.849116086959839,1.5456480979919434,2.3890280723571777,0.8857298791408539,3.991507798433304,1.0000000298023224,4.0000001192092896,0.11427009105682373,0.013057653792202473,0.008492231369018555,7.211799675133079e-05,0.6059845089912415,1.7537822723388672,0.06138116121292114
643,8.964832127094269,2.3165823370218277,11.000000327825546,2.0000000596046448,2.035167694091797,4.141907691955566,0.31658244132995605,0.10022444278001785,2.9648703038692474,1.7077362090349197,11.000000327825546,2.0000000596046448,8.03512954711914,64.56330871582031,0.2922637462615967,0.08541809767484665,10.936805069446564,1.8327831327915192,11.000000327825546,2.0000000596046448,0.06319522857666016,0.003993636928498745,0.16721689701080322,0.027961490675807,1.1758750677108765,4.163696646690369,0.11520606279373169
1251,0.9704726189374924,0.8112121820449829,0.0,0.0,0.9704726338386536,0.9418171048164368,0.8112121820449829,0.6580651998519897,1.0896596610546112,0.8192196488380432,0.0,0.0,1.0896596908569336,1.1873582601547241,0.8192196488380432,0.671120822429657,0.5946812778711319,0.46701502799987793,0.0,0.0,0.5946812629699707,0.35364580154418945,0.46701502799987793,0.21810303628444672,0.8908424079418182,0.9544396698474884,0.5308481454849243
1522,2.561358690261841,3.052013874053955,3.000000089406967,2.0000000596046448,0.4386413097381592,0.19240619242191315,1.052013874053955,1.1067332029342651,7.083280518651009,4.601558029651642,3.000000089406967,2.0000000596046448,4.083280563354492,16.673179626464844,2.601558208465576,6.7681050300598145,2.066803202033043,3.1431385576725006,3.000000089406967,2.0000000596046448,0.9331967830657959,0.8708562254905701,1.1431386470794678,1.3067659139633179,0.7453275918960571,3.342419385910034,1.0381677150726318
1327,10.137693911790848,5.366103261709213,10.000000298023224,6.000000178813934,0.1376943588256836,0.018959736451506615,0.6338968276977539,0.4018251895904541,9.374519973993301,5.338878333568573,10.000000298023224,6.000000178813934,0.6254796981811523,0.39122486114501953,0.6611218452453613,0.43708208203315735,9.918391406536102,5.846027731895447,10.000000298023224,6.000000178813934,0.08160877227783203,0.0066599915735423565,0.15397214889526367,0.023707423359155655,0.38579559326171875,0.6433007717132568,0.11779046058654785
595,8.260007858276367,11.321675539016724,9.000000268220901,12.000000357627869,0.7399921417236328,0.5475883483886719,0.6783246994018555,0.4601244032382965,8.315402179956436,11.127992272377014,9.000000268220901,12.000000357627869,0.6845979690551758,0.4686743915081024,0.8720073699951172,0.7603968381881714,9.087553292512894,11.921726107597351,9.000000268220901,12.000000357627869,0.08755302429199219,0.007665532175451517,0.07827377319335938,0.006126783788204193,0.7091584205627441,0.7783026695251465,0.08291339874267578
700,6.347659662365913,4.024310678243637,10.000000298023224,4.0000001192092896,3.6523404121398926,13.339590072631836,0.024310588836669922,0.0005910047329962254,2.3260016664862633,1.7992090433835983,10.000000298023224,4.0000001192092896,7.6739983558654785,58.89025115966797,2.2007908821105957,4.843480587005615,9.650512039661407,3.99248668551445,10.000000298023224,4.0000001192092896,0.3494882583618164,0.12214203923940659,0.007513284683227539,5.6449447583872825e-05,1.8383255004882812,4.937394618988037,0.17850077152252197
1109,10.213110834360123,12.969536542892456,11.000000327825546,13.999999761581421,0.7868890762329102,0.6191944479942322,1.0304632186889648,1.0618544816970825,11.633868724107742,12.790128111839294,11.000000327825546,13.999999761581421,0.6338691711425781,0.4017901122570038,1.2098722457885742,1.4637908935546875,11.007048904895782,13.955024719238281,11.000000327825546,13.999999761581421,0.007048606872558594,4.968285793438554e-05,0.04497528076171875,0.002022775821387768,0.9086761474609375,0.9218707084655762,0.026011943817138672
1454,4.228896930813789,4.687202453613281,3.000000089406967,5.000000149011612,1.2288970947265625,1.510188102722168,0.31279754638671875,0.09784230589866638,5.198619648814201,4.133198916912079,3.000000089406967,5.000000149011612,2.198619842529297,4.833929061889648,0.8668012619018555,0.7513444423675537,3.8099688291549683,5.516513228416443,3.000000089406967,5.000000149011612,0.8099689483642578,0.6560496687889099,0.5165133476257324,0.26678603887557983,0.7708473205566406,1.5327105522155762,0.6632411479949951
1447,8.029701724648476,5.292572319507599,8.000000238418579,6.000000178813934,0.029702186584472656,0.0008822198724374175,0.7074275016784668,0.5004536509513855,7.9542882442474365,4.979523181915283,8.000000238418579,6.000000178813934,0.045711517333984375,0.0020895428024232388,1.0204768180847168,1.0413728952407837,7.980810642242432,5.952687740325928,8.000000238418579,6.000000178813934,0.01918935775756836,0.0003682314418256283,0.047312259674072266,0.0022384498734027147,0.3685648441314697,0.5330941677093506,0.03325080871582031
1573,12.529474675655365,12.651228427886963,12.000000357627869,12.999999403953552,0.5294742584228516,0.2803429961204529,0.3487710952758789,0.12164127826690674,11.71610015630722,12.336918473243713,12.000000357627869,12.999999403953552,0.28390026092529297,0.0805993601679802,0.6630802154541016,0.43967536091804504,12.03662109375,12.96549642086029,12.000000357627869,12.999999403953552,0.03662109375,0.001341104507446289,0.03450298309326172,0.0011904558632522821,0.43912267684936523,0.47349023818969727,0.03556203842163086
765,5.006784170866013,1.9473801255226135,8.000000238418579,1.0000000298023224,2.993216037750244,8.959342002868652,0.9473800659179688,0.8975290060043335,1.007890708744526,0.9034608155488968,8.000000238418579,1.0000000298023224,6.992109298706055,48.889591217041016,0.0965391993522644,0.009319816716015339,6.997151076793671,3.795201927423477,8.000000238418579,1.0000000298023224,1.0028491020202637,1.0057063102722168,2.7952020168304443,7.813154220581055,1.9702980518341064,3.5443242490291595,1.899025559425354
42,8.00022840499878,1.6007905006408691,4.0000001192092896,2.0000000596046448,4.0002288818359375,16.0018310546875,0.39920949935913086,0.15936821699142456,14.812550783157349,8.370383441448212,4.0000001192092896,2.0000000596046448,10.81255054473877,116.91124725341797,6.370383262634277,40.581783294677734,2.1766413152217865,4.550085157155991,4.0000001192092896,2.0000000596046448,1.8233587741851807,3.3246371746063232,2.5500850677490234,6.502933979034424,2.199719190597534,8.591466903686523,2.186721920967102
136,6.661197915673256,1.8128637969493866,11.000000327825546,2.0000000596046448,4.338801860809326,18.8252010345459,0.18713617324829102,0.035019949078559875,2.470768690109253,1.1266065835952759,11.000000327825546,2.0000000596046448,8.529231071472168,72.7477798461914,0.8733934164047241,0.7628160715103149,11.018471002578735,2.196733742952347,11.000000327825546,2.0000000596046448,0.01847076416015625,0.0003411691286601126,0.19673371315002441,0.03870415315032005,2.2629690170288086,4.701312243938446,0.10760223865509033
96,0.6869205683469772,0.7797501087188721,1.0000000298023224,1.0000000298023224,0.3130794167518616,0.09801872074604034,0.22024989128112793,0.04851001501083374,0.7260388433933258,0.5749355256557465,1.0000000298023224,1.0000000298023224,0.2739611864089966,0.07505473494529724,0.42506444454193115,0.1806797832250595,1.1778062134981155,0.7360735833644867,1.0000000298023224,1.0000000298023224,0.17780625820159912,0.03161506727337837,0.2639263868331909,0.06965713948011398,0.26666465401649475,0.34951281547546387,0.22086632251739502
316,12.328757911920547,3.621123284101486,16.000000476837158,4.0000001192092896,3.6712417602539062,13.478015899658203,0.3788766860961914,0.14354754984378815,9.188037067651749,4.328271508216858,16.000000476837158,4.0000001192092896,6.811963081359863,46.40283966064453,0.32827138900756836,0.10776210576295853,16.05951064825058,3.9955112040042877,16.000000476837158,4.0000001192092896,0.05951118469238281,0.0035415810998529196,0.004488706588745117,2.014848723774776e-05,2.025059223175049,3.570117235183716,0.031999945640563965
1371,26.326332092285156,11.329045057296753,28.000000834465027,11.0,1.6736679077148438,2.801164150238037,0.32904529571533203,0.1082708090543747,26.09045112133026,9.580336391925812,28.000000834465027,11.0,1.9095497131347656,3.6463801860809326,1.419663429260254,2.015444278717041,27.87525862455368,10.963718891143799,28.000000834465027,11.0,0.1247406005859375,0.015560217201709747,0.036281585693359375,0.0013163534458726645,1.001356601715088,1.6646065711975098,0.08051109313964844
301,7.703487932682037,9.887260437011719,7.000000208616257,10.000000298023224,0.7034878730773926,0.49489519000053406,0.11273956298828125,0.012710209004580975,6.465843066573143,8.379752695560455,7.000000208616257,10.000000298023224,0.5341567993164062,0.28532350063323975,1.6202468872070312,2.625200033187866,6.9856060445308685,9.99336314201355,7.000000208616257,10.000000298023224,0.014393806457519531,0.00020718167070299387,0.006636619567871094,4.40447183791548e-05,0.4081137180328369,1.0772018432617188,0.010515213012695312
710,0.0,1.5355001091957092,0.0,0.0,0.0,0.0,1.5355000495910645,2.357760429382324,3.898798406124115,18.04910159111023,0.0,0.0,3.8987984657287598,15.200629234313965,18.049100875854492,325.7700500488281,-3.1824354976415634,-1.2923559993505478,0.0,0.0,3.1824355125427246,10.12789535522461,1.292356014251709,1.6701840162277222,0.7677500247955322,10.973949670791626,2.237395763397217
428,15.196467608213425,4.8246921598911285,20.000000596046448,4.0000001192092896,4.803532600402832,23.073925018310547,0.8246922492980957,0.6801173090934753,9.245640277862549,2.268506720662117,20.000000596046448,4.0000001192092896,10.75436019897461,115.65626525878906,1.7314932346343994,2.9980688095092773,20.307868123054504,4.025566250085831,20.000000596046448,4.0000001192092896,0.30786895751953125,0.09478329867124557,0.02556610107421875,0.0006536255241371691,2.814112424850464,6.242926716804504,0.166717529296875
1066,9.889955163002014,3.327097535133362,11.000000327825546,3.000000089406967,1.1100444793701172,1.232198715209961,0.32709741592407227,0.10699272155761719,3.8763362914323807,1.5551839023828506,11.000000327825546,3.000000089406967,7.123663902282715,50.746585845947266,1.4448161125183105,2.087493658065796,10.94108122587204,2.913071244955063,11.000000327825546,3.000000089406967,0.05891895294189453,0.0034714429639279842,0.0869288444519043,0.00755662377923727,0.7185709476470947,4.284240007400513,0.07292389869689941
1463,0.0,0.18754670023918152,0.0,0.0,0.0,0.0,0.18754670023918152,0.03517376631498337,1.1050835251808167,0.8881613612174988,0.0,0.0,1.1050834655761719,1.2212094068527222,0.8881613612174988,0.788830578327179,0.012365251779556274,-0.08347159624099731,0.0,0.0,0.012365251779556274,0.00015289944713003933,0.08347159624099731,0.006967507302761078,0.09377335011959076,0.9966224133968353,0.047918424010276794
35,0.0,0.0,0.0,0.0,0.0,0.0,0.0,0.0,-0.2615364342927933,0.08906053006649017,0.0,0.0,0.2615364193916321,0.06840129941701889,0.08906053006649017,0.007931778207421303,-0.03604097664356232,-0.15545126795768738,0.0,0.0,0.03604097664356232,0.0012989520328119397,0.15545126795768738,0.024165097624063492,0.0,0.17529847472906113,0.09574612230062485
1584,0.0015735626220703125,0.8732351362705231,0.0,0.0,0.0015735626220703125,2.476099325576797e-06,0.8732351064682007,0.7625395655632019,0.7067715525627136,0.6568673253059387,0.0,0.0,0.7067715525627136,0.4995260238647461,0.6568673253059387,0.4314746856689453,0.3960706293582916,0.3417912423610687,0.0,0.0,0.3960706293582916,0.1568719446659088,0.3417912423610687,0.11682125180959702,0.4374043345451355,0.6818194389343262,0.3689309358596802
1455,3.1711579710245132,0.9051712453365326,2.0000000596046448,1.0000000298023224,1.1711580753326416,1.37161123752594,0.09482872486114502,0.008992486633360386,5.757968544960022,2.083642616868019,2.0000000596046448,1.0000000298023224,3.7579684257507324,14.122326850891113,1.0836427211761475,1.1742815971374512,2.0376416444778442,1.0285057723522186,2.0000000596046448,1.0000000298023224,0.03764152526855469,0.0014168844791129231,0.028505802154541016,0.0008125807507894933,0.6329934000968933,2.42080557346344,0.03307366371154785
990,0.0,0.9750538170337677,0.0,0.0,0.0,0.0,0.9750537872314453,0.9507299065589905,1.000856637954712,0.7690416872501373,0.0,0.0,1.000856637954712,1.0017139911651611,0.7690416574478149,0.5914250612258911,-0.44888627529144287,0.15232446789741516,0.0,0.0,0.44888627529144287,0.201498880982399,0.15232446789741516,0.023202743381261826,0.48752689361572266,0.8849491477012634,0.300605371594429
1072,5.219142839312553,6.016170501708984,5.000000149011612,8.000000238418579,0.21914291381835938,0.048023615032434464,1.9838294982910156,3.935579538345337,6.090508550405502,6.4537500739097595,5.000000149011612,8.000000238418579,1.0905084609985352,1.189208745956421,1.5462498664855957,2.3908886909484863,4.6405128836631775,7.370496511459351,5.000000149011612,8.000000238418579,0.35948705673217773,0.12923094630241394,0.6295032501220703,0.3962743282318115,1.1014862060546875,1.3183791637420654,0.494495153427124
151,6.873265966773033,2.7166234254837036,11.000000327825546,3.000000089406967,4.126734256744385,17.029935836791992,0.28337669372558594,0.08030235022306442,3.268092378973961,2.065118506550789,11.000000327825546,3.000000089406967,7.731907844543457,59.78239822387695,0.9348814487457275,0.8740033507347107,11.098779737949371,3.0602924525737762,11.000000327825546,3.000000089406967,0.09877967834472656,0.00975742470473051,0.06029248237609863,0.0036351834423840046,2.2050554752349854,4.333394646644592,0.0795360803604126
610,3.1986953169107437,6.096354007720947,2.0000000596046448,6.000000178813934,1.198695421218872,1.4368706941604614,0.09635400772094727,0.009284094907343388,3.1142761409282684,3.22881543636322,2.0000000596046448,6.000000178813934,1.1142761707305908,1.241611361503601,2.7711844444274902,7.6794633865356445,3.9001457691192627,4.893900066614151,2.0000000596046448,6.000000178813934,1.9001457691192627,3.6105539798736572,1.106100082397461,1.2234573364257812,0.6475247144699097,1.9427303075790405,1.5031229257583618
1089,0.0,0.19396814703941345,0.0,0.0,0.0,0.0,0.19396814703941345,0.03762364387512207,-0.04900221526622772,0.17835266888141632,0.0,0.0,0.04900221526622772,0.002401217119768262,0.17835266888141632,0.031809672713279724,0.07209621369838715,-0.04948723316192627,0.0,0.0,0.07209621369838715,0.0051978640258312225,0.04948723316192627,0.0024489862844347954,0.09698407351970673,0.11367744207382202,0.06079172343015671
745,1.8959733098745346,0.6494640409946442,1.0000000298023224,1.0000000298023224,0.8959733247756958,0.8027681708335876,0.3505359888076782,0.12287548184394836,3.1893463879823685,1.5012759417295456,1.0000000298023224,1.0000000298023224,2.1893463134765625,4.793237209320068,0.501275897026062,0.25127753615379333,0.7149929255247116,0.5562016069889069,1.0000000298023224,1.0000000298023224,0.2850070595741272,0.08122902363538742,0.4437984228134155,0.1969570368528366,0.623254656791687,1.3453111052513123,0.36440274119377136
1243,1.4757740646600723,0.42250221967697144,0.0,0.0,1.4757740497589111,2.1779091358184814,0.42250221967697144,0.17850813269615173,2.3612246364355087,1.6147183328866959,0.0,0.0,2.36122465133667,5.575381755828857,1.6147183179855347,2.6073153018951416,0.07663594186306,0.2635117471218109,0.0,0.0,0.07663594186306,0.005873067770153284,0.2635117471218109,0.06943844258785248,0.9491381347179413,1.9879714846611023,0.17007384449243546
1178,1.9738115519285202,4.40356582403183,4.0000001192092896,3.000000089406967,2.026188373565674,4.105439186096191,1.4035658836364746,1.9699971675872803,0.5383086428046227,0.6320974826812744,4.0000001192092896,3.000000089406967,3.461691379547119,11.983306884765625,2.3679025173187256,5.606962203979492,4.412124037742615,3.4528235495090485,4.0000001192092896,3.000000089406967,0.4121241569519043,0.1698463261127472,0.4528236389160156,0.20504924654960632,1.7148771286010742,2.9147969484329224,0.43247389793395996
1398,2.161844417452812,0.8861547410488129,1.0000000298023224,1.0000000298023224,1.1618444919586182,1.3498826026916504,0.11384522914886475,0.012960736639797688,4.307143807411194,1.5202406495809555,1.0000000298023224,1.0000000298023224,3.3071436882019043,10.937199592590332,0.5202406644821167,0.27065035700798035,1.915559247136116,1.1857056617736816,1.0000000298023224,1.0000000298023224,0.9155592918395996,0.8382487893104553,0.18570566177368164,0.034486591815948486,0.6378448605537415,1.9136921763420105,0.5506324768066406
967,9.177463710308075,8.226917803287506,8.000000238418579,8.999999940395355,1.1774635314941406,1.3864203691482544,0.7730817794799805,0.5976554155349731,9.553054422140121,7.847506940364838,8.000000238418579,8.999999940395355,1.5530548095703125,2.4119791984558105,1.1524930000305176,1.328240156173706,8.022478580474854,9.015550017356873,8.000000238418579,8.999999940395355,0.022478103637695312,0.0005052651395089924,0.015549659729003906,0.00024179191677831113,0.9752726554870605,1.352773904800415,0.01901388168334961
38,0.0,0.0,0.0,0.0,0.0,0.0,0.0,0.0,0.11864293366670609,0.31036703288555145,0.0,0.0,0.11864293366670609,0.014076145365834236,0.31036704778671265,0.09632770717144012,0.09439900517463684,-0.014851480722427368,0.0,0.0,0.09439900517463684,0.008911171928048134,0.014851480722427368,0.00022056647867430001,0.0,0.21450499072670937,0.054625242948532104
363,11.458980023860931,7.838546812534332,12.000000357627869,6.9999998807907104,0.541020393371582,0.2927030622959137,0.8385467529296875,0.7031606435775757,9.934664011001587,7.51298588514328,12.000000357627869,6.9999998807907104,2.065336227416992,4.265613555908203,0.5129857063293457,0.2631543278694153,12.045254051685333,7.020218849182129,12.000000357627869,6.9999998807907104,0.045253753662109375,0.0020479022059589624,0.020218849182128906,0.00040880186134018004,0.6897835731506348,1.289160966873169,0.03273630142211914
1416,0.3187378942966461,1.2723591327667236,0.0,0.0,0.3187378942966461,0.10159384459257126,1.2723591327667236,1.618897795677185,2.7031534016132355,1.530169501900673,0.0,0.0,2.703153371810913,7.307038307189941,1.5301694869995117,2.341418743133545,0.26194457709789276,0.547377198934555,0.0,0.0,0.26194459199905396,0.06861496716737747,0.5473772287368774,0.2996218204498291,0.7955485135316849,2.1166614294052124,0.4046609103679657
986,2.6683934032917023,0.8087679147720337,2.0000000596046448,1.0000000298023224,0.6683933734893799,0.4467496871948242,0.1912320852279663,0.036569710820913315,0.9487427026033401,0.6107784956693649,2.0000000596046448,1.0000000298023224,1.0512573719024658,1.1051421165466309,0.3892214894294739,0.1514933705329895,1.5153506398200989,0.49684256315231323,2.0000000596046448,1.0000000298023224,0.4846494197845459,0.2348850667476654,0.5031574368476868,0.25316742062568665,0.4298127293586731,0.7202394306659698,0.49390342831611633
525,2.249944746494293,2.029660403728485,2.0000000596046448,2.0000000596046448,0.24994468688964844,0.06247234717011452,0.029660463333129883,0.0008797430782578886,0.9059946611523628,0.7004178017377853,2.0000000596046448,2.0000000596046448,1.0940053462982178,1.196847677230835,1.2995822429656982,1.6889140605926514,2.1040386110544205,2.030786484479904,2.0000000596046448,2.0000000596046448,0.10403871536254883,0.010824054479598999,0.030786514282226562,0.0009478094871155918,0.13980257511138916,1.196793794631958,0.0674126148223877
712,8.66651514172554,13.515397548675537,10.000000298023224,13.999999761581421,1.3334846496582031,1.7781813144683838,0.4846019744873047,0.23483906686306,8.089944586157799,12.868985891342163,10.000000298023224,13.999999761581421,1.910055160522461,3.648310661315918,1.1310138702392578,1.279192328453064,10.399829775094986,14.22578763961792,10.000000298023224,13.999999761581421,0.3998298645019531,0.1598639190196991,0.22578811645507812,0.05098027363419533,0.9090433120727539,1.5205345153808594,0.3128089904785156
1283,0.9382632672786713,0.2357262372970581,0.0,0.0,0.9382632970809937,0.8803380131721497,0.2357262372970581,0.05556685850024223,0.9893450438976288,0.7777162790298462,0.0,0.0,0.9893450736999512,0.9788036942481995,0.7777162790298462,0.6048426032066345,-0.04271681606769562,0.020670711994171143,0.0,0.0,0.04271681606769562,0.0018247263506054878,0.020670711994171143,0.00042727834079414606,0.5869947671890259,0.8835306763648987,0.03169376403093338
1539,4.107145227491856,5.2454273998737335,5.000000149011612,5.000000149011612,0.8928546905517578,0.797189474105835,0.24542760848999023,0.060234710574150085,7.527861624956131,3.57116037607193,5.000000149011612,5.000000149011612,2.5278615951538086,6.390084266662598,1.4288396835327148,2.0415828227996826,5.117494136095047,4.963239103555679,5.000000149011612,5.000000149011612,0.11749410629272461,0.013804865069687366,0.036760807037353516,0.0013513569720089436,0.569141149520874,1.9783506393432617,0.07712745666503906
822,7.7100310027599335,1.9489690959453583,9.000000268220901,2.0000000596046448,1.2899689674377441,1.6640199422836304,0.051030874252319336,0.002604150213301182,3.3233721256256104,2.390404388308525,9.000000268220901,2.0000000596046448,5.676628112792969,32.22410583496094,0.39040446281433105,0.15241564810276031,9.148548513650894,2.112851709127426,9.000000268220901,2.0000000596046448,0.14854812622070312,0.022066546604037285,0.11285161972045898,0.012735487893223763,0.6704999208450317,3.03351628780365,0.13069987297058105
474,2.784876622259617,1.8872969150543213,1.0000000298023224,2.0000000596046448,1.7848765850067139,3.185784339904785,0.11270308494567871,0.01270198542624712,-0.034860558807849884,0.18146078288555145,1.0000000298023224,2.0000000596046448,1.034860610961914,1.0709364414215088,1.8185392618179321,3.3070850372314453,0.9623859822750092,1.9177312552928925,1.0000000298023224,2.0000000596046448,0.03761398792266846,0.00141481205355376,0.08226871490478516,0.006768141407519579,0.9487898349761963,1.426699936389923,0.05994135141372681
720,15.84931218624115,3.859888792037964,14.000000417232513,5.000000149011612,1.8493118286132812,3.419954299926758,1.1401112079620361,1.2998535633087158,12.101984918117523,3.586297392845154,14.000000417232513,5.000000149011612,1.898015022277832,3.602461099624634,1.4137024879455566,1.9985547065734863,14.54425048828125,4.914438337087631,14.000000417232513,5.000000149011612,0.54425048828125,0.29620859026908875,0.08556175231933594,0.0073208133690059185,1.4947115182876587,1.6558587551116943,0.31490612030029297
222,4.587214350700378,2.7068037390708923,7.000000208616257,2.0000000596046448,2.412785530090332,5.821534156799316,0.7068037986755371,0.49957162141799927,2.6665488928556442,1.6094619780778885,7.000000208616257,2.0000000596046448,4.333451271057129,18.778799057006836,0.39053797721862793,0.15251991152763367,6.890209794044495,1.820431649684906,7.000000208616257,2.0000000596046448,0.10979032516479492,0.012053915299475193,0.17956829071044922,0.03224477171897888,1.5597946643829346,2.3619946241378784,0.14467930793762207
309,10.522145748138428,4.589993000030518,12.000000357627869,5.000000149011612,1.477853775024414,2.184051752090454,0.4100069999694824,0.16810573637485504,5.29998117685318,2.680598184466362,12.000000357627869,5.000000149011612,6.700018882751465,44.89025115966797,2.319401741027832,5.379624366760254,11.884935557842255,5.075485914945602,12.000000357627869,5.000000149011612,0.11506462097167969,0.013239867053925991,0.0754857063293457,0.005698091816157103,0.9439303874969482,4.509710311889648,0.0952751636505127
549,5.669913947582245,2.540772393345833,6.000000178813934,2.0000000596046448,0.33008623123168945,0.10895691812038422,0.5407724380493164,0.29243484139442444,3.0045368671417236,1.5603110939264297,6.000000178813934,2.0000000596046448,2.9954631328582764,8.972799301147461,0.43968892097473145,0.19332635402679443,6.040105372667313,2.038287788629532,6.000000178813934,2.0000000596046448,0.040105342864990234,0.0016084385570138693,0.03828787803649902,0.0014659615699201822,0.43542933464050293,1.717576026916504,0.03919661045074463
729,10.209477871656418,10.705749690532684,10.000000298023224,12.000000357627869,0.20947742462158203,0.04388079047203064,1.29425048828125,1.6750843524932861,5.723540961742401,5.607138633728027,10.000000298023224,12.000000357627869,4.276459217071533,18.288103103637695,6.392861366271973,40.868675231933594,10.08485957980156,11.994142770767212,10.000000298023224,12.000000357627869,0.08485984802246094,0.007201193831861019,0.0058574676513671875,3.4309927286813036e-05,0.751863956451416,5.334660291671753,0.04535865783691406
262,16.15322908759117,6.820961236953735,16.999999523162842,6.9999998807907104,0.846771240234375,0.7170215249061584,0.17903900146484375,0.03205496445298195,14.258528888225555,4.961532771587372,16.999999523162842,6.9999998807907104,2.741471290588379,7.515665054321289,2.0384674072265625,4.155349254608154,16.870463848114014,6.869173884391785,16.999999523162842,6.9999998807907104,0.12953567504882812,0.016779491677880287,0.13082599639892578,0.01711544208228588,0.5129051208496094,2.3899693489074707,0.13018083572387695
56,0.0,0.0,0.0,0.0,0.0,0.0,0.0,0.0,-0.271357923746109,0.07115961611270905,0.0,0.0,0.271357923746109,0.07363512367010117,0.07115961611270905,0.005063691176474094,0.026654183864593506,-0.10921967029571533,0.0,0.0,0.026654183864593506,0.0007104455144144595,0.10921967029571533,0.011928936466574669,0.0,0.17125876992940903,0.06793692708015442
1426,6.681275099515915,3.7757815420627594,6.000000178813934,3.000000089406967,0.6812748908996582,0.46413546800613403,0.7757816314697266,0.601837158203125,8.123398527503014,3.9923853874206543,6.000000178813934,3.000000089406967,2.123398780822754,4.508822441101074,0.9923853874206543,0.984828770160675,6.034772962331772,2.8883295953273773,6.000000178813934,3.000000089406967,0.03477287292480469,0.001209152746014297,0.11167049407958984,0.012470299378037453,0.7285282611846924,1.557892084121704,0.07322168350219727
1230,0.5437337458133698,0.14279982447624207,0.0,0.0,0.5437337160110474,0.2956463396549225,0.14279982447624207,0.020391790196299553,0.5225624442100525,0.4853675216436386,0.0,0.0,0.5225624442100525,0.2730714976787567,0.4853675365447998,0.2355816513299942,0.1239200234413147,0.22225096821784973,0.0,0.0,0.1239200234413147,0.015356171876192093,0.22225096821784973,0.049395494163036346,0.3432667702436447,0.5039649903774261,0.17308549582958221
676,0.9989054203033447,7.118622899055481,2.0000000596046448,8.000000238418579,1.0010945796966553,1.002190351486206,0.8813772201538086,0.7768257856369019,3.3273866772651672,6.36055189371109,2.0000000596046448,8.000000238418579,1.3273866176605225,1.7619552612304688,1.6394481658935547,2.6877903938293457,1.7211500108242035,7.189464688301086,2.0000000596046448,8.000000238418579,0.2788499593734741,0.07775729894638062,0.8105354309082031,0.6569676995277405,0.9412358999252319,1.4834173917770386,0.5446926951408386
1013,2.4955286979675293,1.7287201583385468,3.000000089406967,1.0000000298023224,0.5044713020324707,0.25449129939079285,0.7287201881408691,0.5310330986976624,0.28306252509355545,0.3629564791917801,3.000000089406967,1.0000000298023224,2.71693754196167,7.381749629974365,0.6370435357093811,0.4058244526386261,2.869715988636017,0.9830822646617889,3.000000089406967,1.0000000298023224,0.13028407096862793,0.016973938792943954,0.016917705535888672,0.00028620875673368573,0.6165957450866699,1.6769905388355255,0.0736008882522583
901,1.296909660100937,1.3783166110515594,1.0000000298023224,2.0000000596046448,0.2969096899032593,0.0881553664803505,0.6216833591461182,0.38649019598960876,0.8719395697116852,0.8914878070354462,1.0000000298023224,2.0000000596046448,0.1280604600906372,0.016399482265114784,1.1085121631622314,1.2287992238998413,0.965944692492485,1.8888973593711853,1.0000000298023224,2.0000000596046448,0.03405529260635376,0.0011597629636526108,0.11110258102416992,0.012343783862888813,0.4592965245246887,0.6182863116264343,0.07257893681526184
1015,1.2990669161081314,1.1542603075504303,1.0000000298023224,1.0000000298023224,0.2990669012069702,0.08944100886583328,0.1542602777481079,0.023796232417225838,2.9773491472005844,1.4061642438173294,1.0000000298023224,1.0000000298023224,1.977349042892456,3.909909248352051,0.406164288520813,0.16496942937374115,2.358295351266861,1.4589397311210632,1.0000000298023224,1.0000000298023224,1.3582954406738281,1.8449665307998657,0.458939790725708,0.21062573790550232,0.22666358947753906,1.1917566657066345,0.9086176156997681
1320,7.703487932682037,9.887260437011719,7.000000208616257,10.000000298023224,0.7034878730773926,0.49489519000053406,0.11273956298828125,0.012710209004580975,6.465843066573143,8.379752695560455,7.000000208616257,10.000000298023224,0.5341567993164062,0.28532350063323975,1.6202468872070312,2.625200033187866,6.9856060445308685,9.99336314201355,7.000000208616257,10.000000298023224,0.014393806457519531,0.00020718167070299387,0.006636619567871094,4.40447183791548e-05,0.4081137180328369,1.0772018432617188,0.010515213012695312
1487,0.0,0.0,0.0,0.0,0.0,0.0,0.0,0.0,1.2404920309782028,0.6734562814235687,0.0,0.0,1.2404919862747192,1.5388203859329224,0.6734563112258911,0.45354339480400085,0.47548243403434753,0.09495434165000916,0.0,0.0,0.47548243403434753,0.22608354687690735,0.09495434165000916,0.009016326628625393,0.0,0.9569741487503052,0.28521838784217834
638,8.678368985652924,2.989024817943573,11.000000327825546,3.000000089406967,2.32163143157959,5.389972686767578,0.010975122451782227,0.00012045331095578149,6.806373327970505,2.2656988948583603,11.000000327825546,3.000000089406967,4.193626880645752,17.586505889892578,0.7343010902404785,0.539198100566864,10.899544090032578,3.0925308167934418,11.000000327825546,3.000000089406967,0.10045623779296875,0.010091455653309822,0.09253072738647461,0.008561935275793076,1.166303277015686,2.4639639854431152,0.09649348258972168
1359,0.0,4.696530401706696,1.0000000298023224,4.0000001192092896,1.0,1.0,0.6965303421020508,0.48515450954437256,2.743609942495823,4.078401565551758,1.0000000298023224,4.0000001192092896,1.74360990524292,3.040175437927246,0.07840156555175781,0.006146805360913277,1.0776494443416595,3.9256384670734406,1.0000000298023224,4.0000001192092896,0.07764947414398193,0.006029441021382809,0.07436156272888184,0.005529642105102539,0.8482651710510254,0.9110057353973389,0.07600551843643188
509,0.0,0.9675967693328857,0.0,0.0,0.0,0.0,0.9675967693328857,0.9362435340881348,1.2267218828201294,1.0254591256380081,0.0,0.0,1.2267218828201294,1.5048465728759766,1.0254591703414917,1.051566481590271,0.17609935998916626,-0.2175273299217224,0.0,0.0,0.17609935998916626,0.031010985374450684,0.2175273299217224,0.04731813818216324,0.48379838466644287,1.1260905265808105,0.19681334495544434
1449,0.0,0.2826462686061859,0.0,0.0,0.0,0.0,0.2826462686061859,0.07988891005516052,0.09908084571361542,0.19926384091377258,0.0,0.0,0.09908084571361542,0.009817014448344707,0.19926384091377258,0.03970607742667198,0.1151479035615921,0.09608107805252075,0.0,0.0,0.1151479035615921,0.013259039260447025,0.09608107805252075,0.009231573902070522,0.14132313430309296,0.149172343313694,0.10561449080705643
1316,0.8295010775327682,1.3739073574543,1.0000000298023224,1.0000000298023224,0.17049890756607056,0.02906987816095352,0.37390732765197754,0.13980668783187866,4.216573476791382,2.0103021413087845,1.0000000298023224,1.0000000298023224,3.216573715209961,10.346346855163574,1.0103020668029785,1.0207102298736572,1.580156832933426,1.3229458928108215,1.0000000298023224,1.0000000298023224,0.5801568031311035,0.33658191561698914,0.32294583320617676,0.10429400950670242,0.27220311760902405,2.1134378910064697,0.45155131816864014
1321,3.2846201956272125,3.659037619829178,4.0000001192092896,3.000000089406967,0.7153797149658203,0.5117681622505188,0.6590375900268555,0.434330552816391,7.596134573221207,4.7223551869392395,4.0000001192092896,3.000000089406967,3.596134662628174,12.932184219360352,1.7223553657531738,2.966507911682129,4.605953514575958,3.9443743526935577,4.0000001192092896,3.000000089406967,0.6059536933898926,0.36717987060546875,0.9443743228912354,0.8918428421020508,0.6872086524963379,2.659245014190674,0.775164008140564
1367,1.389527589082718,2.8513613641262054,13.000000387430191,4.0000001192092896,11.610472679138184,134.80307006835938,1.1486387252807617,1.3193708658218384,0.9952847510576248,0.857141524553299,13.000000387430191,4.0000001192092896,12.004714965820312,144.11317443847656,3.1428585052490234,9.877559661865234,13.34782361984253,7.2494200468063354,13.000000387430191,4.0000001192092896,0.3478240966796875,0.1209816038608551,3.249420166015625,10.558731079101562,6.379555702209473,7.573786735534668,1.7986221313476562
642,4.538338512182236,2.9316822290420532,4.0000001192092896,4.0000001192092896,0.5383386611938477,0.2898085117340088,1.0683178901672363,1.1413030624389648,3.0070518627762794,3.2794074416160583,4.0000001192092896,4.0000001192092896,0.992948055267334,0.9859458208084106,0.7205924987792969,0.5192535519599915,3.963757038116455,3.9681200683116913,4.0000001192092896,4.0000001192092896,0.03624296188354492,0.0013135522603988647,0.03187990188598633,0.0010163281112909317,0.803328275680542,0.8567702770233154,0.034061431884765625
679,6.292465969920158,2.0786613076925278,11.000000327825546,2.0000000596046448,4.707533836364746,22.16087532043457,0.07866120338439941,0.006187584716826677,3.499259054660797,1.4948358088731766,11.000000327825546,2.0000000596046448,7.500741004943848,56.26111602783203,0.5051641464233398,0.25519081950187683,7.429589688777924,4.599710077047348,11.000000327825546,2.0000000596046448,3.5704102516174316,12.74782943725586,2.599709987640381,6.7584919929504395,2.3930975198745728,4.002952575683594,3.0850601196289062
