Z,X1,X2,X3,X4,Ti,Td,Y,time,sample,treatment_effect
1.0036788072282576,0.8632192358891477,1.070891507934766,0.6453802528276416,0.9114221459726644,1.019824242797859,1.0,2.2318061074314346,0,0,0.9559238935916318
0.18204893046746204,0.1706269244907338,0.5474080559884793,0.03261545071349422,0.5679074873599266,0.7063934305308049,1.0,1.7205996952682603,0,1,1.0685782173614604
0.9880072029472184,0.6065508897502156,0.9950174767739554,0.5401086070342006,0.9136334443598317,0.9449300392811446,1.0,2.206545220132073,0,2,1.11164108909468
0.9663759512095834,0.7877242723515075,1.090707404137115,0.6001639248033976,0.960345810018918,0.9553784488811345,1.0,2.4581785567623227,0,3,0.9895457710847829
0.6351183559174095,0.5427727710325978,0.9249615418495172,0.3560005664248696,0.8923918640533125,0.8629300760435529,1.0,1.8940230828226357,0,4,1.129823203814473
-0.45292096504221857,-0.4623068993222935,-0.9504870455215803,-0.3832917427831299,-1.0200685964716185,0.1994132137079504,0.0,-1.0167887043025363,0,5,0.0
-0.5621256485459148,-0.26662997080864004,-0.9294357299018101,-0.20342935483622226,-0.92119040370856,0.1899932276120927,0.0,-0.8253883107953675,0,6,0.0
0.8559298954067434,0.548029693667044,1.0856223834057952,0.4836217939569283,1.0309433830155426,0.9026096216243142,1.0,2.0714954234964846,0,7,1.1389361963681717
-0.5254726971720177,-0.5222361241647869,-1.0213961752687954,-0.3811768992584703,-1.0129772795565763,0.12669974469290404,0.0,-0.9725922461079058,0,8,0.0
-0.906652203208496,-0.8043786037919458,-1.0529045068531009,-0.6667789142687882,-1.0801924129785954,0.04880491128272004,0.0,-1.0770281705092608,0,9,0.0
-0.5739180156572007,-0.4374213620384861,-0.947424022762289,-0.3479102856117579,-0.8820288409957849,0.06429424230387583,0.0,-0.8413897640547179,0,10,0.0
0.9372240454176424,0.546419962633239,1.0060816251443376,0.5345647106718701,0.9323344361258598,0.9886689109688417,1.0,2.054344065428563,0,11,1.1382609508874
0.9246340295604956,0.5994866661166187,1.0815509526052773,0.5439947703702142,1.0038986771581986,1.0123044278027844,1.0,2.032094683724208,0,12,1.1075143137043968
-0.9985560461138803,-0.6257750705128149,-0.9816523192222931,-0.5265251408590571,-0.9000411571468404,0.06873316829972147,0.0,-1.2913812266430562,0,13,0.0
0.9023683684571898,0.6467834795680383,1.087067487014757,0.5677880975805897,1.0532185043701199,0.9954295902999182,1.0,2.061304870838208,0,14,1.053677243982469
0.7032315649390549,0.5579838011492076,0.8759400720924951,0.5177063201982616,0.9382231925664398,0.9856143734396354,1.0,1.8511871273061236,0,15,1.0842221721251895
-0.6636553406094743,-0.5066243709881756,-0.8892861983175763,-0.46538528985763294,-0.8898610614486285,0.1370930231725701,0.0,-0.7948425635364377,0,16,0.0
-0.5776215889349993,-0.5480463022694109,-0.9942752335286291,-0.48064050952255627,-0.9396539844315033,0.06388567971043713,0.0,-0.8700975357639603,0,17,0.0
0.9365336102800887,0.7736820847737124,1.0788484054122802,0.5957364461487831,1.0096873747142958,0.9448705240113238,1.0,1.8982844118920785,0,18,0.9755891155033987
0.9340359235894649,0.6775356265704437,1.09247963119462,0.5732429254210204,1.002590532225074,0.9778773331904966,1.0,2.2638685179551654,0,19,1.0357562698400338
0.8369166538921748,0.5985454735089232,1.0030126754718707,0.5367412724555418,1.080672531304379,0.995230431301954,1.0,2.1856266501870687,0,20,1.1009426780303027
-0.9122435166412306,-0.554807271775515,-1.0535504564826799,-0.4809378250166647,-0.9489466394780671,0.04959373430931333,0.0,-0.8093315925363649,0,21,0.0
1.0324369199392922,1.021148973836896,1.081706208215109,0.7627335870648083,0.9194623117528411,0.9542006791360589,1.0,1.662621250441162,0,22,0.8084875278794059
-0.9622670716635283,-0.9972186690373026,-1.0708643506999083,-0.7656080534174654,-1.0396980797554052,0.0323843854729772,0.0,-1.0497631211074734,0,23,0.0
0.5542739809241274,0.47561391249383694,1.0078574367904078,0.296143263832039,0.9117928556072182,0.87917283312468,1.0,2.080315708453794,0,24,1.1175963238077145
-0.5924275430074591,-0.44098928713830077,-0.897080984189722,-0.2816884742486887,-0.8950209546952766,0.06433297221752006,0.0,-1.0086506043040269,0,25,0.0
-1.0745454775496648,-0.7792146055669813,-0.9259424980980554,-0.5878442170833789,-0.942942764879662,0.011919723594346628,0.0,-1.3544727389768563,0,26,0.0
-0.5873619378765085,-0.41314691836865675,-0.9207515827125238,-0.3208351014770462,-0.9076691248122504,0.1141171560871288,0.0,-1.0381986512359591,0,27,0.0
-0.44596056304708065,-0.3202143225837361,-0.9865392412236171,-0.2671895806604944,-1.0100157643987182,0.17739552306887357,0.0,-0.9779144129847257,0,28,0.0
0.8664355518125701,0.6026780534069962,1.0890868591082987,0.53875999798744,1.0723431217460684,0.9854401122474294,1.0,2.088086878895642,0,29,1.0935577279574193
0.5566896476055908,0.5254119976254137,1.0101561049618308,0.4161015772254116,0.9454303376761682,0.9295434641389774,1.0,2.018218509861879,0,30,1.089455219278232
-0.9762977815180927,-0.7795145528612352,-1.0866010735042035,-0.626837937333428,-0.9372233246998237,-0.030562347226788144,0.0,-1.1308005029911243,0,31,0.0
0.8777007235692393,0.6849607721181434,1.0202698831438455,0.5814182727357423,1.0678590921479942,1.0034479116568134,1.0,1.9361557024835818,0,32,0.9845589102766867
1.0170919617709004,0.7600463506996363,0.9609701067400733,0.5718649970197534,0.8995869743239201,1.0056269490743732,1.0,2.4130351481947008,0,33,1.0318666138219106
0.9945929610439563,0.642787651639622,0.9733509512770938,0.5846665092393774,0.8980064143244779,0.9236855956027367,1.0,2.0939584217963634,0,34,1.0616833713210463
-0.10530607493737547,-0.29656314696052566,-0.44291934012363476,-0.22736960967646086,-0.49137971517239176,0.4255855398070574,1.0,0.3402164898964958,0,35,1.0172460340384515
0.9190232087086768,1.0163735831757097,0.9351285010497042,0.9094278793442812,1.0864413225694254,0.9806960729273786,1.0,1.6273179783070397,0,36,0.7511719969371277
-0.49961868492466044,-0.5375270523978867,-1.0183230248000505,-0.46175114540345696,-1.0192291702183187,0.07818449793422716,0.0,-0.8080233777801594,0,37,0.0
-0.9092265657890489,-0.735461835842766,-1.0893043781567309,-0.5871114532349457,-1.0526081019207925,0.07386544156125813,0.0,-0.8712558007083355,0,38,0.0
0.8754401749400451,0.6429512009447297,1.0458601627365032,0.5822520317828992,1.0906597537947287,0.9926827128749808,1.0,2.546134300797621,0,39,1.0458102730569756
-0.9103981896519799,-0.7298314847961499,-1.0676258252115858,-0.5823125302672809,-1.0578818886590884,0.068032207854097,0.0,-1.1896173124788618,0,40,0.0
-0.7116219017242611,-0.5727089827704429,-0.8753391818592486,-0.5318265411367221,-0.948431448044161,0.05955202900158645,0.0,-1.1500768324655586,0,41,0.0
0.5978674264721056,0.44789862024588695,0.9150851192199508,0.3147682427081333,0.8753204884128665,0.9335529282355888,1.0,2.068208370962028,0,42,1.1272313395684392
-0.44160848058249125,-0.45476212186848713,-0.9261449556762666,-0.3263283960570893,-0.9960854284735555,0.19040572736444536,0.0,-0.9858071548038959,0,43,0.0
-0.5548878130964615,-0.46792720095100493,-0.9827173282505295,-0.2577804674473107,-0.9559945231268454,0.19067604079858372,0.0,-0.7568115746573473,0,44,0.0
-0.577082443980923,-0.5015436500013158,-0.9582327001364513,-0.3488977612752022,-0.8963588998676865,0.08943792664789083,0.0,-1.0158161084463055,0,45,0.0
-1.0925064317737665,-0.7134467264180773,-0.9001284774486296,-0.5796332885615606,-0.9523065288954415,0.06332553375146832,0.0,-1.097622483888987,0,46,0.0
-1.0028661383403228,-0.6397404959823139,-0.9301124639749025,-0.5506286842786355,-0.8994140672597365,0.06247386852709124,0.0,-1.2532622334724888,0,47,0.0
-0.9947954096047219,-0.6018136241863863,-1.023848368455826,-0.5658164769512865,-0.8980180755383538,0.07351163616815892,0.0,-1.1787565508847515,0,48,0.0
0.7157373354089881,0.5270647204663012,0.905220231788302,0.5061354790069298,1.0009089178297808,0.9061721376687519,1.0,2.355871082735921,0,49,1.125563648527186
-0.34488610514411133,-0.36732643172813534,-0.7015231189014438,-0.368948642425825,-0.7802768767591147,0.16123847973641264,0.0,-1.0021511859491943,0,50,0.0
-0.9962091419598006,-0.5864112442858863,-0.9339189247792778,-0.5421679633167797,-0.8981726281240503,0.03241828967890528,0.0,-1.2702949681027988,0,51,0.0
0.03509233676770643,0.3154926996581741,0.0359258538241156,0.07603172315938618,0.10032420894254714,0.5935596617643168,1.0,1.4183686454747138,0,52,1.03513389880067
-0.7389233936330565,-0.4663054191257527,-1.0072809073312474,-0.288620917104401,-1.0277374462411797,0.04607177652427278,0.0,-1.237333993640257,0,53,0.0
1.0649517168790488,1.0134905607447997,1.028226692830402,0.7780365351562203,0.8987454544486115,1.0250535759733967,1.0,1.7269281258488376,0,54,0.839662942674808
-1.0829585235466122,-1.0202821918273557,-1.0340488148172773,-0.8447769625172659,-0.9078534133683084,0.004309834380685972,0.0,-1.0182774893533038,0,55,0.0
-1.0872234921193686,-0.9532248657608063,-1.0905507465062763,-0.9142137962480857,-0.9046227478645279,0.049610572270165396,0.0,-1.0846254602247873,0,56,0.0
1.0110831142253,0.5873791645980738,0.9759137901474272,0.5460929442978326,0.909612854009938,0.9488889568946142,1.0,2.2953948204152086,0,57,1.1321402048345637
-0.9470295171257426,-0.6515778816203396,-1.0928478153794314,-0.5725915631944252,-0.9608111046792506,-0.008984038186095472,0.0,-0.9573693869040797,0,58,0.0
-0.9071668832626267,-0.7157091614471152,-1.0799365129643328,-0.5572865445389988,-1.0120300736816492,0.04270969521936936,0.0,-0.8972254207497309,0,59,0.0
0.9803478241118511,0.6537823342695416,1.020329899463263,0.5593474286591873,0.9443427322967906,0.9480783244031757,1.0,2.048803849660574,0,60,1.0564564497449418
-0.6061044872268859,-0.26997912037764105,-0.8984576276974864,-0.3223103217516364,-0.8767887353566297,0.12030755445180888,0.0,-0.9709578083645827,0,61,0.0
0.9020436506588292,0.7125704471474593,1.0447743839766124,0.5964830393654226,1.076998409849779,0.9303261735339867,1.0,2.2207466951655648,0,62,0.9906647193100544
0.9192486613221846,0.5870008424203482,1.093009022364643,0.5542865715260888,0.97593609581263,1.0021333601962368,1.0,1.8546214411318667,0,63,1.1096990919422451
0.5467168771637829,0.43311582911767565,0.9713200218784418,0.036040185335832906,0.9239694697652348,0.8039700277419827,1.0,1.8799383464240171,0,64,1.122849383646356
-0.6858258949317029,-0.5241281425335594,-0.8752572757115553,-0.39994540692894337,-0.9376405698370436,0.12711865234356245,0.0,-1.1081543073816644,0,65,0.0
0.33267101376886477,0.17076867699356615,0.8342800369745206,0.15358698000795695,0.8013963981564439,0.7364319829466792,1.0,1.9660850616814454,0,66,1.091591566907886
-0.4539895496162726,-0.40125974510816337,-1.012834451225809,-0.2729248079304971,-1.0186076363458412,0.14877660486392016,0.0,-1.372799173238178,0,67,0.0
-0.5809849812509478,-0.5487832864175579,-1.009137008811539,-0.4345711911383415,-0.8763096548201457,0.0657270523614063,0.0,-1.212481551585524,0,68,0.0
0.8986190693582629,0.8175442856133533,1.0093969337139193,0.5850800745025764,1.0580327318926839,0.9855576321531218,1.0,2.507949099902956,0,69,0.9702094610096101
0.8497085944922075,0.5702672212096818,1.06641282069884,0.5441031652011219,1.0930596848149368,0.9631138422099831,1.0,2.052690062996092,0,70,1.0905488536095302
0.6262110156981543,0.5600952237585227,0.9053292231225851,0.44268617926603493,0.876023195403394,0.8879647893732489,1.0,1.968831687453519,0,71,1.0998512027426857
0.6498517283296636,0.5219356324095779,0.8787611546843032,0.36144559617808747,0.8814161556084252,0.8746690498850201,1.0,2.3270998516778767,0,72,1.1222147164851228
0.45982548244843363,0.49952326397004826,0.9828459318217234,0.33465016228957567,1.0217100493943034,0.7985937058324566,1.0,1.9929742773606924,0,73,1.1017390036835732
1.0571704701101883,0.8357581484869975,0.9003894448334954,0.5776317028529521,0.9424287173364924,1.0304136485953104,1.0,1.9502868151850943,0,74,1.0359257782462563
-0.9838020583999942,-0.5684588295970561,-0.9730756630869418,-0.5010882198483249,-0.8981123402371306,-0.011254217188551296,0.0,-0.6717172152683313,0,75,0.0
1.0032981863223376,0.7027075981932852,1.0010609254864546,0.5617193892400245,0.8997095644571385,0.928989544170221,1.0,1.860975690360336,0,76,1.0706837744631683
1.0179347142974393,0.9063073637457554,1.0628020765922812,0.6582374338849041,0.9046241737483474,1.009372771856377,1.0,1.9463299907967828,0,77,0.9447340100037342
0.6009110701867586,0.5337791925683617,0.985516595663249,0.4967619089677986,0.8900833559246637,0.8696230336167341,1.0,2.2245210577147274,0,78,1.0904515063208222
0.8860786415388547,0.588288845336838,1.0928377688933564,0.520245966155973,1.0335526491695681,1.0143345817043237,1.0,2.224999554266505,0,79,1.0948495385474721
-0.9781729152787396,-0.7293568444093225,-1.0643430322607386,-0.5955162483761745,-0.9215220866667451,0.008303109600100575,0.0,-1.3810875229582829,0,80,0.0
0.904485835164094,0.6301917836335083,1.0837146509746582,0.5581926527416587,1.0666204251577336,1.0140048100753118,1.0,2.142938614221588,0,81,1.0525933153246292
-1.023153298334124,-0.878163535073402,-1.0744878900452917,-0.6713394665545055,-0.9075108197643011,0.06388361565527395,0.0,-1.16348754258162,0,82,0.0
0.5736103665807961,0.5655753238850597,1.010912099279665,0.5178690760598992,0.917984237718174,0.9327492418027243,1.0,2.0811747819174546,0,83,1.0565337391183973
1.0422153291213967,0.828769967219887,1.05869034460346,0.6474701452509232,0.8980893336577366,0.9530401931577358,1.0,2.150070103680775,0,84,0.9401244971009973
0.5937336132004645,0.37758538999393076,0.9208159022297497,0.20401749285135853,0.8763241948114205,0.9178147495657486,1.0,2.1029196270246917,0,85,1.1295051443988744
-0.5507157894876791,-0.43406284682486584,-0.9615279639600308,-0.2607693078895603,-0.9246475203972365,0.2014427460165287,0.0,-0.9802855712730875,0,86,0.0
0.02228724025781969,-0.2115222104523849,0.29607967892218495,-0.14567175673319813,0.19879024347160668,0.48478642992260707,1.0,0.5190245274957221,0,87,1.0298739037012221
-1.020356836358022,-0.6336866256847253,-0.9837665882238071,-0.5553544783119735,-0.901699482317806,0.004940420175432343,0.0,-0.8191024162132334,0,88,0.0
-0.8816523901828371,-0.572157988503092,-1.0920385599175773,-0.5134348654169957,-1.0289572482444804,0.05336332376553009,0.0,-0.9168459846020892,0,89,0.0
-0.5522559029362968,-0.41433038345768836,-0.9965377192753228,-0.3804571187675101,-0.914235193896399,0.10706177312393814,0.0,-0.9544862163919989,0,90,0.0
0.6217825916367175,0.5598457122255955,0.9266607687833276,0.5146350636759738,0.8977006403234518,0.9238503096405515,1.0,2.1688621464613997,0,91,1.0891344108739138
1.0148848957893828,0.6335771459394732,0.9811297160930802,0.5833409879346914,0.9010694263548373,0.9293579619475192,1.0,2.496772413371812,0,92,1.0439239394445097
-1.0158966609702105,-0.5743466744710218,-0.9180535231229168,-0.5336585653116278,-0.9065436155857711,0.07631880278490098,0.0,-0.6835315895836469,0,93,0.0
0.991849186820749,0.8615559836881134,1.0824955684628657,0.606038073743161,0.9213182890832974,0.9964428485679138,1.0,2.1538945757780215,0,94,0.958698126595905
1.0772516500437233,0.6212445594889923,0.8992869664607916,0.5460241893382679,0.9524209122084528,1.0234793967382014,1.0,2.5719234211805175,0,95,1.1255614500672662
0.9163987315673113,0.6058071192120297,1.0918883020641306,0.5588909782137913,0.9856212133044603,1.0060369866733836,1.0,1.783983411055408,0,96,1.0804829768564113
-0.4505261021050079,-0.39817445752284786,-0.9975220858798666,-0.19642953701852786,-1.0152371922547978,0.14476286710408195,0.0,-0.8975373883153405,0,97,0.0
-0.36527155229515035,-0.2656566354507266,-0.8118881312513496,-0.20796173279067964,-0.8486765891590456,0.15149206164212578,0.0,-1.1828905067707745,0,98,0.0
-0.9979467131525163,-0.9924084939722868,-1.0923591030051618,-0.7322167829492788,-0.9669256962102787,0.04005774192976163,0.0,-0.9282989127476938,0,99,0.0
0.7226805711043002,1.0518086803369981,0.9479395902162896,1.0798140578767825,1.0769388183211142,0.9490363916570815,1.0,0.9341666392485057,1,0,3.6197117161567354
0.3943868460836368,0.9992472917818989,0.8775219090703112,1.0152008375816859,0.8757791215537238,0.9470017870887195,1.0,0.9264707834639614,1,1,2.749859283075999
0.7440118348726655,0.9067144215035657,0.9734873518084153,1.000631702410206,0.9220259389639682,0.9537166573053422,1.0,0.9000010562925125,1,2,3.8824009487673874
0.762492087458779,1.0783128092740513,0.9070545507865502,1.0927634949952327,0.9547669421415519,0.968198635182752,1.0,0.9947755198699996,1,3,3.8517807355732243
0.6079016549665419,0.9634621933678795,1.092241890566087,0.8783818352012369,1.0685768159934215,1.045482541712277,1.0,1.0913058976372314,1,4,3.5299627947067482
-0.4746411058856636,-0.1805178698018701,-0.5860499391533383,-0.03092036852283689,-0.5689224092882557,0.15005238266007237,1.0,1.0372413481889227,1,5,-0.794686044955401
-0.42014515158943205,1.0213200920009562,0.5794205311045415,0.9896517642606474,0.594878669761393,0.9582428031410067,1.0,0.9628361643215843,1,6,-0.5492847262403342
0.7045226967624695,1.009611603065124,1.0553211106843585,0.9019237104254537,1.098878441654701,0.9479031518515156,1.0,0.9000014541348952,1,7,3.8224654101042166
-0.4835044593146455,-0.892474572455237,-1.0921213145245152,-0.9259461072786194,-1.0442233472175313,0.03299210784898045,1.0,1.0436481995829523,1,8,-0.8516097973636563
-0.5425145450155225,-1.07838975679025,-0.9141025419061461,-1.0910161943294052,-1.04489042891387,-0.020771974401441618,1.0,-0.6745867063385581,1,9,-1.2544063458000063
-0.43341713052414094,-0.8743021591804926,-0.9717606803532963,-0.7911614037646368,-0.9678192433735399,-0.003620088007690675,1.0,1.0991455198712334,1,10,-0.6570427734096231
0.7196573498421823,1.0560505672220155,0.9441375918924164,1.0080738049121964,1.0487655385957417,0.9717417884825417,1.0,0.9194806568195748,1,11,3.8643840992938645
0.8851715904589172,0.910098917531638,1.0955262581170384,0.9090294318350001,1.0905458555055036,1.0282270116946186,1.0,0.9942721048903075,1,12,4.279079007096844
-0.6007194297347175,-1.0930229610709952,-0.9787418140284382,-1.0643473524518685,-1.064780678174401,0.05540679990583346,1.0,0.9301123398416928,1,13,-1.2749737592753745
0.8313623052112518,0.9164421916003848,1.0885104184733734,0.9000146092857138,1.0564269503990074,0.996475526214692,1.0,0.9618940539145313,1,14,4.082515043268132
0.6309507138066304,1.0068928298958284,1.0966217343674323,0.996246615722633,1.0837035174146292,1.048196853889912,1.0,0.9047659980817596,1,15,3.4992984280814077
-0.4351779956802784,-0.5177287857909855,-0.6028346092322185,-0.4249703560029395,-0.6428763211712648,0.0249661364694196,1.0,1.0979245813906187,1,16,-0.6572021104179211
-0.3536676293401089,-1.0007092977928784,-0.9024628100608444,-1.0190115826210777,-0.8772653459194361,0.05268731196751375,1.0,0.9453193466204154,1,17,-0.350828544864129
0.6298737898639744,1.0704243227207761,0.9444855142051837,1.0964535612403183,0.9718479958061442,1.0435314076253233,1.0,0.9046239932838691,1,18,3.374797851215401
0.8174457241370106,1.0897876187924784,0.9020270095282091,1.0999919605683197,0.9827693067364057,0.9527915766470233,1.0,1.0330938181871914,1,19,4.014671008771011
0.8957684418776485,0.9783923021680679,0.9087553124271497,1.057762029834357,0.9001449136710025,0.9593609448767557,1.0,0.9319547818975198,1,20,4.32145359230587
-0.5817162212912386,-0.879249082679924,-0.9785410276290023,-0.8758825257272486,-1.015220081218839,-0.026677114673661403,1.0,0.9473462703187552,1,21,-1.1967272834373932
0.7891000245695693,1.099999717698557,1.0834280728167973,1.0010639344036667,1.0745561941911979,1.0484762488215633,1.0,0.8745226471025443,1,22,3.6922955178156767
-0.6070657474347387,-0.9000076100497723,-0.936511916625096,-0.9806669340190547,-0.9252653047471426,-0.039365617345311826,1.0,-0.8980267528379265,1,23,-1.5597021101855282
0.6278307482228409,1.0928087970010316,0.9011542232112517,1.0632387215902734,0.9219100918603182,1.0469929190408274,1.0,1.0505854558470553,1,24,3.589493375459494
-0.4395879064218958,0.49887557743385036,-0.04560747209317837,0.5262282899031667,-0.11445860947197303,0.7769873402065263,1.0,1.067673379067376,1,25,-0.6218665156112337
-0.6284431546131043,-1.0411176524984853,-1.0999891143988303,-0.973458944399442,-1.0926828911469733,-0.031945883190557196,1.0,-0.5358850503980916,1,26,-1.4872112965573292
-0.5402587072844918,-0.5933732671129227,-1.000587412069331,-0.5869758479666446,-0.9532090207036761,0.020422393688334893,1.0,0.8980829442617858,1,27,-1.0447628247045508
-0.2404027846420856,0.5426029331945089,-0.23412278477621298,0.5760452257618096,-0.23655349375634632,0.7334189763191499,1.0,1.019250293314575,1,28,0.15590453694264278
0.747750683195319,1.0967773443769273,0.9031673305469603,1.079456898792614,0.9137753514521415,0.9620117521044399,1.0,0.9013166161689361,1,29,3.8627900399726873
0.5893913048879484,1.0940074860000097,0.9264462538300431,1.018146241097746,1.0314815558907369,0.9585562520337633,1.0,1.0073538460935991,1,30,3.3918194070526395
-0.5481056799331362,-0.9035732347263505,-1.0686087320267719,-0.9020429348540651,-0.9298790204091609,-0.008996448712751064,1.0,-0.5706602603273194,1,31,-1.2470184248983625
0.6483760506540853,1.0993406710273115,1.0254611007508245,1.0537555539821468,0.9319633208516015,0.9498883327967211,1.0,0.9352369355718253,1,32,3.436772822188436
0.8309361051911098,0.9011052011981412,0.9517448264297858,0.9229616163179224,0.9247005446814786,0.9634429486678364,1.0,0.9050170841509932,1,33,4.033802457536719
0.7926277686336343,1.0511678772258677,1.0596815872660224,0.9788878785741283,1.0905118523562298,1.03033440699623,1.0,1.099974893789336,1,34,3.9601396095986656
0.059948260888426634,-0.5247839590717059,-0.5538619182235096,-0.4180101929322465,-0.5411740532284735,0.19527726031586637,1.0,0.940372011715851,1,35,1.3586674732883002
0.9057072064491273,1.006693268214343,0.9726579499726473,1.0156328044181877,0.9946504617839398,0.9565159865269026,1.0,0.5229860459453062,1,36,3.971846634637113
-0.1799979916599071,-1.0851045368668002,-0.955969167645169,-1.0536287652150973,-1.0083986216573078,0.06148838871521982,1.0,1.0973805487310446,1,37,0.3306239803144919
-0.6667580723401333,-1.0071564256865737,-0.9052800799586687,-1.0523676272062963,-0.9045175304747647,-0.039274536589358526,1.0,0.6806120284191933,1,38,-1.5878989213970858
0.6872548741310041,1.0955897222092719,0.9673117442970605,1.0991539142134024,0.9873072924925391,1.0439665285128463,1.0,0.9002873717058932,1,39,3.6253430026873024
-0.6671059880882936,-0.9599331167188455,-1.0954214575381092,-0.9000824198549453,-1.0660660312269108,0.03322119393311345,1.0,0.49676486573781636,1,40,-1.5991359926237152
-0.5558207184826395,-0.9642720346092152,-1.0860991741057813,-0.9806619057603438,-1.082842675276186,-0.039118503712373,1.0,1.0898654178647544,1,41,-1.122914802568763
0.6004063816733773,1.0314685517069646,0.9143100024206154,1.0920120166596958,0.8980064763809732,1.036078860192878,1.0,1.0587946863385433,1,42,3.492411269748458
-0.4725047000973615,-0.9385708353174338,-0.8946298317614223,-0.9854064852687313,-0.9450309388584022,0.029535769418585916,1.0,0.9813020973973418,1,43,-0.8074495534061048
-0.43236049220551714,-0.35748879988179844,-0.6099985935257712,-0.03100114515769662,-0.5578516065936832,0.1816279848970318,1.0,1.006971606842213,1,44,-0.6340063666991986
-0.41773314633603104,-0.5504562831876113,-0.7433448545641441,-0.5165681493301896,-0.7258671282425364,0.09154649440123876,1.0,1.0993658473067898,1,45,-0.5861004828609861
-0.5986683489408933,-1.0196565596576266,-0.9490053621300347,-1.088313057778625,-0.9231502255513999,0.05761570764196368,1.0,0.737887813440358,1,46,-1.3435530479553446
-0.6158214673653978,-0.9329821574825715,-1.0267236949872334,-0.898862956401012,-1.0493950778098267,0.010203366446298715,1.0,0.9176807480801779,1,47,-1.3477645547135395
-0.6216286682574841,-0.9017414019594302,-1.090779183474649,-0.8987619782784106,-1.0703160110867995,9.372232042368853e-05,1.0,0.9268850205261994,1,48,-1.369276412637767
0.5880568457993662,1.091425384557953,1.0265387000880117,1.0972629549175108,0.9625041286859669,0.948214479069931,1.0,0.9062456848830304,1,49,3.423176811258524
-0.19465405199196287,0.06256899842317265,-0.4267181273801695,0.10253356167292627,-0.4546901541620153,0.43831452040526925,1.0,0.9122011396240592,1,50,0.3238779717770108
-0.6128634750585636,-1.0885753234619264,-0.9204796010388274,-1.0371377154379315,-1.0093803778839354,-0.03915257296107984,1.0,0.8823625481863221,1,51,-1.3241610574735396
0.4877509522197001,1.0992926808004964,1.0500790586723245,1.0001234639655494,1.004180262456511,1.0356663837234754,1.0,0.9500075238511958,1,52,3.0635086224851134
-0.4946307442210531,-0.5689754508884135,-0.8190610243968024,-0.4994352076357138,-0.8555348507990623,0.012713655773198499,1.0,0.937475923149816,1,53,-0.8796711019419974
1.0211965587766552,1.0227218274310472,1.0237299549233423,0.9022878234040586,0.9107992979061057,0.9535503479503905,1.0,0.9805566144961906,1,54,4.34034934871699
-0.8688637306760209,-0.9693780851966232,-0.9498063626658318,-1.0624420017659566,-0.9982382575328749,0.009543129651002397,1.0,-0.9234971185490172,1,55,-2.448869176719556
-0.6043178033383767,-0.9120081627022159,-1.0067718039210225,-0.9027556487595074,-0.9003220786268964,-0.044348735216836924,1.0,-1.097239162900758,1,56,-1.7004807005787956
0.7764436502751604,1.05361861327567,1.011908538841798,0.9935749951084494,1.0837878856743546,1.0060047263283551,1.0,0.9978601423984209,1,57,4.004216162775605
-0.5463915813271842,-1.08973305433496,-0.9651374678039988,-1.0476405332787786,-1.0815112646426268,0.027782122494111904,1.0,0.9871640388084975,1,58,-1.1589794219410943
-0.5622171962982174,-0.9348174527003315,-1.0832533741762083,-0.8998399445832749,-1.0246663595258267,0.04644470377517419,1.0,1.0143245725240415,1,59,-1.1964775296635144
0.6637287709257901,1.0137385605739586,1.0996762965301863,0.9120201561610439,1.0951223975224698,0.961919304342719,1.0,0.9002866597820569,1,60,3.562083602930725
-0.27069652181155573,-0.18527614001747747,-0.5638029773242734,-0.0009307559423126486,-0.5524372873719439,0.1445758713139308,1.0,1.0120045457283107,1,61,-0.0062160207355125285
0.9322947703111805,0.9057274735875532,1.0523228082373817,0.9895907582570097,1.0577093320010573,1.0483939724943752,1.0,0.9553650789778072,1,62,4.247941726095876
0.6750683451109197,0.906329953816674,1.0998480004851148,0.9012781881255049,0.9940273956879553,0.9479317024703985,1.0,0.9548397752384098,1,63,3.6575750288101094
0.5450816087521996,0.8941045886966852,1.0218309187726333,1.0123867860371143,1.0199417155465949,1.0416335349294101,1.0,1.0785596327015574,1,64,3.312652192141516
-0.5207886633453678,-0.6786007164890345,-0.9964490456276385,-0.6244994816271534,-0.8891118382777661,0.07012748898651117,1.0,1.0891105298674761,1,65,-0.9715326185914215
0.473710209342206,0.900568443959961,1.0058968778348996,0.7930605699481872,0.9991280676454026,1.0097200145576561,1.0,1.0535006464335357,1,66,3.0578490920325523
-0.4634581277554087,-0.022166214132418777,-0.5632421030070971,0.17234247204111972,-0.5426368506966178,0.2994271338593899,1.0,0.9513879740906473,1,67,-0.7416294136662908
-0.3856223002271622,-0.8755656963285601,-1.060016275478222,-0.892350741671133,-0.9900647484157852,0.06277847692252866,1.0,0.8982206025509338,1,68,-0.4791778981534456
0.7118131583147289,1.0039998793083473,1.0755557917877543,0.9385524227969781,1.0745893973973555,1.0429713799383873,1.0,0.9266935431203729,1,69,3.668935324210521
0.710371539993633,1.071051540539862,0.9589588302750905,1.045326497859645,0.9839826494281155,0.9479504544340286,1.0,0.9012188332267096,1,70,3.750196556747999
0.6401171778075468,1.0768522829756124,0.9782197431662165,1.0953873876988873,1.0230139759537311,1.0255168978923062,1.0,1.0194178126061353,1,71,3.6039985941130825
0.5913068111212373,0.9146171908614888,1.0270386862482574,0.9308516726176655,0.9337496086842099,0.9950250543272893,1.0,1.062945116744802,1,72,3.452744186436674
0.6229322346841191,0.9029038958970639,1.013113042143305,0.9790526072298913,0.9956388137798776,1.0326106741106877,1.0,0.960839072418608,1,73,3.5634312503341667
0.8897036997446737,0.9526420322555544,0.9103148081508844,1.04092072125338,0.9016239018820367,1.0428637966896621,1.0,0.9000136260351618,1,74,4.20604537817011
-0.5737394986322586,-0.9837562746076336,-0.8826843364467967,-0.9813486982632406,-0.8752430042265474,-0.03828194376888943,1.0,0.9043252911766225,1,75,-1.1759497131410548
0.6346254187412849,1.0295187698778019,1.0933086495006312,0.9421709929083721,1.0486782089308249,0.9478392828470337,1.0,1.0866152302185523,1,76,3.5129132624466157
0.8101940923764153,0.9066479792830239,0.9026425740670183,1.0605486378499238,0.9172096778081187,1.045006111451255,1.0,0.9259067684372687,1,77,3.8700088826685186
0.6404970407248237,1.0504805283539123,0.9044337267100394,1.0952307148991047,0.9774801669121204,1.0058562089886023,1.0,1.0131652246553078,1,78,3.560389279575764
0.7397884061853307,1.095747609820003,1.0028952977730514,0.9915108857245122,1.0194579429127641,1.0392703309554425,1.0,0.9513490611918132,1,79,3.8482568665556256
-0.5776940839329189,-1.0712966046979517,-0.9470735778655898,-1.084235115317684,-0.9907104338770294,-0.006018205189751534,1.0,0.5524136316029166,1,80,-1.2761287309431133
0.7558635595918709,1.0561478838614105,0.959740070140849,1.090856075584744,0.9000576341845372,0.9496152628432276,1.0,0.9327305983636258,1,81,3.8213732653276593
-0.6239579010055962,-1.0811564468073724,-0.931106322909414,-1.0990602924822142,-1.0435453474843919,0.006388195462264093,1.0,-0.8428600088307064,1,82,-1.5354607520145365
0.6233824483364011,0.9008374577075062,1.069060929327341,0.9040134386446248,1.0366638068242497,0.949721678138469,1.0,0.9021620172079131,1,83,3.4827734060149367
0.9297698202580933,1.0177525839370063,1.0884569698677535,0.916208246054378,1.0186258730853528,0.9615284772878521,1.0,0.908604345786518,1,84,4.172331007970658
0.583461756600137,0.8802090310718388,1.0178789828819987,0.9464659292483957,0.9637720616775589,0.9946214967462431,1.0,0.969373629483149,1,85,3.445161740442855
-0.27989595255706257,0.5868020771936435,0.4193620563991951,0.6754706924440947,0.3629665763097876,0.9089296081066721,1.0,1.0992316908589579,1,86,0.0037856996003981097
0.3239231669557877,-0.5632690201187558,-0.265689920271886,-0.5509312625129453,-0.38119718507913647,0.18893026406878438,1.0,0.9248288333774672,1,87,2.4310913968979326
-0.6990585537040477,-0.9135037683376533,-1.0790092489084695,-0.9204961645832758,-0.9916604528830739,0.047108291957968146,1.0,0.7097743074901549,1,88,-1.6546189957056294
-0.595359952800691,-0.9893821385957009,-0.9865528550768504,-1.0489532198898468,-0.9347360015724883,-0.0345476409111997,1.0,1.0710833577950523,1,89,-1.2740013656609543
-0.3605608517131024,-0.37593061228823005,-0.6406404517493924,-0.27740651029587826,-0.5786692823690082,0.06576954028428121,1.0,1.0778997546450888,1,90,-0.3677318465095508
0.6225805089485046,0.9665201356561163,1.0993366721340625,0.9541664948955837,1.0996908776577057,0.9685447543896255,1.0,0.9053291963970829,1,91,3.5147037121819755
0.801087702670633,0.9503109137703267,1.0873345709689197,0.9001359051058312,1.0358313144215052,1.0320007508958007,1.0,0.9129321337075031,1,92,3.9953038142478148
-0.6151185001321962,-1.090886960762291,-0.9175415642463705,-1.0877071995612948,-0.9861707420592214,-0.006294352191744691,1.0,1.0789698775192773,1,93,-1.3327209049120183
0.8287857057923171,1.0588535044233323,1.0963150399934174,0.9270282057812042,1.0714250198696054,0.9893310430583193,1.0,0.9078664469004354,1,94,3.957881927634242
0.8482684866292937,0.8998390434923209,0.9312909732749354,0.9844330175422318,0.9517737319516337,0.9480088146525505,1.0,0.9239818362764189,1,95,4.225925380519171
0.6958041649216041,0.9754406720447917,0.9549789057343555,1.0396769625299378,0.9521860743317302,0.9580860697859809,1.0,0.9801158058985788,1,96,3.68476058182854
-0.3492063810291179,0.5107547747177126,-0.13956626892822482,0.5636839726107439,-0.09119611414728188,0.7040272803271593,1.0,1.0798105602044394,1,97,-0.2791623687625067
0.09295093816444357,-0.2623822713578439,-0.5726868968356493,-0.21239726176081902,-0.5711645230860203,0.15083499515874263,1.0,0.9041665512724547,1,98,1.492710841516754
-0.6204028210707256,-1.0314750274646491,-0.9579532221802789,-1.0976303375805907,-1.051507874255359,0.054105644221123204,1.0,-1.0251598399312531,1,99,-1.576657254741202
0.9149768940959309,0.9357832332751751,0.9536453728956616,0.9748495881153675,0.9935224496041535,0.948854139093727,1.0,1.0616721099699475,2,0,4.1175836472959455
0.5843637485707431,1.0694127521437642,1.0927776425501812,1.0977215193255883,1.0682163070771948,1.047664114696372,1.0,1.0995217760809084,2,1,3.4439038300613425
0.6575526493342831,0.9156299076599559,0.9025035172062839,0.9065475539892853,0.9044129722547527,1.0463722335161565,1.0,0.9454352694822881,2,2,3.590996830193803
0.8762902394387323,0.9523236487118136,1.012700953650249,1.0128627121632692,1.0659316992057946,1.0410822001514615,1.0,0.9029773297500208,2,3,4.153252409833019
0.5499749650911069,0.9061762472161669,0.9108635989490002,1.003106381867652,0.9639438907427933,0.9638096098474352,1.0,1.0235839448158,2,4,3.3114471373014065
-0.20446506885491003,0.9193519153944176,1.0206059556149916,0.8908038296485385,1.0217143471465433,1.0189547048075989,1.0,0.9735526703977606,2,5,0.3206882713644502
-0.012400866079767961,0.9034018769292855,1.0538436642027995,0.9086985672437354,1.0272873484780527,0.9494825328512538,1.0,0.906366638044961,2,6,1.1055360555240707
0.622834013243475,1.0565920912004507,1.0899743167706695,1.0259091971848795,0.9855948733943697,1.0145926404441337,1.0,0.9024405328975618,2,7,3.5505508209905634
-0.08906689910949457,-0.5541981969285069,-0.569654293413234,-0.5745967545506594,-0.5772022291617952,0.06654700577194549,1.0,1.0772753883290087,2,8,0.7495092850089167
-0.15257291793133432,-0.9993059098497469,-1.032628050093325,-1.0282415184071738,-1.0550609241196987,-0.03304818877012957,1.0,1.0518748867661256,2,9,0.38038982156882467
-0.31040194520203446,-0.01248180386133466,-0.20673781406643707,-0.002842230328556971,-0.16283915458210166,0.42161187897486024,1.0,1.0282451920017557,2,10,-0.12476812849201327
0.5986772474707739,1.0859266656793245,1.0932996831990716,1.0535087673978074,1.0610624914535514,0.9836243427949358,1.0,0.9001840845673097,2,11,3.4553536650136367
0.9280094682732949,1.0963325618108464,1.0559250205330475,1.0833894197021343,1.0785471832623104,0.9819157686105894,1.0,0.9031125999844101,2,12,4.352851318318283
-0.40012422557246907,-0.5903634648125441,-0.5478197597340725,-0.5832604835385036,-0.5679835349691764,0.022834963896801307,1.0,0.9346197433125187,2,13,-0.5044003964904564
0.7823575206533674,0.9096200968671859,0.9551125445342152,0.9429128624505733,0.9039966417656417,1.006085944922969,1.0,1.0157836745003337,2,14,3.9287846736644334
0.5924732248052689,1.0466513597700524,0.9608190661845647,1.0212051416654222,1.0085595321851493,1.0446864106954326,1.0,0.9004328071747472,2,15,3.333975106535379
0.1698879109019885,0.5512649803715751,0.5470898749279673,0.5895339785880533,0.5571201777165505,0.9998749424088635,1.0,0.9268687803008997,2,16,1.8819905827890324
-0.07207769098362646,-0.6077390746114415,-0.5179171487108877,-0.5767261217381807,-0.5637758586651106,0.13192146060218146,1.0,1.0567101099260734,2,17,0.8250694893200772
0.8884741463553013,0.9612149672071479,0.9893943026650118,0.9600869716663436,0.9660166981538802,0.9939484672245976,1.0,1.089993710154192,2,18,4.0463579548392845
0.7750113849902998,0.908088781420189,1.0161991896821898,0.9918397729681292,0.9575714870745148,1.0214209271659391,1.0,1.0756126398179435,2,19,3.86000563214584
0.8931308979454506,0.9206211665631227,0.9762963355159779,0.9401346364701811,0.9137645958308239,0.952094432133115,1.0,1.0663381158781544,2,20,4.280971366229413
-0.12346362148045002,0.7428591432030022,0.6677076502062922,0.6966026653600644,0.6242621490574007,1.0250925350260864,1.0,0.9526097101109258,2,21,0.6584640788188783
0.8125722300565976,1.0723599809365107,1.091179836628686,1.0333942502007263,1.097960082590283,0.9880236202921848,1.0,0.38011746265499713,2,22,3.7511096446162115
-0.2525375668869546,-1.0986824438585978,-1.0842300515994419,-1.0999608952830184,-1.0994495534116189,0.05757341366782759,1.0,0.4789948540132093,2,23,-0.12122631277575044
0.693609194236667,1.0994948554648376,1.0824219890481033,1.095545646943567,1.0508218500604782,0.9681753047287619,1.0,1.0937614771521964,2,24,3.7814258568662718
-0.20759586552070602,1.0816409417056672,0.9487233954542911,1.090179619052572,0.9171033119622991,0.9780093318476135,1.0,1.0125646000175044,2,25,0.3006099651463247
-0.4911458608594442,-1.099561472145293,-1.094064642730646,-1.011556569579586,-1.0984397537559494,0.03457489001455235,1.0,0.9777972778989282,2,26,-0.928186728675457
-0.2695785159943923,0.5791209809371591,0.41212989942528067,0.5897289359565971,0.5539216981625396,0.9107732682245695,1.0,1.0999938296150524,2,27,0.06380356139821408
-0.17056042811342517,1.0761882682736188,0.8771522193413183,1.0815628582494097,0.8825920527775335,1.029641954032365,1.0,1.0845322526340542,2,28,0.455159924358526
0.6739195275934358,1.0899843986750377,0.9595205557346814,1.0660884642198194,0.9908813150506367,1.048288277166078,1.0,1.0377960088941398,2,29,3.630790491036477
0.7460167652773284,1.0727320700713736,1.078525535096679,1.0942338750603664,1.0615476121581102,1.0405818659060444,1.0,1.0571346831430926,2,30,3.893026985605608
-0.5197449570099147,-0.9745132861613183,-0.9123565029679701,-0.9315433541918483,-0.9983647964075403,-0.01350788816055532,1.0,0.9938762399128349,2,31,-1.057441820256113
0.7923299251483626,0.9224251676487081,0.9000367262838352,0.9549456404635577,0.9152025984963951,1.0269943006777555,1.0,1.0125350805226931,2,32,3.846949147339907
0.8554027414843288,0.9028508063153023,0.9107986159096091,0.9215730081060447,0.901390214476362,0.9525784662503465,1.0,1.0259721155002501,2,33,4.0716396008194495
0.8409306643853772,1.0818121144391584,1.0331183216104054,1.0877672511771739,1.0319947309852338,0.9492068091269109,1.0,0.9002111385987535,2,34,4.061176627584101
0.44701465282081726,0.6830410482789055,0.7574167200987902,0.7934793633258234,0.7790658131247579,0.9391748328390452,1.0,1.0324088303417258,2,35,2.9707074432566674
0.9905582116474227,1.0517268080881141,1.07717240583362,1.0224311829751815,1.0340906622306103,1.0461830615372807,1.0,-0.49686024493891745,2,36,4.182849685030608
-1.1707708065268586e-05,-1.0202170326989048,-0.9897515167964913,-1.0168543712057503,-1.0213674388182146,-0.017776344986013787,1.0,0.901049882464821,2,37,1.1087049500070134
-0.53428148647181,-1.0991971200649067,-1.0917451042415294,-1.0876034500552145,-1.0978325842936678,0.03584611792572853,1.0,0.9413571035771815,2,38,-1.050690490279755
0.8072981943345644,0.9594613301761711,0.9946855982828566,1.0240385591492585,0.9804012909186723,1.0189319816414935,1.0,1.0996943909212402,2,39,3.9612160697567824
-0.41435250410220376,-0.9901525348617815,-0.9332984647736872,-1.0088487842949538,-0.9551086121963414,0.0004682088894058731,1.0,0.9640950955862143,2,40,-0.6178696285322187
-0.27823080514572573,-0.7891980759051681,-0.9293648175959391,-0.7172451704205005,-0.8867515388954238,-0.01703260074523496,1.0,1.0945779840228567,2,41,-0.030943847385702994
0.6039522048623253,0.9369176046807772,0.9325787417874452,0.9036123785337469,0.9030917373275759,1.0268998429410585,1.0,0.9930932412483363,2,42,3.4945716246709297
-0.4774341784590823,-0.6976298929000012,-0.7686519225413581,-0.6847965464916784,-0.702904782263561,-0.012645408208355337,1.0,0.9444720003087871,2,43,-0.7992370392965231
-0.19642935634736927,0.9715783597363553,0.9357390992626924,0.9139188646474106,1.0168273998450281,1.037082297837369,1.0,1.0375463382169388,2,44,0.3567063013650634
-0.2349983178018798,0.5645683393831059,0.5073866029571518,0.6205535733004641,0.5541159788137082,0.9960036823593285,1.0,1.0118334654829189,2,45,0.20870551676587848
-0.380804754644047,-1.099404304211561,-1.097081182548204,-1.0985663234210001,-1.0934322201583029,0.04276285318261722,1.0,0.9003417057984501,2,46,-0.4767046670322245
-0.4944659870394186,-0.8921738249889388,-0.9343786834315897,-0.9096704289772278,-0.9076043780251829,0.04120071202744621,1.0,1.0182928429998965,2,47,-0.8680966840200672
-0.5632103276770272,-0.910503420052572,-0.9323734354199863,-0.9286824274299292,-0.875484791397166,0.0329720054038074,1.0,0.9415890826877706,2,48,-1.1120946066257154
0.5903828140138484,1.0987640128192753,1.0996325968392036,1.096204931335196,1.0326983750988243,1.034273074751375,1.0,1.0851101672338528,2,49,3.3932366260600193
-0.04309098950593429,0.8993108023437381,0.9893774109338147,0.9486756534337845,1.0012849857560286,1.0367092813331422,1.0,1.0966091161895624,2,50,0.9866226271768679
-0.5292100556668484,-1.0096401084695739,-0.9396905680638967,-1.0168455311782887,-0.9975012880042001,0.05744690135323951,1.0,1.0841011107614578,2,51,-0.9839326989815016
0.6213113343788037,0.9366155900571129,0.9286903531921341,0.9004855204418724,0.9086873685870004,0.9773215707235073,1.0,1.0894627122816294,2,52,3.5119105689017673
-0.04142778715996869,0.9456795959878134,0.9566354602521572,0.9316184530400724,1.011493405790563,1.0336609839997515,1.0,1.0522102730702223,2,53,0.99046388685277
0.8106173507197771,0.9001814767588204,0.9062274362239697,0.9336228852744359,0.912815594509607,0.99774449757665,1.0,0.571831688978184,2,54,3.756226927482
-0.5422060471463371,-0.9808190810343986,-0.9716698717652393,-0.9878321105886753,-0.9466424114564713,0.05564549478711601,1.0,-1.008436601965445,2,55,-1.2956893786719106
-0.5323836827997848,-1.0132022300276164,-0.9282176603526279,-1.0870247926430678,-1.0052572438206746,0.04421750797023164,1.0,-0.9072357952013914,2,56,-1.367640851569626
0.8272039266928524,0.9721507421113762,1.01872860606386,1.0852023336373473,1.0216614326701245,1.0483983374751502,1.0,0.9110262802958953,2,57,4.078024426035632
-0.5140595258981067,-0.972970173360016,-0.994800849712276,-0.9482032990826668,-0.9983447390520411,-0.011833230473522038,1.0,0.9184575421729022,2,58,-0.9713490677443586
-0.542507174966484,-0.899779133355704,-0.938756194349725,-0.9005205578947155,-0.9023353180884024,0.05629558674983189,1.0,1.0310880737988788,2,59,-1.0602033768628911
0.8078393208348548,1.0018279218166501,1.0884719786525416,0.9492788573398527,1.0495117023135159,0.9645798282514968,1.0,1.0394783653401705,2,60,3.9871793688440578
0.3755200475160284,1.0112624725132922,0.7842784453970987,1.0178176821340692,0.6902372072265043,0.9609547159314942,1.0,0.9850321232178283,2,61,2.6988140527954885
0.893812664110853,0.9324804050082641,1.0878412488021088,1.0074472974070494,0.9978797825469301,0.9901909794243875,1.0,1.034290904934883,2,62,4.110266610785899
0.5902282863267314,1.0998025262679105,1.0722455421949257,1.0785391254342263,1.0999983778656164,1.024506517083138,1.0,0.9643765001076461,2,63,3.335101098082724
0.5575798580742813,0.9225118006605698,1.0353508147195514,0.9368572724310779,0.9876647520308699,0.9786814981591861,1.0,1.0614958793909894,2,64,3.3583413511006412
-0.28590059526266326,-0.5420908710700012,-0.5986408262120504,-0.5116220798627032,-0.5572584378016785,0.12172836683908811,1.0,0.8999884932064215,2,65,-0.049344236025750374
0.63725772677324,0.971933458370072,0.94637210844796,1.0830006366467464,0.927058221624305,0.9799785229343113,1.0,1.020748544580048,2,66,3.6414893648070903
0.21728368677343146,1.0114178633404345,0.7365609260257754,1.0194250617068545,0.7137583149751365,1.037496194462763,1.0,1.0970480262449687,2,67,2.072375039210202
-0.1946436875392068,-0.7447077932144246,-0.8729380419792484,-0.7670265440283215,-0.8294414186738652,0.014255246753184465,1.0,0.9667824352205673,2,68,0.3095434662781631
0.6018355225022348,0.9039994881262644,0.9535610596536603,0.9058582003338647,0.9002153897560613,1.016107868354757,1.0,0.9968283949409205,2,69,3.286722290349377
0.6851368349530251,1.0647298282176816,1.0995896079240426,1.096139905082842,1.0985621324193764,0.9550833970460741,1.0,1.094204014821613,2,70,3.651790661704503
0.6646353052406785,0.9849890152685283,0.9650188326659508,0.9714226452977336,0.9852754525427705,0.9715051303004194,1.0,0.957123411758142,2,71,3.670659535970949
0.593300632562445,1.0688361980150753,1.0020288763258274,1.0792853879835855,0.9974852969598648,1.0323856548704764,1.0,0.9003026694351932,2,72,3.4352565789102587
0.6895837084500342,0.9207702278363168,0.9062646990029389,0.9122878710844334,0.9003663771589994,0.9478765147656844,1.0,1.084667852296291,2,73,3.7416768583126934
0.7733965892383149,0.9076139101022213,0.9053274096662663,0.9909186687794772,0.9065648739032979,1.0062782589388777,1.0,1.0990755412111455,2,74,3.846232262757546
-0.38283791338851303,-0.5611992250237059,-0.5753296585581054,-0.5766173536034963,-0.5078006446154496,0.025116227759412198,1.0,1.025568019334678,2,75,-0.4377516810661754
0.6697775667778892,1.0239588318685617,1.08554017370447,0.9975597932694069,1.078043572387831,0.9521956350873109,1.0,0.9000478935948604,2,76,3.6118335530547405
0.6887176849599804,1.0137489188468782,0.996311566081749,1.0203602660493813,0.9375599241239688,0.9689087737282253,1.0,0.9576415186050702,2,77,3.505646454093976
0.5925640216953596,1.0387197295842896,1.0291153330825191,1.0037675415546778,1.0312162895189287,1.034358945368876,1.0,1.0428061493585663,2,78,3.3317322655500696
0.7254639449713381,0.9423156470981243,0.9000082362235547,0.9048001962421242,0.9017587534568572,0.9482985631060967,1.0,1.0985903098934984,2,79,3.7533881605087687
-0.033175228871363274,-0.9243548699534883,-0.9313071598278795,-0.8988610567151774,-0.9157104998159384,0.05359946802707098,1.0,1.0854013627821173,2,80,0.9495561339894447
0.83239399999495,0.966084497381848,0.9181390722085631,0.968363385152935,1.0086078149940076,0.9951517741856376,1.0,0.9299435538922709,2,81,4.025554783467791
-0.5386761435266012,-1.0577377430993327,-1.0633617300675526,-1.0389975005584886,-1.0345913249888565,0.054033888296209545,1.0,0.5399797353149092,2,82,-1.1635400104841798
0.582764083886584,0.9749697234828926,1.0357524236962476,0.9052071729092007,0.9939477257617788,0.9599920379182201,1.0,1.0982486544717598,2,83,3.3221246027340565
0.8421930189830076,1.0357275217370834,1.0998570659980216,0.9703307138591325,1.085301047829296,0.9605572308612231,1.0,0.8764932233183748,2,84,3.9111971750468757
0.6011117053711335,1.0112424598577996,0.9341659465201465,1.007386929243616,0.9506154588071289,0.9481456729723018,1.0,0.9147926105678754,2,85,3.489044350453722
0.12066711166004604,0.9054957998817768,0.8980819946431687,0.9367901250429758,0.9352549388699631,0.9489566892738035,1.0,1.0997123534976194,2,86,1.64800264987063
0.5225427329661947,0.2850284660886788,0.4941748813596026,0.24968443761933135,0.36154039401888666,0.9097214164568048,1.0,0.927032413589548,2,87,3.253321423078809
-0.4314120003810821,-0.9669842752676358,-1.0992349934617258,-0.9652746590019196,-1.0313079112424903,-0.03523724811753461,1.0,0.904499207609533,2,88,-0.6699102531662515
-0.3927729733795859,-0.9921429074536677,-0.963235221274184,-0.9417110304226795,-0.9876807561233599,0.00036832191305149857,1.0,1.0519626640622022,2,89,-0.48392232071014524
0.4325486844398755,0.9608730942042578,1.0061372611616082,0.9110492854715908,0.9971119774102779,0.985969529433344,1.0,1.063301977298278,2,90,2.9084562933436207
0.7212963268985727,0.9049243900335092,0.9543015222107674,0.9111429021201493,0.9141190807758832,0.9514605785346804,1.0,0.906304399859024,2,91,3.791307117743316
0.6031446660185427,0.9400287071283353,1.0322440246717484,0.9397772955637873,0.9915164842523598,1.0367237276228258,1.0,0.9915566577264173,2,92,3.2841926607206324
-0.47986309373577113,-0.9358022642943389,-0.8753387227069416,-0.863280136315904,-0.8806648069322016,-0.029903750021249034,1.0,1.099005682455359,2,93,-0.8101733742012303
0.8075111529361794,0.9283707442484455,0.9126566364429736,0.9603280869286681,0.9046874454349696,0.968160197579958,1.0,1.0677015024025331,2,94,3.8335018115810313
0.7475585722292228,1.0483594701006638,0.9962227046608017,0.9734396217235887,1.0707081490638368,1.0369815346498328,1.0,0.9556395728372732,2,95,3.9107471589254224
0.7231661647449305,1.0665498889770975,1.0542895120656761,1.0821378845890983,1.0960307037378678,0.9488368174404616,1.0,1.0111052659083695,2,96,3.705819816181871
0.0006792573548358174,0.9839734679897345,0.9712608454915072,1.0290945291279967,0.9220736671873709,1.02907413486581,1.0,0.9539882572635077,2,97,1.146313446527683
0.24682899346645004,0.7755509188357042,0.6312447042567638,0.7451675616511103,0.5998061166743602,1.0223155348467512,1.0,1.035968532962146,2,98,2.1941367373352323
-0.4438229246957741,-1.0951921765390888,-1.0971878149893683,-1.0886396258666171,-1.063579984860051,0.05378933673589979,1.0,-0.051304396924849616,2,99,-0.8614237548584993
0.9945118814279716,0.9299574304247069,1.0050863329900297,0.9083763390311457,0.967522840367573,0.984741155442489,1.0,1.005053388255893,3,0,4.145706631634375
0.60800307580626,1.0288968426302167,0.9885667787761427,1.079567833549022,1.049428797509464,1.0214014837266372,1.0,1.015997168919331,3,1,3.3740302296031612
0.6102588962848078,1.0868859690792159,0.998591131607854,1.086757322271565,1.086911393144062,0.981119448756167,1.0,1.066328495200202,3,2,3.2190851109868333
0.7756666162643165,0.9659610706543286,0.9530202037031206,0.9230854367245688,0.9252600122282322,0.9736648534566209,1.0,0.9981480560885708,3,3,3.630236763803242
0.6401582204307765,0.9015955325449434,0.9002540054180439,0.9000624539418851,0.8999997427563371,0.9569005116366821,1.0,0.9016199822567634,3,4,3.459225079759227
0.16175253323828698,0.900705159857545,1.0107377842619303,0.9014943739690884,0.9492924536048929,0.9589730560645104,1.0,0.9000360249295047,3,5,1.6768716116213718
0.1788200137563111,1.0760292000413867,1.0022244782012648,1.0629323276462275,1.0293662752401405,1.0050279503905473,1.0,0.908227552291061,3,6,1.763842320318949
0.6976821453477827,0.9483134112665221,0.9650338029368307,1.0142003339987349,0.9861056528815868,1.0324043568600965,1.0,0.9210673226728184,3,7,3.6168644155680774
0.20481993274395188,0.6758853083468926,0.7977483203027804,0.7309687899652598,0.6505050715892564,1.0294320752448263,1.0,0.9160938064093648,3,8,1.9051381249259636
0.18208349453767209,-0.8995638831002016,-0.9101571366027783,-0.9118792360254616,-0.9444470855791566,-0.029473098584811428,1.0,0.9041257172876158,3,9,1.7085154581546356
-0.07446707636254384,1.0232630062059387,1.090708692262639,1.0326947308402132,1.0735333510850908,0.9974084890553928,1.0,0.9974620126011319,3,10,0.7207756292841323
0.6845504819986615,1.0769690633841273,0.9792570964456021,1.0896162898067447,1.0830140582336172,1.0373913688340775,1.0,1.0791808749094884,3,11,3.58587621197657
0.7507760841929804,1.0998743232463741,1.0537691274412966,1.0936704728477626,1.077459356711389,0.9495869742566243,1.0,0.9871494119214789,3,12,3.6832661817338597
0.1467102106670369,0.9500632444583971,0.9508487231521049,0.9428585830626728,0.996826400896447,0.9675819962941798,1.0,0.9167326153155431,3,13,1.6518469841420167
0.7111805200699913,0.9852760400261494,0.900114594929919,0.9860156601179518,0.9616586979577167,0.9813749795150472,1.0,0.9023264484674619,3,14,3.543697720701371
0.6569751505845963,0.9097305202046895,0.9413162535687148,1.0509109829599845,0.9545496221525485,0.9624125914749798,1.0,1.097598100653836,3,15,3.37026919806682
0.556025628360536,1.089595589946468,1.0629937576334405,1.0721292566558498,1.0874429306025328,0.9809761738126742,1.0,1.0792976698056251,3,16,3.2433087420144275
0.1543904194405925,0.9112431379120802,0.8856903410081205,0.8767034457308788,0.909724132805815,0.9550036875778036,1.0,0.9553117677900841,3,17,1.6807196093123113
0.9274253030489188,0.9927004002738337,0.9417366288564518,1.0947611161520936,0.9705729590663364,1.019826381842329,1.0,0.6503583256680088,3,18,3.9637539479117536
0.6138172903027717,1.099257719873345,1.0642984019618884,1.0734532498920097,1.0929630698429507,0.9561380596278509,1.0,0.9219128531865031,3,19,3.183142738006655
0.9882610246883523,0.9459072769432153,0.9479889539871729,0.9107428442311574,0.9008634021718787,1.0318474528711477,1.0,1.089851419465099,3,20,4.348421535545317
0.3421422100143463,1.0567960877656262,1.0661690843591403,1.0260434626791213,1.0920008994111512,1.0285840392947367,1.0,0.9777576858541154,3,21,2.4165670129117363
0.8777399872057291,1.0906645244891908,1.0645936648559877,1.0859228677685229,1.0962404402215393,1.0462998928054859,1.0,-0.017537551850023494,3,22,3.794112447102715
0.0880715198072273,-1.0839652948783192,-1.085016551402696,-1.0703294818897446,-1.0999272974708059,-0.03580686747676419,1.0,1.0480680680192567,3,23,1.264399510833312
0.7019823120699145,1.002518853303801,1.0474769444868612,0.9647233562332086,0.911106987736186,1.0438099053970735,1.0,1.0456057516727135,3,24,3.6135900588984566
0.33881136015216784,1.0374158601763954,0.9746334614112153,1.0888099626009382,1.0520532004116934,0.9566641143326772,1.0,1.0597549938269197,3,25,2.3863657318763245
-0.3517390998985318,-0.9066685642194617,-0.9501900620143552,-1.0153479701007864,-0.9163845227021976,0.06392084038958452,1.0,1.0814746959226942,3,26,-0.45898372511619584
0.0018852927979318944,1.0190403069305172,1.0632146481454372,0.961009286501205,0.9452560228864364,1.0098303016438888,1.0,1.0973789215446725,3,27,1.0165295177157705
0.404787901787281,1.098547077149819,1.0866501946697884,1.09510037999752,1.082933186984294,0.9945283505921741,1.0,1.0940390659250485,3,28,2.6358420657155044
0.6651147075597065,0.9018390257285844,0.9296963939845452,0.9373584756072239,0.99215814518235,0.9885120217641021,1.0,0.9045401025986488,3,29,3.397872794735225
0.7182466030307811,0.9009908439422576,0.9428787052119998,0.903363802233914,0.9009112363035303,0.9930728504812892,1.0,1.096731832652481,3,30,3.615979055041329
-0.27805227918646847,-1.033897916723858,-1.0118082565297026,-1.0480060618112317,-1.0051465913626734,0.05555433308022126,1.0,0.9000445606978882,3,31,-0.15776696092440246
1.0154873446053374,0.9821761279298343,0.9770929948584776,1.0341318016804382,1.0700201514503174,1.0478462758901788,1.0,0.8753614353224741,3,32,4.2136153153918166
0.9484855024435512,0.9160774626089027,0.9791130416242848,0.9007298831101828,0.9600007602880959,0.9556794836111918,1.0,0.9487863149561904,3,33,4.136498127719641
0.7225900913590744,0.9000069305089129,0.9000249742026276,0.9457027241695591,0.9491258927960723,0.9596653424490111,1.0,0.9960320215396783,3,34,3.5182201065686627
0.5565104384812819,0.9425216524570018,0.9406098459325939,0.9653954630913915,0.9365189568789453,1.04366097793125,1.0,0.9051583835620931,3,35,3.24507153849198
1.0127843698103332,0.900674408104476,0.900851991788671,0.9802321374754569,0.9129978648894672,1.0352512110591683,1.0,-0.6253783932600558,3,36,4.126992803042893
0.5189809812299665,0.5301100419350308,0.563396003229288,0.4519261705512577,0.516900270688377,1.0028392698396047,1.0,0.9145765821891868,3,37,3.123713080769552
-0.3830266130607419,-0.9358375825634545,-0.9092733473869331,-0.8980196713791648,-0.8934462819390219,0.020305127105695462,1.0,0.9398579148117009,3,38,-0.5680740256313352
0.9723783686266858,0.9011129276703509,0.9024619065159791,0.9069985588745472,0.9000083587042779,0.980427724903715,1.0,1.0843430788967896,3,39,4.203753992668403
-0.35775940792105604,-0.964029748463192,-0.9608105622845508,-0.9863420004107689,-0.9509112728216489,0.018012219912342,1.0,0.9211958002040009,3,40,-0.4740788912910446
-0.11704971174632202,0.9075181574393649,0.8087685688169546,0.8982824412966157,0.9434369432257315,0.9520715808843447,1.0,0.9023186794313682,3,41,0.5628909450182757
0.6498956593460506,0.9309910970616951,0.9012644152716837,0.9071445106533872,0.921708324860847,0.9542675812352537,1.0,1.08485675011082,3,42,3.4947711361070355
-0.26754166624970976,0.9313656839736336,0.9931399814276886,0.890863021126789,0.9372820603441901,1.0369035638471178,1.0,1.045635561387035,3,43,-0.05792219461521572
0.40320938275297546,0.9290234087228847,0.9317044622733599,1.0316652087937996,0.9248216727129881,0.9961686382358304,1.0,0.9020818389146674,3,44,2.6147034980119757
0.05370223817682494,1.0766747905301732,1.0821273553685338,1.0912015240255002,1.0366652816893631,0.9851865583592443,1.0,1.0384923947430957,3,45,1.2667700125103252
-0.1392723629491478,-0.8951223390629369,-0.8954605394324784,-0.8811488689098217,-0.8842047055295785,0.0069732110261879025,1.0,1.0562749571759977,3,46,0.40859988465923663
0.13299048159659693,-0.42752826374016967,-0.43434067744707455,-0.3818234565677454,-0.42446320796117704,0.1470961539427536,1.0,1.0978246737812956,3,47,1.5599317706406748
-0.37070165734288374,-0.6282640314965646,-0.5658955618429109,-0.5729767419425713,-0.5735423489799901,0.015538486811851632,1.0,0.9509139291408746,3,48,-0.5092958614660179
0.679345633229459,0.9648247166285426,0.9295579510266153,0.9515622855240449,0.9528088564539879,1.0351961070605193,1.0,0.9012638871747705,3,49,3.450159669804759
0.34856420197488314,1.0895026775189103,1.077792525004169,1.0974129423872256,1.0762469600187285,1.0114585977082302,1.0,1.068235279984039,3,50,2.416567859255905
-0.2709453390140083,0.5845110987063318,0.5870103894878695,0.5727914359485682,0.5881029822467689,0.903785137911837,1.0,0.9066813071753408,3,51,-0.06208384451599103
0.649736243617257,0.912661595786863,0.9008473803743904,0.9256366657804743,0.9067426573372903,1.0341444623780922,1.0,1.0210285398137084,3,52,3.451811704671035
0.3540044212553636,1.0244526332099786,1.0087801440139097,1.0662303389193966,0.9445028011433545,0.9824497458759829,1.0,0.9067245530009184,3,53,2.4258880980867255
0.7409748935054844,1.005603457575649,0.9152129785925094,0.9177608367064581,0.9893910185403936,1.0209770557818023,1.0,-0.5372735029626037,3,54,3.3954223349671318
-0.23085830158209375,-1.0999379968748317,-1.0999643475684364,-1.0212040793567643,-1.0686804860673604,-0.0228108451123012,1.0,0.20148220529805005,3,55,-0.15265108019626644
-0.5449704586204536,-0.9071473411608133,-0.9281776574266886,-0.9834486577007194,-0.9594503969983613,0.01562239435034423,1.0,-1.061581356611501,3,56,-1.4452637778473962
0.7006196134118375,1.086628499526111,1.0923103906115146,1.086558621484389,1.0866749852740605,0.9636302848143005,1.0,1.0904671456212114,3,57,3.4737013165962587
-0.15420161557138726,-0.9735922683182228,-0.8933889076457082,-0.9640224031358587,-0.9073084943509311,-0.029647132039558835,1.0,1.09302688770179,3,58,0.34726921276116246
-0.5324671392595026,-0.8753952719303607,-0.9376188704226261,-0.9039492696526598,-0.9058015212006685,-0.015823267204637347,1.0,1.0849567546565086,3,59,-1.1279914765671046
0.7319308072878199,1.0258960068252487,0.907081558376797,1.0790371937543692,0.9671011064786417,1.0357204247532934,1.0,1.0000087847892625,3,60,3.559345410037221
0.5691958876523623,0.9173117251668069,0.9009935977635094,0.9201639817599186,0.9430697771193441,1.032878599855386,1.0,0.9023659560295757,3,61,3.2588227039286
0.9403751610963488,0.9392455525332184,0.9821737803167918,0.928691363395063,0.9023986946460031,1.0286504019489473,1.0,1.021713414206587,3,62,4.027960464204981
0.9012773090431572,1.0283681111152134,0.971513921664638,0.9518247637295306,1.0402842198701392,1.0186371596048869,1.0,0.9009001927138549,3,63,4.133768856841922
0.5907238571467001,1.0979111288622605,1.064316947728899,1.0898820108322662,1.0845062463215307,0.9674272738340371,1.0,0.9268713968063519,3,64,3.3109536155433963
0.011772182101772784,0.6173932057934793,0.5886101386809932,0.6408275291746148,0.6954593763125752,0.9248736995276116,1.0,0.9005244841042305,3,65,1.1035114336929763
0.7119833370037072,0.9902648263429402,1.0134180293069468,1.0647553702011445,1.0480617428665595,0.9682255854391618,1.0,1.0434057104524546,3,66,3.723367079624964
0.5761519679879652,1.008419202177939,1.0945726329153243,1.0550310581142017,1.0854590468095908,0.957965352002207,1.0,0.951742503475786,3,67,3.2912774801821603
0.28233620295585315,-0.3718504885312611,-0.5222310848241725,-0.3678760679600106,-0.4778141334863968,0.202207425799792,1.0,0.902385973270853,3,68,2.1717151422866294
0.6046417723323002,1.0647460618500235,1.071382823412818,1.0425950523179293,1.02955246088839,0.9744194097465044,1.0,0.9958498975748493,3,69,3.10101377017762
0.6014629250242076,0.9267672376128226,0.9020831964451446,0.9289417728801099,0.9033006076437435,0.9478403925435303,1.0,0.9128408205342309,3,70,3.180605144246917
0.5911028995562702,0.9518494091993999,0.914597240290688,1.0112066676392777,0.9151568621657147,0.9939937885509065,1.0,1.0707074967282348,3,71,3.2027966258225766
0.5795839634119989,1.0706580956170648,1.041302976486029,1.0565850447757161,1.041826883403336,1.0473863806186823,1.0,0.9097426890069003,3,72,3.2298740065268157
0.7860180942440037,0.9213942893478202,0.9479549384184878,0.954295039704123,0.9279142088327643,0.99956223931782,1.0,1.097769704848346,3,73,3.8817464819995684
0.959827591095017,0.9058287396767593,0.9994551425277758,0.9025022074715568,0.9398166610493236,0.9587058913459275,1.0,0.9082634683503761,3,74,4.16366859385581
0.11992329125347191,0.5654403231027146,0.538728097753205,0.5516559831453979,0.5472395818868301,1.004585885946183,1.0,0.9287824362954861,3,75,1.5593017897810986
0.6175696091558902,1.0523602363958526,1.068046001123773,0.9569718783549431,0.9582942658494262,1.046349505984435,1.0,1.0914758518405479,3,76,3.2719790014815024
0.7515278394756857,1.0297159507666602,1.0121554505597896,1.0628596169249263,1.0862323728188843,0.9671558335766598,1.0,1.0123085697031478,3,77,3.516486726368264
0.6298197353112702,0.9108825866689607,0.9177567279825534,0.9479764293462345,0.9256234394246983,0.9958709090611717,1.0,0.89808744064725,3,78,3.2174645058200673
0.7545769358533481,0.9236130077026907,0.9072100955387362,0.903142774590601,0.9163441581160435,1.0060807337926914,1.0,0.9068427774332697,3,79,3.6643243298401584
-0.006125190057033134,-0.9761869791566415,-0.9413712996126711,-0.9652923107471062,-0.9156525257177155,-0.001520192272070016,1.0,0.9094413497072621,3,80,0.9673677098226383
0.8367934161593071,1.0800339441951579,1.0891677346719733,1.0891851136187989,1.0931095820054215,1.0418800112802784,1.0,1.033924830527037,3,81,3.819279455913746
-0.2804730566119187,-1.0951697139181418,-1.0834543907437504,-1.0838317044352368,-1.0941114908756249,-0.03661104135822475,1.0,1.061144849322852,3,82,-0.25047669637510744
0.6371569285602356,1.0934028437766845,1.0434571970675117,1.085271221411084,1.051470531933512,0.9805732488225273,1.0,0.9889332588019762,3,83,3.37186357348097
0.7515886427307548,1.0241213752463192,1.09962838289065,1.0205320892143597,1.085980468222943,1.0457840176505415,1.0,0.8718340232277751,3,84,3.4919840416418424
0.5644042913535482,0.9240679634483198,0.9286510313249053,0.9046593395509219,0.9012055394770095,0.9478499524744624,1.0,1.09567354653315,3,85,3.1970594932379157
0.5153155628781079,1.0812113012090638,1.0962320258495493,1.099590485116912,1.0868518430018554,1.0451022401158345,1.0,1.090019068816281,3,86,3.049311445124568
0.5766796124332708,0.9218146597858603,0.8956968644425333,0.9022301040262704,0.8863295260019457,0.9671132686395996,1.0,0.9516712666490539,3,87,3.3228508060170547
-0.12626724982776255,-0.7448820122100525,-0.8159015901914894,-0.685500850589157,-0.9415635287622608,0.0045904705658372374,1.0,0.921776725453166,3,88,0.4715503072327169
-0.25355697675906297,0.5308235174513338,0.5375786511747188,0.5572769440511003,0.5507152886113424,1.0020548104185858,1.0,0.9003205158599705,3,89,0.014494821002696154
0.5971313869592232,0.9061191381256377,0.9559151121099951,0.9001494140648489,0.9099177656853649,1.0090848288129362,1.0,1.037872979936231,3,90,3.3539622084968994
0.7284039970284528,1.0968882820225259,1.0633239322358015,1.0843727639498608,1.0872900192221426,1.0392542049365967,1.0,0.9853779128518338,3,91,3.6670917635662184
0.8230099262735455,0.9630248988441572,0.9053508599503632,0.9081729543640331,0.9186077228705625,1.0462641140703444,1.0,1.060998536442769,3,92,3.8237234731304794
0.28747056980809743,-0.28596184758237375,-0.05280920003925971,-0.1497944321876392,-0.22518154504497226,0.40848970533961015,1.0,0.9648309565307769,3,93,2.207625077462601
0.8525567725114653,0.976918415394651,1.0332755406211152,0.9376258295270952,0.9755346906776658,0.9504998779047208,1.0,1.0204385722635823,3,94,3.783757353203161
0.6460696365042253,1.0999823786587597,1.077927197343565,1.0580259933781266,1.0891573583029586,1.0224973189115591,1.0,1.0975793806601084,3,95,3.4157317462227956
0.7636896235169287,1.072629966955608,1.0584527270661277,1.0977960722774212,1.0427061201386814,0.9500624661118191,1.0,1.0244793228997684,3,96,3.660020633956035
0.5154133565422665,1.047844078531503,1.0433252529272559,1.0508924024547475,1.0602420824601209,1.0443550008341094,1.0,0.9300787629851346,3,97,2.9982678277331396
0.5447838174268808,0.9054475601811054,0.9189005668151898,0.9077117758353865,0.90223284195609,1.0184047532371,1.0,0.9000659579553072,3,98,3.164953323390807
-0.29108955972169476,-0.9147588690389169,-0.9133020496135731,-0.9017530849279524,-0.9274970954482794,0.04909787433913073,1.0,1.057748799422784,3,99,-0.3070571757260232
1.0189472071406358,0.9893263834071471,0.913049502502103,0.986886848790159,0.9659349769559918,0.9783618510480222,1.0,0.5255199609951282,4,0,4.05280802237918
0.6413788738621722,1.0895671203069515,1.096986260529165,1.099503068921841,1.0999433900752,0.9942814334609155,1.0,1.093587703514564,4,1,3.3039883300792097
0.8123952074187245,0.941111704225326,1.003411320206453,1.0211152961378318,0.9738161276974419,1.0325946393196377,1.0,0.9591064179792235,4,2,3.654406650823435
0.9713126079268448,1.0056654310758457,0.9722576941885115,0.9152653555082749,0.924808485233917,0.9527143109698103,1.0,1.013460189649873,4,3,3.9968355811012817
0.8652827388859002,0.9437661111936132,0.9342486881069678,0.9515399045673999,0.9902745027522999,0.9504143780127187,1.0,1.0969179058360594,4,4,3.9596180259554057
0.5443025676603748,1.0980865856399586,1.098728822493994,1.0726294917519332,1.0888996622879612,0.9763852132590067,1.0,0.9005313977739074,4,5,3.0174885685314847
0.47146006799615536,0.9002748315234445,0.9121836030078383,0.9183287584626367,0.9126283020895745,1.0007347183118511,1.0,0.9410452718019005,4,6,2.7795868277026288
0.9196321193131245,1.0993718758198914,1.0858524197717796,1.0999233211356203,1.096911145050753,0.9646453786619821,1.0,0.9738493435506453,4,7,4.067976216648939
0.5140695799430045,0.9638335079483515,1.0071513094266717,0.93479242258397,0.9392209522479475,1.0320980817155176,1.0,0.9202345487506636,4,8,2.9911410672086114
0.484343046527855,-0.9476900478023392,-0.9718879037489695,-0.8927231940785161,-0.9184821926898185,0.004288418955639379,1.0,1.0856208117823416,4,9,2.830997423817732
0.4922258162243597,0.9213605986637081,0.9552942460305005,0.9032791003285696,0.9397880323412672,1.0024685300392628,1.0,0.9106332277064171,4,10,2.8486126026084397
0.818035121989825,0.9844742094828379,0.9702426777757586,1.0189826245788671,0.9598848441324077,0.9570523867258,1.0,0.9301883995353091,4,11,3.782267519563831
0.8542943427881248,1.09200034485817,1.0912583890951624,1.0948049556140425,1.0956149695383905,0.9697308084524693,1.0,0.9000859524369953,4,12,3.785361855680848
0.5533261185122811,1.039150818807921,1.0123939483705675,1.0959087998802401,1.081330084873917,0.9877488073542644,1.0,0.9202914949026947,4,13,3.0859747767332473
0.756118162574606,1.0768011172853253,1.0296667911375887,1.0768320116373686,1.0412262159485517,0.9489340894369961,1.0,1.0627184254125492,4,14,3.503232570391939
0.7693792715425986,0.9089752048987046,0.9627638905212436,0.9288805163867931,0.9719308647270914,1.0025150575233392,1.0,1.0358554631081804,4,15,3.558946147557993
0.6207890109082055,1.0986784409314492,1.022797078558403,1.0931832573139006,1.0954603128590663,1.04802031634595,1.0,1.023667296475008,4,16,3.331696959853365
0.5467336045699498,1.0261280496273,1.0903635359368904,1.047244383629764,1.0606635452932947,0.960121875134676,1.0,0.9949084255990807,4,17,3.058971911824556
0.9123403392425208,0.9350521089913004,0.9245120748419071,0.9495016163958085,0.907900221661204,1.038079700845426,1.0,-0.5021275120465678,4,18,3.8018188610484764
0.7623309992350461,1.007375467330141,1.0277187150007914,1.0284482543971258,0.9764617882135684,1.0468712084058753,1.0,0.9651756997581339,4,19,3.4820440986141667
0.8500353378643044,0.9493630441372052,1.0193328218064739,0.9149099529785287,0.9153898084098419,0.9807768057669395,1.0,1.0997619455029692,4,20,3.8438129002649175
0.5491586094323846,1.0999627887470824,1.0823978202854976,1.0952720833516456,1.097926619443147,1.0024871589794597,1.0,1.0445051315599962,4,21,3.0379776114692914
0.8904411756649301,1.0229687025196645,1.087743046535952,1.0543581471560146,1.0841558676379934,0.973864303392987,1.0,-0.6564933110031409,4,22,3.7286659817414245
0.3188631310049946,-0.9191832934781952,-0.9216063425724188,-0.927102301792008,-0.9403918877458517,-0.01619200393458233,1.0,1.028940304898527,4,23,2.1679907818644253
0.8384346217465602,0.9890457622867244,1.0197077837921777,0.9164339728817201,0.9055274188154211,1.016372347202436,1.0,1.049406581626387,4,24,3.868408809089104
0.5874477940134744,1.0847175628978074,1.0740980401438718,1.0047671939602811,1.0837007929148905,0.9505518819722271,1.0,1.0955286456474949,4,25,3.123793116949153
-0.17457562597499104,-0.6779018411934372,-0.6955385680739615,-0.6906522523624973,-0.6472329368114895,0.07366381331329316,1.0,1.0255309558284156,4,26,0.18704186608295265
0.5666600979392252,1.0197226413395346,0.9953125440437438,0.936782486954627,0.9563090023285437,1.0401018342279111,1.0,1.0621302684758738,4,27,3.110975451520858
0.5742073741256071,0.9552145146002913,0.9099536659595885,0.9886763403326128,0.9784856497116434,1.0113778278525996,1.0,0.9268576117432753,4,28,3.060438444680214
0.717979802173322,1.0890835913933756,1.0489666343766766,0.9549089829292956,1.0309332864650549,0.9575951070837992,1.0,0.933230856131014,4,29,3.3866086533492337
0.6501102428744548,0.909826823309212,0.9000263175153382,0.913456059144969,0.9788684200613907,1.0396475650051047,1.0,0.9059814958291726,4,30,3.190860162928846
-0.05858653357527434,-0.570745076674236,-0.5674789229362412,-0.5656003567987337,-0.5590112863238084,0.11903041852491955,1.0,0.917301737790531,4,31,0.6703366067508234
0.8555134250993204,1.0342315929701194,1.0950213434649423,0.98439066778579,1.0337699309300485,1.0362509451181765,1.0,0.5372081981055139,4,32,3.6673947166550662
0.9948039131981741,0.9589343232594466,0.9016445745636531,0.9967406389534323,0.9339469622920364,1.011367444953403,1.0,0.9498336741691412,4,33,4.0705006753713215
0.7580708073406071,0.9706845345992908,0.9998425917749489,1.0003753637798813,0.9841217319343173,1.0488124591016772,1.0,0.7790695311583556,4,34,3.4398136350614714
0.6116824302449877,0.9430548718789354,0.9136682001253605,0.97665464792359,0.9271140004676842,0.9931377507023144,1.0,1.0624210514433827,4,35,3.3180299461632514
1.012993859641497,0.9021034640805025,0.9725070706209218,0.9161149329564928,0.9028760477817962,0.9765804456752761,1.0,-0.5666397557068968,4,36,4.064718405475739
0.596909767636242,1.0606098076417592,1.0613321807246916,1.036403660826907,1.08149814915353,1.0296706254779295,1.0,1.0985208501738857,4,37,3.275072267711485
-0.006995068028962401,-0.5499947844286518,-0.5365224306956865,-0.5114937056537774,-0.4640688745848194,0.10526844588702838,1.0,1.0956831392369468,4,38,0.883749985124842
0.8651974589593455,1.0586877752155233,1.0953756081896568,1.0554439570873815,1.0863852845068585,1.0467441928769294,1.0,0.9530421560459318,4,39,3.7634579561711328
-0.09342843368428462,-1.021405454496074,-0.9318907969646376,-0.9816735092052447,-1.021583696781125,0.009090340043374391,1.0,0.9022479780990469,4,40,0.5105190176726997
0.5326054168995175,1.0869324148191948,1.0858390116379226,1.0895546349527867,1.0999487647841568,1.0143371963244285,1.0,1.0846347929301046,4,41,3.0196754999169344
0.786722625184082,0.9220708076205785,0.9169535007824603,0.9057493345342565,0.9226255483067785,0.9560455836029103,1.0,0.9106639107985425,4,42,3.7790184423493933
0.05938692355862777,0.9596176268738672,0.9811693516574225,0.9838444453022721,0.9699226115915063,1.0302800677105401,1.0,1.0581384617329772,4,43,1.1753135249656126
0.5276129641768604,0.951064740475916,0.9000733870664102,0.9247913182315186,0.9000619674798318,0.9487134664554291,1.0,1.0995584760202295,4,44,2.9344980266127862
0.3430753962783232,0.9951088129182603,0.9851194948618738,0.9924735910180856,0.9845652608727873,0.9525587244416736,1.0,0.9158484425598659,4,45,2.2696773553547027
0.4036547294347632,-0.6202972222952837,-0.6729487576940026,-0.7522402548340477,-0.6532908548619101,0.018002320511905534,1.0,1.092848348971536,4,46,2.538071364757009
0.4603707116622019,0.9704019262125461,0.9588967104555537,0.9133312885426752,0.8867829491755191,0.9433212390722528,1.0,1.0989709179212954,4,47,2.810428166915144
-0.14729317811329967,0.7322667125763634,0.8867822000376451,0.8839846893301333,0.8877766928942987,1.0395804694403428,1.0,1.0971693321380576,4,48,0.3531431583971727
0.6226494950892233,1.0754277467979327,1.0134135523118462,1.0879239432327057,1.0554282756158893,0.9612846769907057,1.0,0.8894172803516283,4,49,3.0577727819193883
0.6796522229852506,1.0626760047652866,1.0676155976369872,1.0278174540895475,1.0656942053374359,0.992994781311395,1.0,1.0918888962640874,4,50,3.440803047642821
0.036670887403511224,0.9889930870273411,1.0042092165595584,1.0041615757120348,1.015367615510246,1.0271557156565416,1.0,1.0671279707819519,4,51,1.0883315142764314
0.7575926429190855,1.048190873219539,1.0743486705252174,1.08683766048471,1.0811442859442941,0.957535460714047,1.0,1.0992289941908684,4,52,3.6632427902850453
0.5643856909828693,0.9037935303169716,0.9103433404822882,0.9000027002096489,0.9040207295036855,0.9797624757127016,1.0,0.9887938869589664,4,53,3.0610935804029387
1.015438354126361,0.9251299779299987,0.9193548623885169,1.0310249132234595,0.9626663328139402,1.0389844606854868,1.0,-0.9687225665268765,4,54,4.028884315077746
-0.2459423094647132,-1.0821925753508435,-1.0832027198556644,-1.0140801559381918,-1.0527560558182036,-0.017014446324434808,1.0,1.075867857387371,4,55,-0.24361685676137979
-0.20604982783989056,-1.0460997839124095,-1.0410357491946254,-0.9826450605518889,-0.9756333139672012,-0.0395985283881167,1.0,0.5998815892289998,4,56,-0.13630736279337277
0.9859873856087558,0.9849048883119822,0.987391414275521,0.9002345372748862,0.9670769895450673,0.9737411094800947,1.0,1.0423073335599704,4,57,4.085341611869842
0.1843799704249127,-0.5557661553973541,-0.5625072909221944,-0.563094117242536,-0.5516480629418921,0.13250019847791739,1.0,1.0719088904840468,4,58,1.6776021510908403
-0.28478051448304076,0.5627232916346145,0.5523777118841052,0.549815433834389,0.5486303938153866,0.9133347644297558,1.0,0.9868131507456815,4,59,-0.2068611077208059
0.7692092037433158,1.0537604225382506,1.0885727076167728,0.9855010438108663,1.0137646837643937,0.9528884101236946,1.0,1.0494059201816497,4,60,3.495319958833187
0.6223720473714669,0.9828511592327261,0.9831975139536978,0.9788849351516669,0.9857175621717802,1.038815547239923,1.0,1.0934689768570895,4,61,3.3034253363100463
0.9505666247297806,0.9570373491553932,0.9040706913463513,1.0614187902367223,0.9985987093781852,1.006300141843094,1.0,0.6953155213500359,4,62,3.896576769120144
0.798862153413511,0.9827671018490707,1.0492936887028352,0.9254874484221861,1.0204486968298385,0.9975924406580404,1.0,1.098432145228096,4,63,3.6965677972937336
0.6361455251264675,1.0741398369830584,1.0710833964021043,1.0635835327742156,1.096399642650118,1.0262337807294755,1.0,1.0695720030340994,4,64,3.2968861910420215
0.46551964167983817,1.0534393961948354,1.0525499012124422,0.9958034135032492,1.0379291800067065,0.9506697044403558,1.0,1.0381487918900068,4,65,2.7906713993774694
0.6071286509050364,1.0293892173690111,0.9774658296554908,0.9715252616385532,0.9117939391540459,0.9566750608135759,1.0,0.9171337778756882,4,66,3.2013525177329276
0.6202638268014642,0.9309757521658989,0.9813053436965697,0.8999945994181394,0.9019523387754652,1.0380590352983479,1.0,1.0993123501394806,4,67,3.304843096450756
0.569000891624823,0.8416094487921493,0.7421885456916921,0.8406991537844513,0.7351430319074925,1.0395990863848175,1.0,0.9002122844743474,4,68,3.2094256998017068
0.740590111017157,0.9187827915343969,0.9001830982132442,0.936372863416706,0.9043645694183334,0.9727024057033289,1.0,1.0065364095856142,4,69,3.377048600919079
0.6879473661363698,1.095250405843442,1.0463267567520333,1.0697304264070375,1.0997123531817292,0.9996704803673526,1.0,1.0990786220430777,4,70,3.3386721819898364
0.7684546008483725,1.0000333242122357,0.9612251132825486,1.0012142664337496,1.061427108375084,0.9889953955043628,1.0,1.0491357763787117,4,71,3.5747949483808164
0.6422004006612178,1.0833889116396858,1.0985029826064427,1.0776403045550418,1.09449339118748,0.9631483278285656,1.0,1.06736314843169,4,72,3.3070861511254543
0.668602996068257,1.0863542297620765,1.099832494391181,1.0657732620669453,1.084848886672856,0.9518728015986008,1.0,1.099034170640829,4,73,3.3872200559720786
0.6917012353367306,1.099861894194011,1.082289727327692,1.0617736070715762,1.0920072797776328,1.0483779143250378,1.0,1.0155978716386531,4,74,3.247574931266236
0.42827618435547316,0.9258189357358193,0.9263904758834888,1.0074507485568471,0.9311464428565885,0.981040111654464,1.0,1.0997787351927746,4,75,2.6745676621158214
0.6725312378287521,0.9014940454149953,0.900533567325629,0.935504671229015,0.9601630103547206,1.0408161831705622,1.0,0.9205752801037244,4,76,3.272184665872538
0.8935149407781018,1.0684781469823907,1.0462397821850726,1.0911185914085626,0.9983689171675548,1.0284954966824784,1.0,0.5193633232737687,4,77,3.7597572210025865
0.7191791584822056,1.0999880292887472,1.0784496156518708,1.0442370511570713,1.0553261952624686,0.9491203422623831,1.0,0.8760415704653264,4,78,3.3344572466363402
0.887078553249467,1.0933342300334852,1.0966603613261783,1.047576700196658,1.09965202224374,1.0077080916919967,1.0,0.8980871256173479,4,79,3.871260889073872
0.46565419340323483,0.3151953235121112,0.25980452198137166,0.06625655315514356,0.2585644312502998,0.9251819355529851,1.0,1.0753372452761725,4,80,2.8346287285562557
1.0131544761041276,0.9024108396637588,1.0024952427195555,0.9204490742000129,0.9054875863544518,0.9927568155128207,1.0,1.0035801322970375,4,81,4.101971176919207
0.39019977885268514,-0.9960582849704429,-0.9071247925568381,-0.9645786678273572,-0.9801681866876949,-0.03061607077706294,1.0,0.938210172780885,4,82,2.4431194089831356
0.6144023064610448,1.0568863367949906,1.032119042026494,1.0847458157444239,1.0997993454761528,0.9601002336022206,1.0,0.9057844690004127,4,83,3.148320531834096
0.9855867171384518,1.0603390803711634,0.9525123415204875,1.087913538781175,0.9578705887213098,1.0003248337755009,1.0,0.3339844098113534,4,84,3.9837845635282543
0.605172488327354,0.9022999405416811,0.9169999433239479,0.9422911205911566,0.9125130513576583,1.037484456331583,1.0,1.0448960377188758,4,85,3.205506837991968
0.5904872763146858,0.9041465216015689,0.9053049634679403,0.9306634885566486,0.941672457419654,0.9502359211564796,1.0,1.084083576881126,4,86,3.163424034763306
0.6534232994889031,0.8998518011105237,0.9162622791010318,0.9175967025497591,0.9049280291005146,1.0326028957306947,1.0,1.0978122229415759,4,87,3.4558373497065653
0.24390034000866945,0.557597171340733,0.5078529453173646,0.5353535455416094,0.49211348421154066,0.9864161795223428,1.0,1.0047731673926927,4,88,1.9727385720870378
0.15969091890724885,0.898678288716795,0.9223701498345894,0.9237406276139196,0.8981365282476841,0.9565580990980597,1.0,0.9422713990028282,4,89,1.5993513968845454
0.5941283830442744,0.9012351247161282,0.9205479922444024,0.9204384371536816,0.9069086490842895,0.9489777862963126,1.0,1.0366973073162309,4,90,3.213726760659507
0.7116371207773483,1.0296913177253535,1.0882112486130677,1.057882838404718,1.0978163746580523,0.973523812990113,1.0,1.0953311147286857,4,91,3.427809591673932
0.8562487433929383,0.9124170740960001,0.900985582463991,0.9476184150508918,0.9868313353817089,0.9488488872398456,1.0,1.0251406698277834,4,92,3.7602913677976426
0.5663835227865751,1.0843375561174478,1.084487444125107,1.0267074778569556,1.0730005107536613,1.045801629693463,1.0,1.0982333605779449,4,93,3.180345130325297
0.9170199746135005,1.0699502933314118,1.0991308163725848,0.9917706626237333,0.9985246428209964,1.0147888252653996,1.0,0.5771144684715916,4,94,3.825847378015447
0.7357334908298138,1.077408093009269,1.0935381658361405,1.0729595250608306,1.0879196785975038,0.949216330055461,1.0,1.0274224896074722,4,95,3.49430807155873
0.7173508989066548,1.0310936936680803,1.002111596917331,1.0148647299106812,0.9718404976847491,1.0097381075518839,1.0,0.9330715840556124,4,96,3.369575751004202
0.5784560058249248,0.9160142109714815,0.9390300327642451,0.9293164785432808,0.9292529244109378,1.026042514370066,1.0,1.051688263039707,4,97,3.0540962320886296
0.5866202197492296,1.0999962246503514,1.085926101618657,1.0636007803735126,1.0995065977927982,0.9972085599293614,1.0,0.9794312517260919,4,98,3.1674536165854663
0.08347428403882826,-1.0606146693844767,-1.0277780965624381,-1.0510264177997986,-1.0525520854819637,0.06417189232826762,1.0,1.0988309899799251,4,99,1.1941623813447713
