,Z,X1,X2,X3,X4,Ti,Td,Y,time,sample
0,-0.8292218123702942,-0.45362906643968703,-0.33587036624416566,-0.2514038611450796,-0.4900465804442165,-0.09506200307512054,-0.3752168983358114,-0.5254552971831405,0,0
1,0.3229109408089648,0.20851081769583804,0.1468454661256482,0.056384386975263025,0.20243652223572056,0.047840160062749756,0.12021962580792105,0.3130678151263795,0,1
2,0.41193226419966644,0.17753195582878234,0.13223476685943816,0.1307834739107471,0.20861613609756707,0.11325814595995914,-0.08919295497397084,0.08072907863798832,0,2
3,-0.7250951336696296,-0.3804663526400703,-0.28524118231039475,-0.1682623808530974,-0.4233209621887469,-0.07896611166989509,-0.4018561501212689,-0.2692967319043137,0,3
4,0.20440074753778306,0.10013419227942277,0.0822977576731877,0.11273000213103437,0.20883311489505094,0.1602484007970427,0.1809690404285921,-0.24148791884243304,0,4
5,0.7431811362130544,0.26851138399680685,0.29171140978656973,0.13474605331456185,0.4294163278558837,0.23205481048689983,0.3166317111678979,0.77356386129714,0,5
6,-1.5154293222305133,-0.7008667852311827,-0.5601532532686524,-0.331821385026716,-0.9477004496206474,-0.2470690359618747,-0.6964714043823628,-0.9845100345504512,0,6
7,0.8021376761310085,0.3990019640475052,0.313612543545761,0.3001043112033823,0.48612803899289503,0.18106141962467676,0.3978368971289245,0.28107980557375345,0,7
8,0.08580230239746266,0.03762621581782486,-0.005352876455631664,0.026686581021390664,0.16269996799161707,-0.09775334111033206,-0.020994207331985697,-0.06905238684093726,0,8
9,0.10563093007794468,-0.041303220493748065,0.07804135539029486,0.033773526653703576,0.035206787930971484,-0.062486600460394434,0.042628534048502455,-0.00801915559058193,0,9
10,0.11789323679637,0.11826957377670108,0.17838106446235497,0.024036066118486674,0.09303794637476322,0.11989383629261885,0.06260650557534042,0.011025977701015044,0,10
11,-0.7311653054132954,-0.411946235771548,-0.2521889538421599,-0.24503460612300737,-0.42604524254414067,-0.1053985699533665,-0.26580394515842853,-0.20314022697950587,0,11
12,0.42813785977493385,0.2722761760698176,0.20033653582442104,0.0864707621760113,0.22155584472321455,0.13584409031226694,0.2651729433291533,0.5594999403443469,0,12
13,2.0821498081563523,1.025715173932638,0.811016127803056,0.6043493536640784,1.2015639447766977,0.40184356020114076,0.9843871661594704,0.8549912285553016,0,13
14,-1.675865968415721,-0.9177614291642231,-0.6905508130633332,-0.4943901032537726,-0.9928797436010334,-0.2589371971639246,-0.784526502317902,-1.3330733976287066,0,14
15,1.694637931467981,0.7820913933166886,0.7606489325130735,0.5357413571876476,1.0098149814485011,0.529347367457539,0.8294047551396826,0.823719764938408,0,15
16,0.10078376023837027,0.027016552988231614,0.14094995137597274,0.0047486624365105055,0.05095735906921579,-0.030247759789784414,-0.04495546163340705,-0.04918208980269566,0,16
17,-0.4611466557595558,-0.26902623738302484,-0.18044950401754722,-0.24055649831151588,-0.34726984362528235,0.011639976283786824,-0.0852471148778771,-0.24614098116827288,0,17
18,-1.2076394992809687,-0.6703277414813242,-0.5373488327417789,-0.3745955796323836,-0.7328098150185511,-0.501492599837318,-0.700793754724462,-0.6901027912414158,0,18
19,0.2934328509734614,0.17217344436655724,0.2201876977747243,0.16533592271745562,0.14887945198415306,0.22617905052451923,0.27742725760616205,0.12087591684012132,0,19
20,-0.4940027069902124,-0.2090251402019129,-0.25368296888638653,-0.20065393244290292,-0.3627562855432367,-0.07766664705557842,-0.30539408215372,0.08551284359378897,0,20
21,0.9701595392228605,0.5427601419378417,0.38121923286594106,0.26653340070028375,0.5516299698129578,0.26725390432419227,0.33743069745121257,0.43793589706594377,0,21
22,-1.3948816503605932,-0.6977576890036936,-0.5590215924422282,-0.41216091142883915,-0.8720287368667792,-0.2643929562738242,-0.5476134874168379,-0.9194442811639976,0,22
23,0.5553707392726688,0.2643197855096262,0.22529609193726297,0.1515048592997259,0.3027316025294953,-0.0540037007931872,0.16373201484342348,0.05014979281591084,0,23
24,0.5928458357478185,0.2955036833311766,0.23488282280119693,0.09572577299438603,0.3498176932970234,0.11736599920107503,0.314873176909878,0.674064352910862,0,24
25,0.7373817901405588,0.4101087499568835,0.34627703421428846,0.2003883616453829,0.4669835856957085,0.20735067398430942,0.5355579779688973,0.880152885760264,0,25
26,0.6147370542173846,0.31550783309698127,0.2592430071909644,0.038631399933143934,0.3165199741590195,0.16670125726577378,0.395357710645813,0.3912937162439142,0,26
27,-0.2617504357797048,-0.11379939096072508,-0.18932653294177287,-0.08317642550386999,-0.1498537828721815,-0.03020804864175072,-0.345411139267936,-0.16911335694647844,0,27
28,-0.19300040880824687,-0.12043577291930385,-0.053740958537192615,-0.11482976746620553,-0.05518424172341013,-0.1339294119771076,-0.05405645461579317,-0.3315085484705766,0,28
29,1.1849392616821688,0.5541203402692723,0.34272918612789877,0.3429731438073734,0.6830584722140323,0.3563604064638763,0.699426398154519,0.8411336398971089,0,29
30,-0.6839523992732337,-0.4611982224530055,-0.3267414330880516,-0.1490360615527726,-0.36325226125597426,-0.1991628843929107,-0.37751064109244825,-0.1621105244372713,0,30
31,1.4117241445989626,0.7177563952214401,0.5453024135332815,0.4869219500100601,0.8216419740013895,0.49657289950788686,0.6390912216575468,0.764070849559439,0,31
32,1.3225434887671983,0.6901855389659248,0.45654959076528057,0.38982934683835585,0.6936140004982321,0.11561652247717066,0.7901326944929632,0.37932302490258996,0,32
33,-0.07440829699808842,-0.027226977057118865,0.007049472746521422,-0.005128869465790838,-0.1311447181849782,0.20015388505836554,0.1474988294120796,0.11229996263380643,0,33
34,-1.1461298971626628,-0.577190075988741,-0.40758023195593257,-0.3466663419460381,-0.7221402444155747,-0.11009701952725677,-0.47400832163795464,-0.6705130779870178,0,34
35,0.32572705639923877,0.11254593582645213,0.11428127290251973,0.08834140338392077,0.18585946461695874,0.12296656456387595,0.21755874831230582,0.31061651356821174,0,35
36,1.78237056340999,0.9277387514914655,0.6966013494033182,0.5244939747752887,1.160844416196892,0.4419000027506076,0.9402188616467829,0.8509751663327443,0,36
37,-0.8874684117888417,-0.5006722439582711,-0.2984362586432313,-0.2154936472457836,-0.5092452651843202,-0.33111988460175196,-0.1912331219542998,-0.24623126123895633,0,37
38,1.3894498094107897,0.628996911641832,0.4870657087219273,0.38756275472311863,0.8537196438752845,0.2970629193125467,0.6802188399589143,1.1175699492251794,0,38
39,-0.8480447589032711,-0.47986701132966386,-0.3293617981432097,-0.2644761948723168,-0.5265353144239894,-0.19822717839601608,-0.6812547094136543,-0.3646095308975796,0,39
40,-0.17979670758385682,-0.04773565446304582,-0.11155219829133581,-0.13634670847616673,-0.11592415030617155,-0.02984471815425927,-0.13214076181608841,0.14412246147127145,0,40
41,-0.4908575125684859,-0.2699770460097294,-0.22590963079069704,-0.21017023160550102,-0.28385743690967624,-0.36174908119930815,-0.445199105893464,-0.31410022254845127,0,41
42,0.9640520947303155,0.4477645882140566,0.3715011118280188,0.3127102859276702,0.48457995517380964,0.20724499290561207,0.4385770078456361,0.44685743967349034,0,42
43,0.2540049362127336,0.04054797664603779,0.02945795897095821,0.07239090384434207,0.1350506632484269,-0.0737825721012515,0.08761056600980166,-0.06966823863735858,0,43
44,-1.1685142674984237,-0.5924716228130852,-0.4871489317534741,-0.3812619621881046,-0.6336639379207247,-0.20579621360827227,-0.4815050474241918,-0.8588226911473298,0,44
45,0.1669580692515631,0.07334905471241553,0.10640122683243528,0.029496602855401732,0.15929527906511035,0.037374286455162956,0.21614648811681886,0.28293339835882153,0,45
46,-0.01989134565606974,0.018387197683493693,-0.016571599102330692,0.017583917577832446,0.012388776425674009,-0.08089526232988663,-0.04392510940227174,0.040523028508570674,0,46
47,-1.3096379947655943,-0.6447381811090381,-0.49884160234162894,-0.4534804122186002,-0.7244922656190105,-0.3739589344600036,-0.5796339425200471,-0.7518076816812131,0,47
48,0.4054858660959725,0.19510541309563534,0.18054708738033437,0.10770880137344119,0.2786350044656618,0.2825525806195219,0.27498891626177535,0.23725341127111466,0,48
49,0.6233282207786791,0.3090794864328769,0.2409292119767745,0.15118702704277467,0.3148246971458916,-0.04347244971190167,0.26961845082319563,0.19127797706350527,0,49
50,0.6004423441605818,0.3891282111333437,0.2419832899847338,0.1384462244213098,0.33369923838830773,0.07434570713632283,0.2501405308226124,0.33648058746253423,0,50
51,-0.9392643906645473,-0.5141403937786918,-0.4090919601067432,-0.3803396939580722,-0.587731848791163,-0.29693653551927063,-0.504381820415331,-0.5973390971266848,0,51
52,0.9500097378051119,0.5436896526710847,0.3084637737013147,0.24143009054474895,0.5786754739732254,0.18247292346874222,0.3726469826727219,0.5446060797116803,0,52
53,-1.1836535684974587,-0.5928350380540947,-0.5059753720586969,-0.33125563041544354,-0.7538733145096614,-0.3725650515801596,-0.49572543740471037,-0.6344070785563526,0,53
54,-0.3361575520336587,-0.19660989494651573,-0.07849771716016331,-0.16531108572204062,-0.22144825905496165,-0.1166228365938706,0.029227496147262527,-0.2082338619849502,0,54
55,-0.9491595459114511,-0.4346211270385261,-0.3592334764607176,-0.26796635453494555,-0.5286816882699945,-0.20370204113951068,-0.49688741785159146,-0.6061091006748859,0,55
56,0.5380269039623522,0.22809326786804515,0.33490671347075485,0.09434614948017263,0.3183323592034962,0.14205113645928055,0.4014577429268607,0.21944639477217695,0,56
57,0.5817173622090092,0.29322503500051084,0.23904073081494961,0.14737300350143595,0.28991488763523,0.04956143455855723,0.31945543557440814,0.3933642091200898,0,57
58,-0.33048868888091076,-0.13757438943104866,-0.03432644423492928,-0.01849520364987585,-0.2162896322933044,-0.023576740717842867,0.0701908614656632,-0.025110398199071855,0,58
59,0.24345521067923523,0.050995146124112795,0.14875700424173788,0.09787522231588214,0.16258761944800793,0.055923817655227484,0.12082992215775995,-0.21490028621337337,0,59
60,1.5094263620515156,0.7092499255019961,0.6224776681530031,0.4155158390035681,0.956792470755627,0.19206029264491353,0.5966065968810448,0.593518691289437,0,60
61,0.14455042449203848,0.053273585707602586,0.033331010625123836,0.11266806517036092,0.022013989816674948,-0.040968902751629316,0.1860714231083247,-0.09562996168729729,0,61
62,-1.6453708558591464,-0.770453693766869,-0.6274904679798833,-0.4260945803050798,-1.0156437183534317,-0.27552081240650905,-0.8707420074937149,-1.176775602519873,0,62
63,0.5279371693605921,0.2762147345441036,0.25103021801901804,0.11198332954466618,0.3754233781875801,-0.020510479722539318,0.2087187031362264,0.2655771401411527,0,63
64,-1.1507609846765963,-0.6274167836486693,-0.42048242407738035,-0.3151099640244289,-0.7361782989690887,-0.39765744265530867,-0.5718617475706848,-0.9305141461859718,0,64
65,-0.8335829578542452,-0.38694707784670984,-0.26966796837442264,-0.23965332280810508,-0.39697373433751526,-0.3225881296410986,-0.497107273278391,-0.6388610092824479,0,65
66,0.13588052185004795,-0.02981334852205761,0.04328299315092607,0.07919417920358687,0.10272429428422043,-0.10045254896898417,-0.07268389447561847,-0.16860743415301688,0,66
67,-0.6979520655765512,-0.37511799815062086,-0.2291405041671453,-0.19684992475465457,-0.3633319917570146,-0.04600662176880102,-0.3291114177592582,-0.29798454783233,0,67
68,-0.3955278359687905,-0.13951443921526005,-0.17786319618798502,-0.1592561071652871,-0.17774269943622065,0.008074481335284711,-0.1103075358783768,-0.18642889265182125,0,68
69,0.4022275605384187,0.32402032340080617,0.06093747406583383,0.08918934915122295,0.2405396113358873,0.07861781866856267,0.09997955936423976,0.16025267748295519,0,69
70,0.34578529496351046,0.14295594176841525,0.170214329569752,0.08844858337224507,0.2782675153958023,0.09171346663546105,0.1844297551881648,-0.061076037414033,0,70
71,0.42139678644270695,0.21996723499536086,0.18645201193171662,0.09765832584461348,0.32126521069557584,0.1431254007284524,0.25057990335987373,0.2551565463387995,0,71
72,0.014253425062304462,-0.04035240341303789,0.08211619866781508,-0.06973117769915779,0.02106900520984284,-0.00994214842919559,0.1392544301562878,0.17483272451666249,0,72
73,-1.1862135597226264,-0.5972209639803443,-0.4067660016327739,-0.38818869251525556,-0.6946238936332275,-0.351750509796135,-0.6233404099647801,-0.9648040540224068,0,73
74,0.878354527364945,0.4088036391238786,0.41958957052669427,0.2898723140751006,0.5303683921594345,0.3059220160113386,0.5140066587713491,0.4218903006451164,0,74
75,0.8065670343429736,0.36416688002570413,0.356654952186682,0.2014661172616744,0.5019323058300328,0.14985986665385578,0.4184921934344099,0.17569294813899938,0,75
76,-0.39426248837645705,-0.17652212775407403,-0.08008215762254395,-0.15107431804332003,-0.21614107633616847,0.017602827797766882,0.022067543786886523,-0.2195834656282648,0,76
77,-0.3502205251193067,-0.2504116930905475,-0.11605689548549904,-0.08644060653926824,-0.248682206330533,0.0276513911000668,-0.2442396249947169,-0.3925429741839028,0,77
78,-0.7105340076700114,-0.44029203764811664,-0.3795995811492513,-0.24102445826566624,-0.34245542356881487,-0.05895061361441645,-0.25492973982390604,0.07233447518744973,0,78
79,-1.858986005406338,-0.9409590757466393,-0.7951628812453252,-0.5090216651500423,-1.1318337257584092,-0.2602475726854373,-0.8525971945205829,-1.2229696633386273,0,79
80,-0.8862826334362017,-0.4279767213362963,-0.33858212608670885,-0.2449431004199428,-0.525976958666166,-0.07030251172209424,-0.4731190985248106,-0.5092154157798856,0,80
81,1.3109607254298918,0.603788425182527,0.41405643195181396,0.40232850186744107,0.7564911313499888,0.2819404698565385,0.4594709339703611,0.7684290437420632,0,81
82,-0.49626707714096874,-0.252318062589843,-0.16021996641478728,-0.055360612907733905,-0.2961620127122972,-0.04268069618853438,-0.14800590925321794,-0.3487000464651061,0,82
83,0.7022852464679691,0.3217584005385935,0.21114533827692566,0.16551049945040125,0.46601885254642605,0.23125632895353737,0.3470423310496166,0.19739416506128304,0,83
84,-0.705063949396595,-0.3544489811371674,-0.3027806884487262,-0.18859432719052632,-0.44769881468901573,-0.017685098076677133,-0.18650243473598446,-0.43836978830538004,0,84
85,0.23013698076337075,0.20185904651656295,0.16467090361238162,0.001721143848126619,0.09459402896046287,0.29579856326412707,0.23528109828791838,0.6111212708502284,0,85
86,0.284563764629127,0.09968029988466107,0.11158514644763387,0.04886129767067864,0.20734378515910892,0.058062771334275703,-0.13563546542810534,0.22976643077685066,0,86
87,0.7803830280132695,0.3604476867474385,0.21026145794539294,0.20158517246093172,0.5192188382179693,0.02411845463885065,0.2633962745674329,0.2127761388481524,0,87
88,0.8768584931930484,0.4356261924843399,0.28733677655685985,0.1715676692467041,0.4559217002674032,0.09512059069925759,0.3482707063925507,0.33490200823820904,0,88
89,-1.7840652415130114,-0.8370078106231756,-0.7717353734906798,-0.5112549064589884,-1.1874697945309476,-0.3745510049158058,-0.7777790363680266,-1.0988851886968378,0,89
90,-0.18462273106915345,-0.07898115644891301,-0.06345196711004372,-0.04474747103405771,-0.09762151157444705,-0.04251502731855595,0.12590595535139948,0.12367163785548903,0,90
91,0.16563732596617908,0.13403164897405223,0.09160436227867669,-0.010213436029765849,0.15426045952535505,-0.046532764252688714,0.12448987253650853,0.060415222805717005,0,91
92,-1.3924658790137605,-0.7902244758418813,-0.524444550699478,-0.43818717630720505,-0.8704040303316755,-0.36389668949271736,-0.8072128570754669,-1.05340816103812,0,92
93,-0.23028856043282225,-0.1711055288285548,-0.027155205172494118,-0.10851888671048425,-0.17771740641944325,-0.02683954635102221,-0.26924141588233264,-0.13226276276370041,0,93
94,0.12724073296807034,-0.0018279637566036011,0.059433464505716425,0.019661909206129518,0.13091335805671567,0.07608454476692118,0.009324057690910784,0.11480529930034192,0,94
95,0.7371741860384214,0.47472595263057676,0.32337961380600755,0.266201400095534,0.4842976297264905,0.10159517245998631,0.3472334780190022,0.5836043177235363,0,95
96,-0.1755064887706163,-0.06994395508451609,-0.05183031757471967,-0.017048028440527156,-0.05791773577103143,0.13133359850040247,-0.037748947920340316,-0.06099777787079797,0,96
97,-1.237617212512107,-0.6080245563320005,-0.48456755277133756,-0.41424706490114493,-0.7548970911871625,-0.1966546426586012,-0.5870691074429262,-0.4183593147312179,0,97
98,-0.2114858015957539,-0.068369032916652,-0.12301992244831478,-0.05758248413082137,-0.0906699638395195,-0.11390271184662965,-0.007201234412434587,0.02143368598551053,0,98
99,-1.0600658827008898,-0.5210890762602628,-0.3866512294940667,-0.32130868773923354,-0.69624755777816,-0.20844497479877871,-0.48915865362207006,-0.2368120343286202,0,99
100,-1.4771681596809738,-0.8622181317150162,-0.9213013459617581,-0.5004160226586659,-0.8329022264263573,-1.012237808699683,-1.049719200970236,-1.8040414240195572,1,0
101,0.3385559364456704,0.2036180184028729,0.2561670406937776,0.18188069091161518,0.20081271831733516,0.26072133434715217,0.3400477630996053,0.24788307093820755,1,1
102,0.7522015572081143,0.279367647349317,0.4766604110050186,0.15292949449886928,0.3121845700661331,0.6201937902035495,0.5474188810997253,0.32980163946657903,1,2
103,-1.12581047024252,-0.5737359255035086,-0.6039054690846848,-0.3256943881700197,-0.6252340053033183,-0.6108830921112053,-0.7570824753646724,-0.5588201413539986,1,3
104,0.2971144563867844,0.19588650949709432,0.2925452170564832,0.19917264501056503,0.309841633555195,0.2440033212757646,0.2714843004604023,-0.1964898213839032,1,4
105,1.3399850595483784,0.6492711508338398,0.792757206424306,0.30405968197235994,0.849842994235525,0.9388192484413966,1.3068716982767719,1.2329634482438343,1,5
106,-2.5616076314204514,-1.3246366576255488,-1.5406308921007874,-0.7629087523950525,-1.560895863795613,-1.8890419352517562,-2.342205249846932,-2.9257163052042965,1,6
107,1.3220380050476952,0.7713217813014038,0.8597519049722205,0.583705957368264,0.8059458261704547,1.1526836247526626,1.350746125941427,1.367528369416761,1,7
108,0.4086942505227812,0.07894337905077878,0.11491961404664007,0.07855982966391216,0.24270397039730107,0.21078640285459316,0.2293474644640203,0.3832463712202931,1,8
109,0.02633944508239021,0.00687142483765427,0.2583586893144916,-0.014128310252257498,0.07188606281089426,-0.11815016366506824,-0.14028732424294735,0.1049379324077796,1,9
110,0.289747859089837,0.14266662139535902,0.1994544605864794,0.02335293649779651,0.1440288128625695,0.2788716640192248,0.45253303261627187,0.4770321399097712,1,10
111,-1.329507711765363,-0.9230532495360421,-0.5885654148498638,-0.4242212339678507,-0.6924536728308172,-0.9014774850270655,-1.1746443696784896,-1.014892846719834,1,11
112,0.8177021870149669,0.4199147904519512,0.39737596886743687,0.2682375653502151,0.4598605243517786,0.5631411349250235,0.9305742723972187,1.4545764959324827,1,12
113,3.242547207945734,1.7153724533537742,1.8208112942467978,1.0891855605090566,2.0156248009541105,2.3277681526664606,3.2105946297974834,3.6618810924904235,1,13
114,-2.80646413153067,-1.6067638111440783,-1.6007445410244814,-1.0245200817396694,-1.6229606849666842,-2.179673056269945,-2.5828955219331315,-3.439111054352509,1,14
115,2.9494793723033617,1.5696151360836,1.703441858699033,0.9871616009033775,1.7175885267474644,2.352121261542332,2.7356679709651477,2.784128484138088,1,15
116,0.04530631971461629,0.0747580412630197,0.17123878929704356,-0.03044433940309374,0.07582599350894942,-0.06952257504363722,-0.09216665866066778,-0.13776037473930455,1,16
117,-1.0703534399432355,-0.5907668620778082,-0.5755660598220398,-0.4743226545018084,-0.626817753712036,-0.7501472079947454,-0.8028445239394209,-0.7854523042864853,1,17
118,-1.7401217211123028,-1.0544412815633315,-1.0979567898711546,-0.6509451501753383,-1.0679594839158955,-1.2777281807583953,-1.8572427105835816,-2.3964952191980418,1,18
119,0.29567648595639395,0.3103557008337234,0.37742423957734406,0.23161877144444154,0.2000160503305019,0.2499844504707815,0.48425726793894647,0.8322439560794093,1,19
120,-0.5167378390140982,-0.2944224768220353,-0.3606008924068089,-0.2579412603545447,-0.4853852174984635,-0.6134328686610561,-0.5048111907939214,-0.011611471611566004,1,20
121,1.3016084203238232,0.8825104478251264,0.8591885715051646,0.4796829054493802,0.7826774239884956,0.9938397448392909,0.8265206237537607,0.9218999232199812,1,21
122,-2.4340456657208165,-1.4557904018531473,-1.4592669121484678,-0.8829930739705159,-1.3631232067341814,-1.7773662404504336,-2.0694285028694073,-2.2908786039060134,1,22
123,0.6796092298467832,0.4411540899454331,0.5880104379336218,0.25479117569858484,0.4304011842856139,0.24870442492086953,0.3504844651575625,0.797140863653932,1,23
124,1.0333297383390927,0.5975972418897683,0.6412358570453066,0.25852108065735224,0.5718895442502013,0.8646304662925073,1.173829935077886,1.631829378574023,1,24
125,1.0417952892903541,0.6126308110541198,0.7140252225954602,0.4316904193469037,0.6743062809641986,0.8421593540679384,1.3815913643097375,1.8513396081385578,1,25
126,1.13783447876897,0.6046911551838602,0.7087885912148159,0.18740239475919623,0.6622358390978526,0.6564653727329516,0.8253269119372509,1.4098775508540053,1,26
127,-0.5675625945483446,-0.26361907912647575,-0.4178613318451861,-0.2211668948701482,-0.38210990895999175,-0.15015126877763774,-0.6218737786118131,-0.45535949502238476,1,27
128,-0.3363817216169096,-0.15666809563905715,-0.27735115462439186,-0.13350670782657748,-0.11497123815118812,-0.2529786440748204,-0.10897410961955872,-0.17829204914111516,1,28
129,1.9906499081652271,0.8839660102948041,1.1261053111035824,0.7214142979367224,1.0227074504439864,1.6278819663141813,2.115533716020424,2.338777158474778,1,29
130,-1.3297910372047044,-0.7908406878978095,-0.9019058641603516,-0.4048732418522274,-0.6520388377429681,-0.7859969243554764,-0.993597053844722,-0.8418190184354213,1,30
131,2.101470075702365,1.2973368141205512,1.3329687289128644,0.8172762259152035,1.3563606160472026,1.5891816596730153,2.1408649458019466,2.6231444374850525,1,31
132,2.308704189242263,1.3017330992671865,1.343149697970016,0.722140997395316,1.2942150312862744,1.4870375968330787,2.0747572696681207,1.920732654622973,1,32
133,-0.03413913112431624,-0.1382154532400216,0.05763145130146242,0.1201803341445561,-0.26284023912830723,0.0594806460948047,0.222964631813194,0.14289546209968937,1,33
134,-1.896502166042187,-0.9919100745333826,-1.038952305514117,-0.6411597301862467,-1.213540544520025,-1.0724322898546546,-1.528007572260797,-2.1031963152372652,1,34
135,0.6708158506824217,0.4035410710665299,0.3535630227356942,0.13752391250201546,0.2869374965652491,0.6651570336928302,1.0131340283090677,1.3588823607050955,1,35
136,2.9173199233121094,1.5710859321953934,1.742425350984403,0.8982984057824026,1.8255604838217974,2.3330449076649318,3.1963885510095085,3.797422592375943,1,36
137,-1.4371145850438298,-0.7755767499245494,-0.8257005411089994,-0.40193420122244583,-0.6988565214201423,-1.3135190863297226,-1.3010584839136534,-1.5945243551926387,1,37
138,2.229785534702092,1.244090110307911,1.407792403424143,0.8254327539965842,1.2642944748221654,1.5316758461611197,2.003305057167695,2.610738362525376,1,38
139,-1.510820180783008,-0.9715640273082019,-0.8726166310326826,-0.6137139425541892,-0.8169951719009663,-0.8592955552289597,-1.3449034707316019,-1.2764936586539126,1,39
140,-0.28777485993851387,-0.11617573676925091,-0.18860385935876875,-0.15419541348959326,-0.10725609877430993,-0.32680167532751525,-0.5673894080113826,-0.8897584080703712,1,40
141,-0.6509095651774096,-0.4132931583547138,-0.28722280279554124,-0.3144557810267871,-0.46003303503786963,-0.6688725921942189,-1.0978051589936053,-1.2899908858263047,1,41
142,1.2060283246008752,0.6965376681852117,0.7810892495893863,0.4619023022342877,0.7312727202965287,0.9181370636012651,1.2722518654990427,1.3308649092697236,1,42
143,0.0872147394476852,0.04979839765542408,-0.012130637192431064,0.11514741316511092,0.06186682656220807,-0.062116538033643476,-0.04898135896701103,0.3092478551298557,1,43
144,-1.444257655160279,-0.8353291698814389,-0.84945704821744,-0.717781138884441,-0.7932808929044345,-1.1172520015479155,-1.4466196560828801,-2.2617666298690797,1,44
145,0.14506766021944575,0.054777110278856275,0.1369567451736742,0.12192823066716092,0.11967473408812561,0.011200187488555075,0.14627339744055107,-0.08575444502219798,1,45
146,-0.07455219139214792,-0.0889936222620662,0.044901508779790975,-0.09434151117652516,-0.052938708902371956,-0.14739026479305692,-0.21380001943786628,-0.11056285549442943,1,46
147,-2.2381159932088446,-1.1471618591505668,-1.2589328434930604,-0.7951386136652858,-1.298468097544772,-1.6772023901282325,-2.1540523803431655,-2.5231728392481383,1,47
148,0.7767892477968815,0.3943249132491047,0.49410263303116253,0.21223847972314874,0.42338192247786527,0.5177451519998506,0.798683383226835,1.1705913361237676,1,48
149,0.9140111059148557,0.6113923680192561,0.7463359807633022,0.29931662638232387,0.47711135983381664,0.48577920357172366,0.7883903125334024,1.2824957936920134,1,49
150,1.0613810178361465,0.6480350184170954,0.591300694042198,0.4098237740164841,0.47868909628608214,0.7066013505324149,1.0095003951065973,0.8516822328435543,1,50
151,-1.3980113163143257,-0.875525392791618,-0.845090932216192,-0.5822297482234969,-0.9240435995207436,-1.1392389486668304,-1.5277609628502906,-1.8160982780123767,1,51
152,1.561310143956879,0.8599283180869716,0.9915052992665083,0.416644979795886,0.8600932646120208,0.9506073837031451,1.5494487977251672,1.883223143016485,1,52
153,-2.0023339282533588,-1.0999165272831755,-1.3374206611803114,-0.68197101145809,-1.2108651283267158,-1.5661636981849187,-1.9612849085690727,-1.7433281309217052,1,53
154,-0.3172847901453637,-0.19702060699868507,-0.2221849056651109,-0.12797020462748587,-0.3541735141317768,-0.29317750318875124,-0.3729980078022589,-0.7987381919947495,1,54
155,-1.548648115446851,-0.7646493547305859,-0.7960060111935467,-0.5100652185273109,-0.9023135002671944,-1.0780369150262659,-1.4842797479622332,-1.6289106895930403,1,55
156,1.0368763255374271,0.4846010204472193,0.756007966955583,0.21579319244551637,0.4759926404802789,0.6707185568059916,1.0305195084838368,1.4341526961588307,1,56
157,1.072979867059064,0.5385589797221367,0.6255358030817987,0.3437001773265363,0.6144011054489623,0.6138190872767846,0.9242725924473497,1.2671881972723766,1,57
158,-0.5121216365662657,-0.3026194513215148,-0.09221630064673986,-0.16768555370214144,-0.2545495802630116,-0.3237731166610865,0.051139444572033316,-0.1648863700440774,1,58
159,0.4675945037450157,0.27523688594131557,0.2872444794184208,0.17152852415793063,0.3006892991474879,0.2898670572717332,0.40744976378202025,0.3488540712667413,1,59
160,2.4072478842623912,1.302707063396904,1.4041380128748597,0.8677585486799554,1.5340687636949546,1.643043566254633,2.169144985734745,2.2304623312199245,1,60
161,0.10890785595016052,-0.023539210100905338,0.028404916764358995,-0.00027751314288829154,0.09471976384159246,-0.0854452963436369,-0.07463544698353689,0.030066687430460037,1,61
162,-2.7360163724884803,-1.4907125738189988,-1.5953362920403706,-0.9298013905350418,-1.6317284518796062,-1.758965953147598,-2.6332781127313085,-3.6018842836422245,1,62
163,0.8516993526599077,0.49535660199209564,0.3477818257413966,0.28661016294409436,0.6757977377100326,0.45162414384720556,0.8615140067310025,1.050572360424061,1,63
164,-1.8883820908899045,-0.9597114494886094,-1.1216241275420047,-0.6813437027211662,-1.2945741731035625,-1.159375291207114,-1.6740448723297117,-2.0890455472276934,1,64
165,-1.1364360436930852,-0.6050198629665324,-0.6683372263346865,-0.4950291940635739,-0.6435683987941376,-1.0164813817018425,-1.391928732719748,-1.3658183915860487,1,65
166,0.20110909085538836,0.04080871984599689,0.15536135354084823,0.15912254619682795,0.2566018863486437,-0.025597074991284288,-0.14578704781741977,-0.07431083351453893,1,66
167,-1.0704065205404687,-0.6851017192042901,-0.7681372604554766,-0.2718981179528082,-0.4876863477685788,-0.9141551876490623,-1.3318531153959499,-0.7842118921849093,1,67
168,-0.7207030894735291,-0.3625403916824383,-0.3860333240264252,-0.27060092363597166,-0.4479833963719539,-0.4396947244142043,-0.4040478489695714,-0.15955999623399236,1,68
169,0.6842984936553937,0.4857192213571004,0.36775937936911995,0.24474075146789884,0.38104970760808854,0.3295707047031756,0.3057035678736442,0.36868050638534405,1,69
170,0.6418688975903718,0.2910282368711156,0.3658656221944522,0.21868148622613118,0.3996730147512666,0.2983569166632409,0.4906239732369647,0.21335224344089246,1,70
171,0.7560185793281008,0.49344302597133843,0.3509319755489597,0.353144296479445,0.545272043144413,0.2494440354893845,0.6876796468389889,0.9700033158401915,1,71
172,-0.18222079599231922,-0.20244268109977653,-0.07058815907386891,0.018725493857558336,0.12822647406207302,0.08477657783761205,0.04017585984047167,-0.1405508913956502,1,72
173,-1.9835208468523142,-1.0026272987863123,-1.0573501232782834,-0.6983222833712148,-1.1795812425819983,-1.4923630794811054,-2.060961083254278,-2.7241821319989974,1,73
174,1.421753231704245,0.6736379366276499,0.950870782116699,0.5588761059060608,0.8045425461628621,1.2134941933738737,1.5112986414921614,1.5609671072351274,1,74
175,1.3121527111154374,0.7026915595233335,0.7303152675238285,0.42843673676859173,0.7011782381053985,0.9205853507848287,1.331747829827759,0.8291793497511804,1,75
176,-0.5579640263952675,-0.23574124697589127,-0.2885202743872666,-0.2345963836675612,-0.3866111870810097,-0.42125771572660137,-0.21919773334918358,-0.17231973499766656,1,76
177,-0.6986658264068578,-0.37159540137956437,-0.4044584836020219,-0.09416660832306517,-0.43913446000609124,-0.36547032211864267,-0.529901458989486,-0.4163102302342083,1,77
178,-1.0561296569107812,-0.7114638935261639,-0.7519511337355193,-0.46171872785750634,-0.5943886297300011,-0.6300124018109773,-0.7553945487241065,-0.9262006252092847,1,78
179,-2.7265513166161393,-1.6260418973678228,-1.6984589739848135,-0.9076825986089423,-1.6361957035488577,-1.7740140036982959,-2.3722154240507205,-2.9733505165087206,1,79
180,-1.5581973300817267,-0.8924229053429263,-0.8588978112136426,-0.43246370236591636,-0.8917732253670616,-0.9696818879957079,-1.2020573375665253,-1.72556376871991,1,80
181,2.3944203401055613,1.1633615563297488,1.2486590995953315,0.8493060893498289,1.3162078188109645,1.7166640468019088,1.8720711276482225,1.8485428947586393,1,81
182,-0.6813381961237286,-0.27856721968918396,-0.48920988996770365,-0.25196122416248934,-0.42568473458616957,-0.3567107149280107,-0.6466911094768069,-0.6775563729472568,1,82
183,0.9245528646447401,0.6414107624776527,0.5594027468421907,0.3328879577204923,0.685216453972813,0.701636784429008,0.8739285286827737,1.012683206235372,1,83
184,-0.8783770379216693,-0.5866795352976744,-0.6685012502097926,-0.3332735696013077,-0.5328858680928897,-0.7275117675414007,-0.8834093958813797,-0.7873526800901413,1,84
185,0.4861284079790388,0.31715974326327767,0.2905843098621093,0.13607842829255962,0.2570130056254668,0.5416025689524311,0.44910475900254526,0.7513993214215059,1,85
186,0.31591443335321534,0.15971123633532205,0.2672189171205669,0.17018608311340935,0.17498872804774693,0.2900590780625801,0.23398670217666973,0.3356901749019194,1,86
187,1.4469812684541137,0.7006650408278154,0.6521760550325678,0.41079175568135395,0.7369564658743541,0.9680418452392643,1.1715472365987338,0.9237914590983589,1,87
188,1.1700037421878147,0.6698188122147266,0.7056221426797237,0.3259353584163035,0.7269011954608512,0.8848717168749752,1.172859842192806,1.1816488640407545,1,88
189,-2.9018197068952682,-1.5781748594058467,-1.7128407238859866,-1.0228581768542016,-1.8071880080232057,-1.987864038670747,-2.5860369489740154,-3.267668971996549,1,89
190,-0.09586076804999592,-0.053626410162744304,-0.008413997488898204,-0.049184896779838935,-0.0770735701213067,-0.08042774644308436,0.014888723452331706,0.20672169710538416,1,90
191,0.034515979065922825,0.2016597185067044,0.07590481573000092,-0.033499354013202295,0.09999415335647674,-0.10474210452604046,-0.010926427601680885,-0.03558235975244943,1,91
192,-2.5111867181437435,-1.3631366324317793,-1.3738210854421142,-0.8620434288875825,-1.4295655193264407,-1.7164224417375582,-2.257039585144262,-2.885384509845645,1,92
193,-0.3494798894085533,-0.3587392819031575,-0.24785810273701714,-0.31575918042081474,-0.253915655236147,-0.10926413932713258,-0.34245751049739714,-0.7623740354644001,1,93
194,0.23923637082908997,0.002458814365840667,0.08691770303247488,0.006751391643837714,0.1410961693359172,0.34235204183026846,0.19554983235656018,0.14448990540063605,1,94
195,1.3133355897713146,0.9186594820125134,0.7623522901779791,0.42740354650940565,0.9138850411900868,0.8969181621503893,1.2512349340980728,1.9120073652466818,1,95
196,-0.1137888543510061,-0.07903847566741996,0.01585681724193807,-0.09815215952023204,0.021764889929867165,0.062276507546207845,-0.018868515265276026,0.20088742308567087,1,96
197,-2.0503803236762304,-1.0577734900570075,-1.2264324553208286,-0.8296310453570854,-1.2709407549794784,-1.6479808786300625,-1.9571561100462782,-2.548096863969926,1,97
198,-0.1479396266361674,0.04474225737923716,-0.14421653870886997,-0.02305748723539263,-0.08938188591337409,-0.11118478583338089,-0.0020902959290156446,-0.35897009095242677,1,98
199,-2.0277124692182555,-1.0876488747068696,-1.0761165497861576,-0.6798656550583262,-1.1244124013272987,-1.4489263888391133,-1.6518880468713588,-1.2651074747387552,1,99
200,-4.568030704587043,-2.150518764086619,-2.6193911544415833,-1.2496411750510932,-1.9872228437136736,-3.7406421034811057,-4.400550154024471,-5.496259216919787,2,0
201,0.7815827407488417,0.4197390898064849,0.5704455000394151,0.26890265167701877,0.35881491097909074,0.7907202442710752,1.0212587055037416,1.0072915084892553,2,1
202,2.825890662418367,0.9131926439765177,1.569431663607618,0.6740922271678139,1.0988790488964986,2.2425152409876907,2.577718014269822,2.3942371620617084,2,2
203,-3.3224048317660357,-1.3760614205650923,-1.8508855663097412,-0.9592820594677766,-1.5484372030952491,-2.4850313233969032,-3.0882900663143413,-3.4714496315477743,2,3
204,0.5951264240106032,0.2661268424734953,0.5184042826785841,0.2833087320406509,0.4497047154615019,0.48794378452270804,0.6868983355589675,0.2369236466806341,2,4
205,4.343833233686702,1.8125250746014576,2.4718632323608913,1.1545329751450617,1.9785541487170275,3.3649868848258486,4.130354126430454,4.566688283938143,2,5
206,-7.489098376168384,-3.2338098703794276,-4.223039453847043,-2.0304893622134284,-3.558119720937412,-5.903062267829087,-7.407806357969751,-9.281387664903187,2,6
207,4.333191651947324,1.9035906102195268,2.486542226572059,1.3160832900067772,2.058313051136102,3.4492608294596536,4.416861937793395,5.22005433035909,2,7
208,1.8292937379237,0.5838231147863876,0.7209667337468844,0.535011545271129,0.8072518152927097,1.3479426256389766,1.4120249474605535,1.5887952962339025,2,8
209,-0.00022913457102483048,-0.043510162033773545,0.17160696391183533,0.005016180414362831,-0.016034482440282743,0.05477157010311283,-0.21351175435582703,-0.5016611105348489,2,9
210,1.3931460203883825,0.5005001373316219,0.6578466484122546,0.29132895896158956,0.46530091729113227,0.8374436072623405,1.4797383191311493,1.6727779017633742,2,10
211,-4.674068415025984,-2.2090547663621205,-2.311706120496989,-1.3116829257631164,-1.946445830165874,-3.403939127668891,-4.284270073171392,-4.310232485608037,2,11
212,3.0719145387433042,1.3480873053056677,1.5484450954557647,0.8189212231568472,1.2317153362954778,2.18808679482998,2.9658194205954156,3.7622275996281065,2,12
213,9.996245374917336,4.302866982636118,5.432811443401105,2.972373961373577,4.563978570533191,7.814478811995196,10.032380524736531,11.990688352643062,2,13
214,-8.722743420599341,-3.825295898521227,-4.771204070047902,-2.625512601543415,-3.960552850946985,-7.05055915992115,-8.621117551770945,-10.354839856184295,2,14
215,9.78679787859188,4.073173724369462,5.374247437585623,2.761105011543625,4.331826184510669,8.035502193155532,10.03589028308485,11.272779485936294,2,15
216,-0.1699920375526162,0.07662336167726247,-0.1006740632999278,-0.06958540357443974,-0.0006870594812988309,-0.35236815210700584,-0.6325801269752892,-1.0055300239730112,2,16
217,-3.753341846076667,-1.6027468901291118,-1.8964898851219272,-1.1599810663479313,-1.7053002638745764,-2.9094924819475643,-3.397890773950098,-3.914346649854879,2,17
218,-5.975859928527277,-2.6426675030021753,-3.1688413712380368,-1.7327595349569351,-2.5754468794487217,-4.5202524880223365,-5.6701395569084125,-6.791400862625006,2,18
219,0.8738448648413399,0.5513015433161751,0.6295366060307851,0.3837986218433599,0.4769070044141915,0.4877264484367016,0.9117483410108861,1.4272834091686823,2,19
220,-2.0516392832217467,-0.7877590529225539,-1.0063856668120283,-0.5224976672122138,-0.9376930138814058,-1.56872611899104,-1.999110361803442,-1.8976897532063972,2,20
221,4.554713696017699,2.138341546052247,2.4454240877370044,1.2880584127751555,2.062784222133381,3.4352531080575015,4.09311460350965,4.534265500201808,2,21
222,-8.057640183983041,-3.4516471352225317,-4.444463274022029,-2.3163399426933355,-3.524898874193128,-6.633870910254238,-7.869358762732051,-9.269151931720005,2,22
223,2.050037396670556,0.9696939307420802,1.2115137807307665,0.5930197369428017,0.9557473206142476,1.3306824659621734,1.6631681505335587,2.599197174260396,2,23
224,2.8917912469770957,1.4029465618158832,1.697002735723528,0.7333718686408799,1.2680137384231374,2.4244748778840868,3.196212349679007,4.170390755558633,2,24
225,3.75312620789207,1.6944004152795855,1.9671987027038338,1.146489761415754,1.6808078077365163,2.698242514682335,3.724541414439148,4.463056146132177,2,25
226,3.12141316109755,1.4308055004757796,1.8283837970887207,0.7972806370913219,1.4861318105717676,2.1909651739573817,2.862418434221093,3.3489483181843394,2,26
227,-2.1005851407170653,-0.797783461882712,-1.3040521416063515,-0.6809242963601603,-0.9483372105932695,-1.6860097884794258,-2.0399674537398496,-2.6804488618193623,2,27
228,-0.9543088786494974,-0.39708465466940956,-0.5503236548132334,-0.16056836318837114,-0.4594321411223897,-0.8825019003225658,-1.0748058994146379,-1.291059932753331,2,28
229,6.669934939286747,2.787723530175445,3.4304595185420625,1.9238451348290042,2.7991804280867276,5.260760976910861,6.706392999831514,7.576499026117276,2,29
230,-4.052584973897464,-1.8983034127705136,-2.256830172667052,-1.1503637603681396,-1.785767492687655,-2.9271953717626515,-3.721853866464863,-3.616094972049404,2,30
231,6.843634711127028,3.095087174584049,3.784192300102707,2.079704089426796,3.15198090454823,5.3136042034342035,6.87761575900782,8.093221471711344,2,31
232,6.846583731575754,3.038522776971866,3.813924901858755,1.9333816509775272,3.155102633281037,5.308744480689962,6.847394958412865,8.039675475974498,2,32
233,-0.08686215558371534,-0.1585067303391094,-0.004053574006585146,0.10702011855264572,-0.22344622506533834,-0.1790384616217225,0.06422937670213374,0.6463103544382675,2,33
234,-6.097170760546725,-2.5549572588451213,-3.2307776514963646,-1.7037234116949869,-2.806127406192748,-4.540668739765835,-5.5565280923931315,-6.580113012696565,2,34
235,1.5131304917777568,0.7754637777023062,0.828466426795284,0.4291138076300933,0.6794741706386517,1.4733799346348249,2.42057764847329,3.2044678305546745,2,35
236,9.888710340927146,4.232677940902796,5.3300791593634855,2.6570468743306512,4.482364312886103,7.623170046750247,9.971611843958412,11.96141056682241,2,36
237,-4.706174163542487,-1.9317060599336264,-2.5172274101405545,-1.1542773761358058,-1.9973580405761546,-4.004553405463214,-4.650807552460887,-5.305318763097106,2,37
238,6.880902609753812,3.1221958276471473,3.750750249468083,1.9933275892033615,3.1519486790754514,5.128350246506769,6.401497843613948,8.016508439879612,2,38
239,-5.190493968547316,-2.4224997635602743,-2.7066092544934643,-1.5006606828473295,-2.1657415401239657,-3.783253886445512,-4.944074952875772,-5.3583592261094335,2,39
240,-1.5427315560324781,-0.4270249240322255,-0.8153490925284644,-0.42484052095751595,-0.48691898572947995,-0.9707783500182722,-1.4699197188900044,-1.954262481289758,2,40
241,-2.0456412904900394,-0.904819277791542,-1.0555636363257848,-0.7089002693396125,-1.0597703696903966,-1.8432836918934592,-2.6006094664674064,-3.470679918580015,2,41
242,3.8039162392696717,1.6481213077236117,2.15063825984809,1.2487108955700166,1.6114756715515077,3.0370081261170543,3.7495165596186024,4.330129336566134,2,42
243,1.0680277501597903,0.3683077846889961,0.41693498603177037,0.3719136057119007,0.35469274823,0.5426821647066271,0.6422960295467579,1.1057429556685232,2,43
244,-4.298851608449311,-1.944984861149205,-2.4209241872096543,-1.4797153947408153,-1.9047078318343718,-3.7977188142187033,-4.6543405941781115,-5.869641796858529,2,44
245,0.21231075911530645,0.14002017367899663,0.18945051377624994,-0.06897771735106761,0.14264926703342376,0.09539688996680515,-0.005997087247121682,-0.19267994589689202,2,45
246,0.39542406208677094,0.07476850467389808,0.1791034149805275,0.14223996413879225,0.07424988759691993,0.20386222806255538,0.04091648745196143,0.27674653182889913,2,46
247,-7.637797953404467,-3.2225381714268506,-3.9638099082569753,-2.148447123161409,-3.227472916138301,-6.013328574327981,-7.532217505804022,-8.569276786724075,2,47
248,2.4808290600318825,1.0680690040841285,1.3787358181099527,0.6865975511946629,1.100481297757573,1.8778594398417425,2.280014800097295,3.1260863009752957,2,48
249,3.2218839023621055,1.5115950129268072,1.8746184273868234,0.8457919965775249,1.361403131874307,2.1986094611910545,3.040318129525034,3.2407132249786406,2,49
250,3.7712765347608728,1.5964707099599718,1.8779057841024571,1.0265646585330195,1.5682157067524873,2.879726656816258,3.599411259900318,3.307700240160316,2,50
251,-4.255520704212857,-2.004652809168022,-2.411865910478065,-1.3129076913940014,-1.9369691779506646,-3.531680938048151,-4.411762927198579,-5.176232521074532,2,51
252,5.129952730092842,2.1632114311802146,2.884532989251147,1.4300297666490154,2.228387625584604,3.731936704435028,4.811850328546833,6.219229058415293,2,52
253,-6.773924428408746,-2.9224337192885788,-3.7230777089635274,-1.9307843382029921,-3.028424903193154,-5.421355003997546,-6.759228199940791,-7.269550131409926,2,53
254,-1.5405908668776975,-0.6180353718777234,-0.8043521031319448,-0.4051922142700944,-0.7085520668712656,-1.1345451003630467,-1.4543458910907208,-1.8928638682488697,2,54
255,-4.585760028416717,-1.9925316633081456,-2.4594984384203538,-1.3269919263690273,-2.1061415651551525,-3.3624271987663024,-4.558514832247844,-5.585819875354562,2,55
256,3.2539583408697514,1.3910225306229733,1.9033123807211176,0.8071278388514819,1.4083656131382893,2.626585150707476,3.3932484946692747,4.222035187652799,2,56
257,3.599328738224656,1.4925417146284774,1.8114923524171482,1.0118348148902567,1.6207714840369853,2.651012500864662,3.255115980252386,3.7561735141977293,2,57
258,-1.3111795541178586,-0.7059062463563612,-0.7060885465089122,-0.4996698980328248,-0.5205633776477543,-1.0767403392504715,-1.053455187516726,-0.9829749783423912,2,58
259,1.3116355988128563,0.7468000203854284,0.8157305166724923,0.3433784190655988,0.6639154713760017,0.8389831005516448,0.9630321149618023,1.0599848830908811,2,59
260,7.235780184825692,3.296873506689511,4.0301597627973536,2.22311323580573,3.443476753754055,5.372646600918653,6.916361577461373,8.113262371507414,2,60
261,-0.023487233007570763,0.008575639425151192,0.1618634417069437,-0.02716277964303578,0.05155408328732309,-0.09163444151019695,-0.14683951097859368,0.10029675306926494,2,61
262,-8.919112016850432,-3.9221710965289787,-4.7906085188242,-2.6253860075654254,-3.95575435259309,-6.621709330518945,-8.54735721661772,-10.799817670965663,2,62
263,2.390278313935543,1.215053724259068,1.2420151260219008,0.780173171074067,1.3402242245635636,1.8452695672103074,2.3583558118997012,2.979157679157205,2,63
264,-6.619844847409584,-2.8618115799797863,-3.4451851088712986,-1.8680780231026437,-3.0590235438446225,-5.020609056271847,-5.933793017263464,-6.556139285762091,2,64
265,-3.3085865113081443,-1.3963726999484263,-1.814060360706507,-1.171384886937725,-1.53035712500592,-2.7189524044517195,-3.69321452644512,-4.371935723020237,2,65
266,0.3618903394626334,0.08139984051008424,0.25827720666667,0.29736235320206716,0.3349908610799185,0.054401776681768474,-0.06138426713979727,0.0650890889754982,2,66
267,-3.5619735672558135,-1.5772847446922642,-2.093541506888195,-0.9122496908284967,-1.5132279230398291,-2.716044538217994,-3.4910237076242456,-3.775560519844439,2,67
268,-2.206935943529544,-0.860583469344125,-1.2020630851478182,-0.825560320339289,-1.0070370037427938,-1.6794429112545073,-2.0192086335496255,-2.0488886269845468,2,68
269,2.0440984159582323,1.0989630750362445,1.0966880430320287,0.6378626272435883,1.003808764258209,1.418641996269703,1.7967557769835274,1.9522847788815927,2,69
270,1.5625977389253027,0.761922810854676,0.9210477832002788,0.4955940360576145,0.7993443746298461,0.9870286234624145,1.4406229589489756,1.263494858224651,2,70
271,2.644419173442706,1.1506179794396334,1.3032344214139613,0.9084032517362044,1.231068046366581,1.5547279126208002,1.9685010504617575,2.1202821507242646,2,71
272,-0.10182409393120546,-0.1449826700934805,-0.14957660323455138,-0.14439287875682444,0.06453868479337527,-0.09137399185303313,-0.13199295358484514,0.36793549715604557,2,72
273,-6.5537532067100726,-2.7436148696678258,-3.467618440508602,-1.8785049937413143,-2.931400214605973,-5.360591951893528,-6.517486118637207,-8.340499898611776,2,73
274,4.305471943314845,1.7435934335807095,2.4439692969311517,1.2112825707234913,1.9663016928503718,3.445774475051246,4.40645240908794,5.01573345491994,2,74
275,4.084757718442177,1.7537521102801563,2.225083809718648,1.1282083976993522,1.674612822829887,3.152681836730661,3.889443071092108,4.383089910623038,2,75
276,-1.8639827214910252,-0.8319362010090754,-0.9733777259451385,-0.5561638127562251,-0.8847628686640915,-1.3115391980426234,-1.4536500120486489,-1.5457164803025345,2,76
277,-1.7885208635025347,-0.8852102722958076,-1.0503971803253636,-0.49076285661395475,-0.9239795396123682,-1.4055729897338578,-1.6515988312824754,-2.0846491946218886,2,77
278,-3.576347057439834,-1.7101733980566394,-2.04090191272324,-1.197921890021014,-1.5893107403905002,-2.8024224967536515,-3.0670170430331773,-3.444844323242225,2,78
279,-8.823185500307368,-3.9113613349903678,-4.837010871185194,-2.5624303154491717,-3.9522272696721017,-6.781201906058076,-8.433873204678964,-9.862807649842413,2,79
280,-4.498861648324608,-2.150659605237141,-2.4772196410341953,-1.202077969684598,-2.019091139438351,-3.3138569006833416,-4.012384177447792,-5.232635253392859,2,80
281,8.008638341162621,3.374838075180427,4.089938979786823,2.4160955298960736,3.2587352514642824,5.901540259359812,7.251230035436539,7.891709651036031,2,81
282,-2.590823531512733,-0.8645560687038841,-1.502933199428997,-0.7694766842803543,-1.1844964493604795,-1.735668285762625,-2.0248130519064946,-1.7087199555944435,2,82
283,3.1574664027218304,1.4048231578768386,1.628505524598326,0.8948323179295955,1.4024402770115505,2.391357396661454,2.966461153967906,3.6947889028108616,2,83
284,-2.6758032524243704,-1.3146172039307922,-1.584926236208762,-0.7279857296482392,-1.236433757382567,-2.4553995545304974,-3.1729886245540198,-3.3769512957055428,2,84
285,1.7502236433923677,0.7584043055068161,0.7963856204709021,0.5758290250149186,0.7203790854440619,1.5351022867547206,2.014309652257375,2.727626988653317,2,85
286,0.6810754155820886,0.19775297924202384,0.4958620614732179,0.2120041420445966,0.2541708964275816,0.6482830322698888,0.7440144361809595,1.1017686180617776,2,86
287,4.634903872399848,1.8461564388713194,2.4095834506331095,1.2370703073943878,2.0684577847873027,3.6518080160064827,4.482979304672045,5.140940326772276,2,87
288,3.2974652228741994,1.5487630950028703,1.8595200913325802,0.9965273140045523,1.6153261010102695,2.6075696559223442,3.2668127640024522,3.967519367280521,2,88
289,-9.126681353081272,-4.017811915370804,-5.015856653749268,-2.595145024167027,-4.230783481468038,-7.069750759978245,-8.68495405836812,-10.68782088248125,2,89
290,-0.7372678880716979,-0.22687251246104811,-0.3500779479976119,-0.15227582885735058,-0.2933539854472003,-0.4094430699076972,-0.2978846873405759,-0.03418658716036171,2,90
291,-0.06425959225317156,0.16535171779408464,0.08465257733389132,-0.004544301891659688,0.12209383355942202,-0.11449919750105488,-0.22099743922324455,-0.5731202729551544,2,91
292,-7.584116514336567,-3.374092779048037,-4.18667153175258,-2.3323673284598327,-3.4165972721032407,-6.141276789038979,-7.412098301325477,-9.566427269066574,2,92
293,-0.7299750015165515,-0.5909188433627195,-0.4038408629151434,-0.2909276662918862,-0.4835482430908954,-0.5671389141835098,-0.6549062999100825,-1.3618371666970177,2,93
294,1.0907802085875962,0.40470401264368167,0.5971023914080694,0.2227085460912676,0.3923279561062781,0.9341937856411738,1.1103133714198774,1.2373300522109187,2,94
295,3.91636156378654,1.869656230566099,2.2237755692346863,1.063636779074896,1.8619561205340773,2.9636661140440728,3.7757058945915305,4.788043453249343,2,95
296,-0.5629028233671168,-0.17131861837824142,-0.24302175204003987,-0.11117538617346057,-0.15462368626906825,-0.26698583746965315,-0.30174255543426143,-0.2745359195527646,2,96
297,-7.122045440761008,-3.0450602589338582,-3.8670247003381006,-2.176872707711576,-3.2459195372446272,-5.683385292089269,-7.001513068700908,-8.522849757297347,2,97
298,-0.4589027319169684,-0.008362629297227864,-0.3352893937748843,-0.16752492235429872,-0.20503937134498007,-0.28491589795021305,-0.4929415358570069,-0.677148623232994,2,98
299,-6.340475665239993,-2.6979624844946106,-3.3874777371209035,-1.8531412662876703,-2.7975480401279906,-4.9517486280539025,-6.044370541637764,-6.267433299038171,2,99
300,-28.027577019938143,-10.035399957724092,-13.242186962337785,-6.613353524485796,-10.031029947298125,-19.989177919120195,-23.07961557128907,-25.502691478596763,3,0
301,5.340575653507284,1.9127013489424842,2.6137657553588522,1.2929148248002138,1.877432242332631,3.839587036170621,4.670916826948755,4.92074351354303,3,1
302,17.786198849208326,6.0976043253541965,8.392149127970438,3.9967422490653655,6.073188561761434,12.179917210580467,14.134924007354392,15.17545725753833,3,2
303,-20.029322175035603,-7.171311582377986,-9.514141699846572,-4.747392029067922,-7.263352404673427,-14.03657389284669,-16.049893946511958,-17.310835251492378,3,3
304,3.503487091861313,1.270096514191542,1.8806212603170283,0.8630029960001437,1.2404471668733015,2.4492237913616144,3.061834514839999,3.2269729597751837,3,4
305,27.964571102672952,9.864857182746329,13.317556424720063,6.559945584263939,9.966055121355367,19.42541296554581,22.550658153384035,24.659279902253616,3,5
306,-47.99752358828876,-16.887833293256904,-22.675305113372488,-11.347699985329141,-17.28309891518053,-33.585110705128514,-39.03822362356387,-43.42642986636495,3,6
307,28.194830084006846,9.935202430030145,13.192082637525422,6.613273940561424,10.05375756045491,19.45135849334833,22.810426485783545,24.778447186397656,3,7
308,10.709380825830822,3.765657859953791,4.897209833197142,2.5969235089549354,3.826328080645365,7.255203854044188,8.259842328262462,8.731828778151495,3,8
309,-0.2732168280096912,-0.09405842961205738,0.06868448936596772,-0.08940366427116601,-0.041889833648023574,-0.3465887685317979,-0.40201563309003296,-0.3734715972177092,3,9
310,9.011465363607858,3.2128414450803584,4.106860450901665,2.0800864657355915,3.0923055824600514,5.836179286805112,7.161552155181801,8.297733701453314,3,10
311,-30.45024911346513,-10.84317346289523,-13.94507838744178,-7.195036284820343,-10.713526139625216,-21.13972617656148,-24.173924179327006,-26.18584700297889,3,11
312,19.90114447689254,7.1218561181581554,9.163203023138756,4.724276968814052,6.8737142381304634,13.412335189010944,15.682542002701853,17.034520404288397,3,12
313,62.98205212188119,22.37936704868948,29.572116212464557,15.011011720914137,22.536144157074595,44.060912702201335,51.6428745725153,57.2179489624192,3,13
314,-56.87784527111619,-20.170157673063517,-26.5153492184543,-13.5221061485569,-20.128825342876876,-40.04557495500334,-46.45582284419383,-51.22497250441455,3,14
315,61.993548850517236,21.785900846332247,29.074423357216055,14.62873683527254,22.127437278662978,43.638739940561685,50.92150386793819,55.587615999107285,3,15
316,-1.2261911588595358,-0.3365402931017916,-0.6099857991620321,-0.32631037481545105,-0.31474364161390567,-1.0795271070527528,-1.386939753914506,-1.5327491685244898,3,16
317,-23.774627337710886,-8.378431407038944,-10.99522469990573,-5.672139939159965,-8.434577439137396,-16.881329519864753,-19.314281046040385,-20.425948248023516,3,17
318,-36.82615449844988,-13.194344801690535,-17.196426948325875,-8.798218370377851,-13.14629722821195,-25.677418425993398,-29.853967131762012,-33.30557636209522,3,18
319,5.096981095340893,2.041003345860795,2.5736393260598023,1.2790356951605852,1.8636148164016897,3.1817483438781298,3.936502477669939,4.831838065060691,3,19
320,-12.095205935756404,-4.19925333203239,-5.706425144075244,-2.76074185255505,-4.36109492558911,-8.438174064514811,-9.753128693925808,-10.365430249971203,3,20
321,28.126141739091526,10.085552126702463,13.257839557402654,6.668600542508364,10.162643785650616,19.39671508299305,22.493114004545863,24.85305869943275,3,21
322,-51.35637613358529,-18.177884008799108,-24.08936707268622,-12.198475052398493,-18.23015678476864,-36.41075183322271,-41.79182963055895,-46.41811155584352,3,22
323,13.16084348470382,4.661217638811972,6.311084934135906,3.142522792946033,4.663513920679775,8.727309141389632,10.18453295841437,12.06198702896641,3,23
324,18.083631255549044,6.591802497495982,8.569550938803918,4.12705968538597,6.4099844569102515,12.433481491086411,14.950212626238205,17.351637763386996,3,24
325,22.85105546323117,8.14115422211213,10.768621732688228,5.477965093157134,8.188082067988585,15.940427599666258,18.646043252083714,20.583969228871467,3,25
326,19.2303897955377,6.8879010408572405,9.125902160409632,4.4221472189776625,6.859288997315745,12.966505338539964,15.430290903629643,16.84536673669507,3,26
327,-14.609396130478919,-4.987910035301604,-6.958638250641639,-3.5211732124172066,-5.093857261977389,-10.346557630072635,-11.614743781210215,-13.314273596259827,3,27
328,-6.123048946463883,-2.1278965810054964,-2.9021408267278854,-1.4166665294368712,-2.257442190108674,-4.4627657507864225,-5.41629454273332,-5.835119614738757,3,28
329,42.31018205031968,14.916290286948945,19.61165200415164,10.11494651167759,14.965434614878129,29.540999305298676,34.572895750049895,38.146196636203975,3,29
330,-26.1413968101357,-9.264820668068683,-12.277741903861285,-6.108411405915983,-9.268482259727007,-18.217178352701552,-20.9241693057231,-22.134744848977494,3,30
331,44.42324628720924,15.811652741738566,20.74163966800662,10.632227875457152,15.792148544252392,30.83259980873379,36.00899205107789,39.716544984015144,3,31
332,43.581055706612744,15.615567555991765,20.52354509318239,10.2292426046185,15.693970826996576,30.14543139118286,35.28464152093532,38.81081384118604,3,32
333,-0.18603358271174653,-0.14505021460336112,-0.1179098370313916,0.043295608473002525,-0.16709021129631077,-0.3665890546896148,-0.2564093837396856,0.4699616150685445,3,33
334,-37.89470762764773,-13.38654124685456,-17.71477594649691,-8.946099979758431,-13.462323100681202,-26.731744370782323,-30.926587392761856,-34.03017892270618,3,34
335,8.94840934238915,3.3858680612545347,4.197661979655353,2.1592608122891748,3.0333518542979836,6.365802133526038,8.045369984084436,10.436917199125409,3,35
336,62.1903382775922,22.06536036721255,29.191376349594403,14.557384541150984,22.156983313480882,43.078571886108996,50.733468974047426,56.624010249874466,3,36
337,-29.528900280528198,-10.365034231748202,-13.740031868334748,-6.844455374732011,-10.421931935127656,-21.128992145686254,-24.416350641574844,-26.951575948984832,3,37
338,44.49334632357735,15.7966067765765,20.737823779526856,10.487058086384229,15.776227047170158,30.840123175833522,35.613118539318435,39.25670421521582,3,38
339,-33.8945664492129,-12.065077372594025,-15.739338492864697,-8.050468333650308,-11.979236270352661,-23.66334299075077,-27.306347032759213,-29.29512404398266,3,39
340,-10.21498182173664,-3.3731605841284935,-4.852012193308299,-2.373102838490802,-3.4071253760748474,-7.173030716821135,-8.186794820434105,-9.06626809340307,3,40
341,-13.570455752779225,-4.845476105512863,-6.2864902187081295,-3.2694126408254567,-4.822980238749581,-9.814347382138035,-11.5818945603731,-13.839039516921215,3,41
342,24.27418593426956,8.617254917659467,11.346671002245847,5.843642143107852,8.50372778897491,16.90468643260873,19.886261004570276,21.458004323395976,3,42
343,6.455267671164216,2.2817008837847723,2.9603272727486987,1.5173247985994949,2.211289593327944,3.9896811670200703,4.49979295806226,5.188429345304784,3,43
344,-26.8862385162081,-9.593354616687522,-12.63339324517749,-6.407486247535706,-9.64728296272628,-19.46387886137865,-22.64824619148932,-24.90548004886431,3,44
345,0.41805802525330293,0.2606018355275699,0.33348956039968275,0.03119941882632435,0.27430284772215313,0.19216820844135327,0.3436247140658013,0.044451698911736226,3,45
346,3.341381623251846,0.9883893075239396,1.5427760904187098,0.8073856005094823,1.0683392768495776,2.1047566232744037,2.129331576741009,1.9238309578294088,3,46
347,-48.18726398852782,-17.084301241970245,-22.451421001498026,-11.370409103439645,-17.032463449062746,-33.68504728459839,-39.30739180791593,-43.091093220055875,3,47
348,16.208279695135687,5.612276187690018,7.486359199125092,3.873678843643982,5.800718112156464,10.888982714504063,12.72142111689074,14.385770426044688,3,48
349,20.396285962260674,7.353884441257571,9.691600884594829,4.757633437527406,7.082739333290231,13.750177429692254,16.400942408184182,17.40515896554796,3,49
350,24.316262638362797,8.597347436542481,11.087874544096444,5.729592399045748,8.503475879160622,16.796151860858473,19.278566344616767,20.3779458476361,3,50
351,-28.0104042523826,-10.124370877030806,-13.044202781984682,-6.731626686774764,-9.979356133980687,-19.84819057494347,-22.96411986728606,-25.292792648057453,3,51
352,33.32389548981378,11.728721024299839,15.642152376054854,7.931250152140572,11.715316672417131,22.74631871248893,26.341073641771175,29.351533890208085,3,52
353,-42.94510452201994,-15.1898622676135,-20.228326281485558,-10.255775437983209,-15.295872874686808,-30.23688453838526,-35.240980047012776,-38.438725314216065,3,53
354,-9.895849522962315,-3.4594531436255505,-4.567607371380635,-2.2667728626610186,-3.515781760109092,-6.878561139935641,-7.826673551047336,-9.180880219486935,3,54
355,-29.069510313938896,-10.256749364323266,-13.634119510739064,-6.845321809165018,-10.395458908084251,-20.43965779934102,-23.902663270273838,-26.824531478091355,3,55
356,20.46055978596658,7.152098321617309,9.716080464141244,4.743226330291008,7.255869145333763,14.190522649721355,16.785253147720855,18.991077598007188,3,56
357,23.493732522753383,8.210325884516811,10.776866366248639,5.427469802079946,8.296686032776186,16.054805712298684,18.54614905309425,20.346199751272053,3,57
358,-7.965769733561673,-2.9036363090809334,-3.7770077953161847,-2.0275453501460263,-2.7690874922517654,-5.782951805984432,-6.413518517386921,-6.698335036581519,3,58
359,8.294485970984521,3.1270056763484284,3.9084947430510626,1.9573362750654528,2.9865687770367906,5.394167908185711,6.271412903384293,6.498161620361902,3,59
360,46.20661115790415,16.573435549732995,21.802841328878596,11.143991280721004,16.695788847102477,31.990705663535266,37.07827797106453,40.455181042929176,3,60
361,-0.26761250586566293,-0.0636211146717152,0.11684456038370972,-0.06261980653546449,-0.03296623274320892,-0.5292300798973427,-0.6077549813781412,-0.678463491841766,3,61
362,-56.81178192723727,-20.248200878407562,-26.49350958976093,-13.38686655824599,-20.24445135021878,-39.74603074162705,-46.078100395156525,-51.50154614328989,3,62
363,17.626434855773432,6.223698316808403,8.087327294422353,4.120596218463492,6.413436064507391,11.888191579924431,13.687328570979696,15.429068989193269,3,63
364,-42.534458554203766,-15.033549889922078,-19.721203097536343,-10.034730173372331,-15.20925742198011,-29.97037959295236,-34.201755300720535,-37.10899267972737,3,64
365,-19.966216998004242,-7.171502326653908,-9.491483613362956,-4.852888263429825,-7.141496336580596,-14.359422425517565,-16.96246681242381,-18.982029426498556,3,65
366,2.1317797571329278,0.6493725590568856,1.127910040434393,0.5736269421169832,0.9888473591320406,1.1867031156437453,1.222728841708688,1.2213052867933596,3,66
367,-22.34999353336407,-8.001758539742546,-10.560687972045402,-5.167716092051898,-7.926440351915717,-15.821326128935091,-18.215698615875308,-19.82551391823695,3,67
368,-13.821118473561574,-4.75821361301695,-6.443529834046965,-3.418004662415733,-4.860547699425053,-9.717440890113442,-11.223315139431154,-11.736065373750364,3,68
369,11.997555416818289,4.602185412666656,5.543887404532758,2.9035268919729704,4.459165626786773,8.178555559521003,9.524459414552123,10.14273300221783,3,69
370,9.794745399637554,3.63189799590509,4.730354562159308,2.3728685769384255,3.5868279376659253,6.516286368045657,7.583572859184913,7.914819831997902,3,70
371,17.03607069936222,5.966812931850574,7.818314203425228,4.180821681359962,5.983830768706459,11.541980501876308,13.074183339422264,13.661620981855435,3,71
372,-0.9495319063176102,-0.3955629624664738,-0.462272132355241,-0.27366038293296974,-0.177543874508044,-0.9147368703543399,-0.8436402535035065,-0.35652597914531825,3,72
373,-41.85071610931574,-14.711595780439826,-19.50911187973285,-9.90476508666685,-14.955249797204035,-29.534868998848786,-34.28037402905166,-38.25684998070993,3,73
374,27.404050830058456,9.67151340498438,12.891037184241728,6.395383064855356,9.699147199819338,19.24228988135724,22.477012887221147,24.890279395760146,3,74
375,26.573932492257754,9.422904180817987,12.43319089929456,6.263722902714985,9.283566517078734,18.33895797520467,21.67774674920803,23.43625714715909,3,75
376,-11.707429959823632,-4.198043112099945,-5.420466344013629,-2.7996723143704414,-4.191215831467606,-8.156878885283804,-9.237185243091982,-10.044023194803074,3,76
377,-13.196404149498086,-4.6460549955030315,-6.215031163427411,-2.885904226141346,-4.674115054283505,-9.107243145286269,-10.256890334609102,-11.180253209338963,3,77
378,-22.89382213711474,-8.279590082693035,-10.75160143525616,-5.6155586259824535,-8.111859997590315,-16.15089159455703,-18.150790423640398,-19.533935691888317,3,78
379,-56.495153989881274,-19.922667373841954,-26.53624425937614,-13.32864048422923,-20.114015175194854,-39.597907566005404,-45.72679538178366,-49.72151011194403,3,79
380,-28.459074953006194,-10.246791671870984,-13.286309551903914,-6.5745182323462386,-10.119464361749543,-19.895282581715335,-22.88718129799418,-25.193373334609973,3,80
381,51.0239016382158,18.051040924408458,23.61653192311446,12.110799747586173,17.95770619175568,34.93115259233053,40.313029939891614,43.46376156306671,3,81
382,-17.509900106643943,-5.896586010978501,-8.1772537975032,-4.08947421628137,-6.191132454893437,-11.95987067863987,-13.53979547440753,-14.337777507265885,3,82
383,20.772053456603146,7.359284812408572,9.671355872968444,4.859583898337778,7.394521172537516,14.075115122766459,16.20034525001608,18.019764268578378,3,83
384,-16.716263114885418,-6.079899788010307,-7.841009141506846,-3.9977284274847977,-6.049722401689743,-12.241174402710726,-14.399802023145075,-15.93787851820477,3,84
385,10.13391064850818,3.722793989683992,4.827084862456112,2.4994741674960714,3.64773302481173,7.198499052894686,8.880811167361431,10.343572544092188,3,85
386,4.425554134804661,1.4799100640866962,2.1357192546553496,1.0731316393299655,1.485141271411688,2.846956186986691,3.256737459677895,3.958977916523546,3,86
387,29.81070862856475,10.39844955346451,13.866231667492478,7.062987908897791,10.560381900422323,20.771591634399662,24.175067533483112,26.469473733131167,3,87
388,20.643137060697956,7.502609418480706,9.79380779487724,4.901955334464953,7.450014780915744,14.170225101644927,16.512289612728313,18.8990071444551,3,88
389,-59.20648288204863,-21.01289413949531,-27.615505212207893,-13.770900025086348,-21.061140788562103,-41.28817560790103,-47.666717236198046,-52.316931742166524,3,89
390,-4.160486253189161,-1.4655934278291227,-2.0472201662239096,-0.9693620698831914,-1.5794308289937888,-3.1019122327321433,-3.3656966812373352,-3.1962533555010997,3,90
391,-0.03275679280179264,0.21150894596850414,0.03760470001333342,-0.06938223264084553,0.18991501729345708,-0.09043698057971147,-0.5145770036393603,-0.6981906603963385,3,91
392,-47.85338991312784,-17.07722641314427,-22.61953149119731,-11.429253562715848,-17.01076769140136,-34.0352815229741,-39.214616343932086,-44.119170588923865,3,92
393,-3.4954038038598845,-1.6108727615608232,-1.7613096624881073,-0.9655293819364804,-1.4650429099959719,-2.595443446441591,-3.1682133314304814,-4.016539258075516,3,93
394,7.1083906625958235,2.5115111953057006,3.445694606831558,1.628801143629444,2.524830262883132,4.923100161543935,5.640916504845859,5.908700386660641,3,94
395,26.507490142211633,9.407209744595738,12.333202517054259,6.164424800189913,9.423676251501027,18.17984748474391,21.08720658082526,23.421440463928523,3,95
396,-3.227211492696181,-1.0514856460320743,-1.433275902910595,-0.6344389368953854,-1.117460699601836,-2.3642315963340037,-2.554640739156616,-2.2990257170531,3,96
397,-44.19607908579589,-15.832610360789507,-20.794905471659426,-10.558304877533853,-15.91828970120857,-31.04158961698031,-36.24829550984797,-40.17548672687695,3,97
398,-2.8339447795791783,-0.9310476764051867,-1.3949621031359063,-0.6948875089416511,-0.9508744565658714,-2.2948835640300924,-2.7716796086508957,-3.264134011128817,3,98
399,-41.35053732314671,-14.550142728744381,-19.26336690797258,-9.75980872732662,-14.504507027613013,-28.73235998378084,-33.06247183451036,-35.74661847020107,3,99
400,-360.6380330722466,-116.33811993632027,-154.76836582509281,-77.39997247998538,-116.15129307007159,-234.71120002787262,-254.94665606878854,-260.36386843407547,4,0
401,67.46342960290454,21.78721875021665,28.957354013945675,14.517329175688593,21.758359613117292,41.45733654104097,46.22339400045615,47.51228357674042,4,1
402,227.6851205689001,73.14537685119456,97.96859152113166,48.61638447216849,73.15840772874107,143.94730012320557,157.512413744804,161.03940263458276,4,2
403,-254.08560784181,-81.90710103151056,-109.28380707366384,-54.66527102132841,-82.08773582749919,-165.7724767315621,-179.66015067914276,-182.8191989534694,4,3
404,43.44917359775802,14.123446469679948,18.861724222622936,9.378200059687636,14.038968267228721,25.833744042019376,28.998208248731515,30.043105461149782,4,4
405,359.3572555256269,115.61033198949124,154.37323129230697,77.17484699142894,115.84335544367302,228.95623072443772,250.23039491400638,256.3960476593162,4,5
406,-614.6745233397407,-197.92160081273,-264.0000936168021,-132.0178874028856,-198.1575843447175,-397.8368742678916,-432.55246983760367,-442.25193369630097,4,6
407,360.7460836117268,116.21118481470977,155.01556191217384,77.43065832051667,116.31606108879124,229.73994749079702,251.06125177810674,256.599687018621,4,7
408,138.92827855410664,44.77064178047653,59.56915505361496,29.93912335314909,44.75327453683984,86.95977354846399,95.2216125037834,97.49228120368292,4,8
409,-3.4367467809880945,-1.059196536959317,-1.4976677873365318,-0.8553502860935485,-1.0688372411867235,-4.973517587153553,-4.501486848830732,-4.135028235493344,4,9
410,114.97368317229828,37.053774928725886,49.39559560414944,24.75313893994261,36.91716136672247,71.2351642148101,78.6378085690415,81.20489221553366,4,10
411,-388.81830293024643,-125.36839056399741,-166.61617454443663,-83.45789425484338,-125.12056921106483,-252.22442446514222,-273.7278857049188,-278.854664036272,4,11
412,255.10308259161192,82.19903628477869,109.28165804172811,54.74548044404192,82.08678006288488,161.5831893031751,176.82419483566503,180.78816333650838,4,12
413,806.5011901766145,260.0421506525953,346.2056107235475,173.3056914759266,260.04008630298057,516.9715940171247,564.5042404777877,577.5728487135451,4,13
414,-726.8558927237234,-234.2605483406974,-311.86911254564137,-156.25652704142874,-234.14181829143777,-470.6028886016588,-512.0662297597753,-523.4701638161465,4,14
415,792.2064225174635,254.933393281004,340.1978874257934,170.20968381752843,255.2748641480643,507.8641208698219,554.6090089114318,567.0963239954742,4,15
416,-15.667232832045135,-4.98901175977299,-6.807461914997964,-3.3735387151295595,-4.946089687507363,-12.512298985959072,-13.032339882269488,-13.029643989874554,4,16
417,-303.12412426152343,-97.72532240831913,-129.99985200107915,-65.29653247762012,-97.60403447915887,-197.62603555654766,-214.30696726440505,-218.22850570591842,4,17
418,-471.5073924251318,-151.9329519415768,-202.3842895419014,-101.30792340034424,-152.04593078916483,-305.7177871489689,-332.2776740541096,-339.6164590852418,4,18
419,65.789554372113,21.446164448233922,28.395990801068166,14.286851631837095,21.260904643329447,39.90175490502746,44.28466454761398,45.86773326437169,4,19
420,-153.00164946467675,-49.12345005419196,-65.65136918333133,-32.77297726082653,-49.47118160933788,-100.82009412439638,-109.15775859305536,-111.03299339644579,4,20
421,359.1997647581116,115.88823938764133,154.29463990627056,77.20466704853531,115.81573371028273,228.67863673401794,250.04461669412777,255.9983689370884,4,21
422,-659.5207329161975,-212.45002824864002,-283.12115278682666,-141.7746207593836,-212.47508211422118,-426.89501455817486,-464.3475919641512,-474.59025229175376,4,22
423,168.38060249896344,54.218929035317146,72.40176547781468,36.09451226337189,54.353278133026045,105.7889373063104,116.07237792486532,119.47556189863384,4,23
424,230.576669603181,74.46601208292796,99.10577685575298,49.45729070439875,74.24669302048555,146.035075005328,160.51878870210268,165.27796603704144,4,24
425,292.52406782155583,94.26478804503833,125.60395252120266,62.831938183748434,94.20517081559397,185.8063817550368,203.61932006339185,208.55156042082095,4,25
426,246.4811261144238,79.607032555756,105.88280878505961,52.80273661182326,79.45273360528603,155.84184237444805,170.59008302334715,174.57357970661906,4,26
427,-186.52519382128852,-59.85350255304111,-80.18771017642798,-40.15235185309654,-60.03335328129199,-122.42226633989887,-132.35346670957853,-134.98141055597827,4,27
428,-79.26470214622556,-25.575099240625136,-33.963169160550606,-17.020533739076214,-25.499288642138882,-53.55422051256674,-57.743607854877105,-59.20609165681263,4,28
429,540.8079877882961,174.22135854054736,231.9548456551833,116.29553990440101,174.25102465955146,345.88197848828855,378.03524511241955,386.98468605029376,4,29
430,-336.30834233983245,-108.18982377633114,-144.33091285955516,-72.15061219879166,-108.36825206328326,-218.26945029334686,-236.73661042415085,-240.51419094272214,4,30
431,566.5460433245513,182.575169667872,243.24819237443745,121.83929308413845,182.58646768200492,362.4018971711354,395.8732339277992,404.8725642895401,4,31
432,557.6900091744787,179.72597227282452,239.38162938596892,119.72696811666061,179.8414343810427,356.35798644838053,389.1043742551271,397.6970122300677,4,32
433,-1.7687051245571646,-0.688537367947263,-0.7666863297749501,-0.2918585413161163,-0.6305514466991506,-3.483254379766953,-3.0608645717001104,-2.1833627145663086,4,33
434,-485.1898668976376,-156.30217515887574,-208.28834425365923,-104.23932306879665,-156.39432829511128,-314.86419804974423,-342.25995222278857,-349.55077518711965,4,34
435,114.7329956048474,37.03448127109223,49.23226034568136,24.630589665776657,36.862822764556725,71.64606225614357,79.50067428497952,83.5396064458904,4,35
436,795.6428824183938,256.23962575494573,341.5958469659894,170.7819994565963,256.42348032296775,509.58516491757985,556.5536450940069,569.6505801338606,4,36
437,-377.5115659464202,-121.5775052069764,-161.9947655548342,-80.93101374043525,-121.6659262074692,-245.90958959056775,-267.20053587359024,-273.01815341901937,4,37
438,567.471212594724,182.92667196382422,243.6310565813167,121.87080670684385,182.7826510694315,362.97859958901734,396.20838940937165,404.8267047619201,4,38
439,-433.2202289073303,-139.69095625168188,-185.85876753833477,-93.06857338693234,-139.47005115532744,-281.02833249040225,-304.99159028042095,-310.7740841986775,4,39
440,-130.7647031713692,-41.954059461254616,-56.173513422142555,-27.948491540891833,-41.956964780292274,-86.54026402430001,-93.43818913680215,-95.31372262520918,4,40
441,-170.6619573421055,-54.999439256364425,-73.2508994406969,-36.79905464182913,-55.01878199610414,-112.33629209141016,-122.14544221467958,-125.67676524805617,4,41
442,309.52845846587286,99.68342249949727,132.92181957769344,66.56821499483056,99.55144396155616,196.99350374377417,215.9193670212673,220.85845604288207,4,42
443,82.43920989033415,26.651769247269694,35.40137096034097,17.76206845635434,26.50263928573057,50.352843538587166,55.401990191904645,56.67262858571034,4,43
444,-344.3870627848854,-111.0351179024367,-147.75628039828132,-73.95356314691475,-110.93132341878041,-224.55713363066016,-244.29412563522223,-249.44851300202905,4,44
445,3.858345357433744,1.1521144562646668,1.7520561002725346,0.5895288067385976,1.5106834128844768,0.21200928844147654,1.1692318958429573,1.2704364574648732,4,45
446,42.40542511287363,13.521726392295845,18.189194627899493,9.170852528551496,13.651245852503237,24.875369706169398,27.649696724782938,27.83887403048903,4,46
447,-617.9601139226419,-199.04884428203198,-265.25237217119417,-132.56909191368422,-198.9889804997712,-400.2024160926963,-435.25022132669335,-444.7294136605469,4,47
448,208.877932451782,67.07859950635147,89.50336320247256,44.87542757929204,67.2970222830032,131.68304267227822,144.13928554264305,147.51407296600223,4,48
449,261.3248978860237,84.2587469047266,112.27556504847828,56.0777147967674,84.05181129942916,165.6490215191804,181.31327758530102,185.0181287111264,4,49
450,310.3248086326285,99.9298457933593,133.02389589655925,66.6242029080577,100.01765805189814,197.45885671913106,215.84881193840866,219.85968997520612,4,50
451,-360.13467365251773,-116.03437389279702,-154.39954955650487,-77.33694092903814,-116.09739871426213,-234.16341378223717,-254.38313945706128,-259.4782075648848,4,51
452,427.46536437161205,137.70130835883296,183.55131259619907,91.81950524431937,137.5009033374481,272.49155884489744,297.3604904618776,303.99471400777537,4,52
453,-549.157017548837,-176.95870440327718,-235.85569397352117,-118.09478425660846,-177.14611840089904,-356.02016987269974,-387.1725572688884,-395.602885508451,4,53
454,-124.73596542138667,-40.09155010395529,-53.504922232913955,-26.717559643438523,-40.22046346411574,-82.71381443604727,-89.19839805645137,-91.1479967814872,4,54
455,-371.1895121932725,-119.55845279812578,-159.36994764488472,-79.64733463835363,-119.65012225681632,-241.4054584680673,-262.55610562865877,-268.32727280053194,4,55
456,263.64054081891794,84.71856975673822,113.19103106537933,56.53622329010136,84.94882940568985,167.39492260747346,183.16467879172504,188.16461172736138,4,56
457,300.7302772592106,96.65447641233231,128.97012732426856,64.39851355224027,96.92692039073766,190.90043123344043,208.51331718172236,213.14232823373698,4,57
458,-101.25177393182543,-32.76417773985655,-43.509551755041755,-21.8696539931853,-32.61109688201642,-67.5952744354332,-72.66187526302818,-73.62773977086536,4,58
459,104.94129719735992,33.911372637541994,45.166163309600016,22.560453564417337,33.808659772378775,65.16225828151121,71.90495653241426,73.09775905768481,4,59
460,592.2626347141858,190.96447997354815,254.3653422886573,127.37943767530146,190.9775951540634,378.7170706388673,413.3043230097049,422.2782114489495,4,60
461,-0.9354334112220795,-0.3241967591160282,-0.21649902152534542,-0.2705378729821598,-0.35847814117894966,-3.067867564065008,-2.754742200928028,-2.722010273378743,4,61
462,-724.879550808327,-233.67287787757525,-311.1054981248976,-155.6555239256679,-233.75692675629452,-468.9577681666575,-509.84950215823073,-521.821914202055,4,62
463,227.648297963287,73.1951224382914,97.48664019325322,48.7900988864312,73.34726687511856,143.8723206503345,157.16585376978054,160.51455454766233,4,63
464,-542.5756746029906,-174.8452491786663,-232.7871925695413,-116.61378020848137,-174.91029241540716,-351.6460547877507,-381.944846732958,-389.7358399053047,4,64
465,-256.7765046662265,-82.83215010439868,-110.2367142746201,-55.17743413389943,-82.74569248342391,-167.61488023106423,-182.08480075167654,-186.30932935686005,4,65
466,28.76804475445695,9.185588107558173,12.203731766808268,6.253374243466094,9.3783610762406,16.067736409737233,17.8834334301334,18.299502373167993,4,66
467,-285.1694124295625,-91.83485474928264,-122.50440503634034,-61.07747314993901,-91.920255526325,-186.10733387749792,-201.8291399598149,-205.90455334825006,4,67
468,-175.8608513149395,-56.63449516973309,-75.59210931948935,-37.9493950329419,-56.65328517653443,-115.49238570227469,-124.80739351783424,-127.01651390202963,4,68
469,153.72676563104886,49.83187590413226,66.02400406140562,32.98751932602615,49.57901522432282,96.44260541441257,105.88893873337226,108.11398194536517,4,69
470,124.27166084325303,40.22784278445434,53.52979338395081,26.800934768236395,40.16425750032015,77.45295725065264,85.11099440289914,87.06567720717166,4,70
471,217.07949554986612,69.91142651338657,93.09545098183426,46.74212502561755,69.77990624889549,137.3573557598172,149.9979314348868,152.68012886282736,4,71
472,-9.751163657491647,-3.297185451102783,-4.19948201401964,-2.186854034692682,-3.1069588761903995,-8.680396822882809,-8.869533080350921,-8.434129285105815,4,72
473,-535.992540500878,-172.54064533683348,-229.9723725756856,-115.07964851641587,-172.79207336583312,-347.5977237707639,-378.0495748278299,-386.7353312515465,4,73
474,350.2243995234635,112.73586002445313,150.30545746253753,75.1470221376159,112.83307409386622,223.19848208545574,244.19898022129522,250.00964471679325,4,74
475,340.9161836783282,109.89744255744581,146.28616017518667,73.19351200363963,109.84081638214303,217.02917993503723,237.3335422598949,242.96929158833035,4,75
476,-152.59853403320827,-49.07290216360997,-65.34783947919568,-32.76535843278887,-49.276618940697524,-100.38566757042489,-108.12940487517439,-110.10321399809959,4,76
477,-171.08434573167344,-54.968520756559755,-73.54073821510912,-36.59505682600806,-55.173493370696136,-112.13793147410559,-121.06260937946435,-122.26140211381954,4,77
478,-293.2141712183504,-94.64663918739474,-125.9394983127787,-63.13766909346254,-94.44280090522497,-190.98434796448956,-206.81295297307796,-210.70576402048272,4,78
479,-723.0207815442348,-232.86518334188696,-310.44675613712184,-155.24771003542708,-233.02321552535636,-467.80355289115676,-508.61636642214415,-519.4933054776332,4,79
480,-364.3633245176457,-117.57168817601868,-156.29870295514488,-78.13912545020376,-117.35789844068677,-237.02991794612893,-257.12156083825636,-262.7812687805169,4,80
481,653.8046310401622,210.6125080103588,280.3444964958155,140.4651042537577,210.48465303856082,417.9941982712979,455.68948644352827,464.6077784855023,4,81
482,-224.8844117404749,-72.29556654822917,-96.60082473961691,-48.229070427174555,-72.44046405784933,-146.7741828322594,-158.55763404662588,-160.61307877731926,4,82
483,267.5576011135661,86.20070497006516,114.79559904124172,57.59701992366436,86.18404104762635,169.56789647196442,185.16825185522458,188.916078878753,4,83
484,-215.57094167198096,-69.583723562346,-92.43453212419061,-46.29251122489012,-69.49311158335028,-141.24788003042602,-153.39345197740968,-156.89274368093734,4,84
485,130.48133970459108,41.956504654880845,56.141075724662386,28.1087409916677,42.06685285184635,81.71156360001295,90.34721088030494,93.23943492632264,4,85
486,56.48523795575548,18.156507456475588,24.32196317742625,12.300143203231219,18.176465125205567,34.13922914760546,37.93593527868255,39.53508087498912,4,86
487,378.89078971830094,122.00045498437429,162.7083371384473,81.32851246092896,122.26994066884316,241.5336293881521,264.2668796055427,270.48326941505655,4,87
488,263.6644268943441,85.16729712308901,113.25891519039523,56.62474825309927,85.17466455673531,167.25737644050474,183.1283046923161,187.83919679067915,4,88
489,-759.8313969506809,-244.82477188269507,-325.9802625934993,-162.96475158615218,-244.87476539235425,-491.2303956063295,-533.978052599196,-544.736539729935,4,89
490,-51.94088660133767,-16.7157957462356,-22.424645796544283,-11.074383091774953,-16.875372960539824,-35.84762475765994,-38.1355615664622,-38.6788068623939,4,90
491,-1.0547429021003678,-0.12451364566369066,-0.44356637264309495,-0.3134161800422936,-0.11885690246861863,-2.7374498810657566,-2.74423049675214,-3.0684549855558965,4,91
492,-612.8690435418771,-197.54809056183063,-263.2186322540949,-131.74421292419322,-197.44392520213927,-397.34617154365236,-432.0569731129422,-442.72810304893994,4,92
493,-42.96326016205522,-14.1100485668147,-18.640405268647193,-9.399630569166433,-14.060298863146729,-29.995996174190388,-32.12197720533397,-33.17399833275805,4,93
494,92.00268213135182,29.66191910775534,39.61955584586043,19.684860706175346,29.696113594307793,56.70159212275817,62.7464498433243,64.19215232830459,4,94
495,338.0288936782221,109.02209848196189,144.97161917688163,72.57005587812276,109.04633111134521,215.14231933097014,235.06597925918604,240.7796240874047,4,95
496,-41.209776659416704,-13.222809505320223,-17.707868202432866,-8.728683182091423,-13.279711403539311,-28.973027639320335,-30.44786106935588,-30.112480577158856,4,96
497,-563.8643132358127,-181.75633444605083,-242.21375290319685,-121.23721874973485,-181.9090682431707,-365.6086053727165,-397.5132952752675,-406.3272159928186,4,97
498,-37.42415648530729,-11.973263297786291,-16.135106075608366,-7.996493052484371,-12.106419037303379,-26.541880603318575,-28.219614207781134,-29.20291965068696,4,98
499,-529.5125611343643,-170.50665468426746,-227.15507626503444,-113.74802612778996,-170.39505558420748,-342.9511251121605,-372.4387186806972,-379.6503102869254,4,99
