transmission_cluster,obs,base_date,y,d
0,1,2020-10-17,0,0
1,1,2020-10-20,0,0
2,1,2020-10-20,0,0
3,1,2020-10-20,0,0
4,1,2020-10-20,0,0
5,1,2020-11-18,0,0
6,1,2020-11-18,0,0
7,1,2020-11-18,0,0
8,1,2020-12-05,4,15
8,2,2020-12-06,4,14
8,3,2020-12-07,4,13
8,4,2020-12-08,4,12
8,5,2020-12-09,4,11
9,1,2020-12-05,0,0
10,1,2020-12-05,0,0
11,1,2020-12-05,0,0
12,1,2020-12-05,1,13
12,2,2020-12-06,1,12
12,3,2020-12-07,1,11
12,4,2020-12-08,1,10
12,5,2020-12-09,1,9
13,1,2020-12-05,0,0
14,1,2020-12-05,3,17
14,2,2020-12-06,3,16
14,3,2020-12-07,3,15
14,4,2020-12-08,3,14
14,5,2020-12-09,3,13
15,1,2020-12-11,6,12
15,2,2020-12-12,6,11
15,3,2020-12-13,6,10
15,4,2020-12-14,6,9
15,5,2020-12-15,6,8
16,1,2020-12-11,0,0
17,1,2020-12-11,0,0
18,1,2020-12-11,10,14
18,2,2020-12-12,10,13
18,3,2020-12-13,10,12
18,4,2020-12-14,10,11
18,5,2020-12-15,10,10
19,1,2020-12-11,0,0
20,1,2020-12-11,0,0
21,1,2020-12-16,9,6
21,2,2020-12-17,7,5
21,3,2020-12-18,7,4
21,4,2020-12-19,3,3
21,5,2020-12-20,3,2
22,1,2020-12-16,17,15
22,2,2020-12-17,15,14
22,3,2020-12-18,13,13
22,4,2020-12-19,5,12
22,5,2020-12-20,5,11
23,1,2020-12-16,9,15
23,2,2020-12-17,8,14
23,3,2020-12-18,3,13
23,4,2020-12-19,3,12
23,5,2020-12-20,3,11
24,1,2020-12-16,5,3
24,2,2020-12-17,4,2
24,3,2020-12-18,4,1
24,4,2020-12-19,0,0
25,1,2020-12-16,4,14
25,2,2020-12-17,2,13
25,3,2020-12-18,2,12
25,4,2020-12-19,2,11
25,5,2020-12-20,1,10
26,1,2020-12-16,6,14
26,2,2020-12-17,6,13
26,3,2020-12-18,6,12
26,4,2020-12-19,6,11
26,5,2020-12-20,6,10
27,1,2020-12-17,36,14
27,2,2020-12-18,29,13
27,3,2020-12-19,5,12
27,4,2020-12-20,5,11
27,5,2020-12-21,5,10
28,1,2020-12-17,1,1
28,2,2020-12-18,0,0
29,1,2020-12-17,0,0
30,1,2020-12-18,9,12
30,2,2020-12-19,1,11
30,3,2020-12-20,1,10
30,4,2020-12-21,1,9
30,5,2020-12-22,1,8
31,1,2020-12-18,5,12
31,2,2020-12-19,1,11
31,3,2020-12-20,1,10
31,4,2020-12-21,1,9
31,5,2020-12-22,1,8
32,1,2020-12-18,1,8
32,2,2020-12-19,1,7
32,3,2020-12-20,1,6
32,4,2020-12-21,1,5
32,5,2020-12-22,1,4
33,1,2020-12-18,0,0
34,1,2020-12-19,16,35
34,2,2020-12-20,15,34
34,3,2020-12-21,14,33
34,4,2020-12-22,14,32
34,5,2020-12-23,12,31
35,1,2020-12-19,35,16
35,2,2020-12-20,33,15
35,3,2020-12-21,20,14
35,4,2020-12-22,16,13
35,5,2020-12-23,13,12
36,1,2020-12-19,0,0
37,1,2020-12-19,13,12
37,2,2020-12-20,8,11
37,3,2020-12-21,8,10
37,4,2020-12-22,3,9
37,5,2020-12-23,2,8
38,1,2020-12-19,5,2
38,2,2020-12-20,4,1
38,3,2020-12-21,0,0
39,1,2020-12-20,18,26
39,2,2020-12-21,16,25
39,3,2020-12-22,15,24
39,4,2020-12-23,12,23
39,5,2020-12-24,12,22
40,1,2020-12-20,6,3
40,2,2020-12-21,5,2
40,3,2020-12-22,1,1
40,4,2020-12-23,0,0
41,1,2020-12-23,1,7
41,2,2020-12-24,1,6
41,3,2020-12-25,1,5
41,4,2020-12-26,1,4
41,5,2020-12-27,1,3
42,1,2020-12-24,22,13
42,2,2020-12-25,20,12
42,3,2020-12-26,13,11
42,4,2020-12-27,12,10
42,5,2020-12-28,9,9
43,1,2020-12-25,28,14
43,2,2020-12-26,18,13
43,3,2020-12-27,13,12
43,4,2020-12-28,11,11
43,5,2020-12-29,10,10
44,1,2020-12-26,3,4
44,2,2020-12-27,2,3
44,3,2020-12-28,2,2
44,4,2020-12-29,1,1
44,5,2020-12-30,0,0
45,1,2020-12-26,18,15
45,2,2020-12-27,18,14
45,3,2020-12-28,18,13
45,4,2020-12-29,18,12
45,5,2020-12-30,16,11
46,1,2020-12-27,21,8
46,2,2020-12-28,14,7
46,3,2020-12-29,6,6
46,4,2020-12-30,5,5
46,5,2020-12-31,5,4
47,1,2020-12-28,34,15
47,2,2020-12-29,28,14
47,3,2020-12-30,23,13
47,4,2020-12-31,14,12
47,5,2021-01-01,9,11
48,1,2020-12-30,33,16
48,2,2020-12-31,30,15
48,3,2021-01-01,27,14
48,4,2021-01-02,22,13
48,5,2021-01-03,15,12
49,1,2020-12-30,32,16
49,2,2020-12-31,30,15
49,3,2021-01-01,24,14
49,4,2021-01-02,22,13
49,5,2021-01-03,21,12
50,1,2021-01-02,52,16
50,2,2021-01-03,37,15
50,3,2021-01-04,33,14
50,4,2021-01-05,30,13
50,5,2021-01-06,14,12
51,1,2021-01-07,13,23
51,2,2021-01-08,7,22
51,3,2021-01-09,7,21
51,4,2021-01-10,7,20
51,5,2021-01-11,7,19
52,1,2021-01-10,15,13
52,2,2021-01-11,10,12
52,3,2021-01-12,5,11
52,4,2021-01-13,2,10
52,5,2021-01-14,2,9
53,1,2021-01-13,8,13
53,2,2021-01-14,6,12
53,3,2021-01-15,6,11
53,4,2021-01-16,6,10
53,5,2021-01-17,6,9
54,1,2021-01-14,10,8
54,2,2021-01-15,5,7
54,3,2021-01-16,4,6
54,4,2021-01-17,3,5
54,5,2021-01-18,2,4
55,1,2021-01-15,10,10
55,2,2021-01-16,6,9
55,3,2021-01-17,4,8
55,4,2021-01-18,4,7
55,5,2021-01-19,1,6
56,1,2021-01-25,27,3
56,2,2021-01-26,13,2
56,3,2021-01-27,4,1
56,4,2021-01-28,0,0
57,1,2021-01-29,10,6
57,2,2021-01-30,1,5
57,3,2021-01-31,1,4
57,4,2021-02-01,1,3
57,5,2021-02-02,1,2
58,1,2021-02-02,16,3
58,2,2021-02-03,7,2
58,3,2021-02-04,3,1
58,4,2021-02-05,0,0
59,1,2021-02-02,6,5
59,2,2021-02-03,4,4
59,3,2021-02-04,4,3
59,4,2021-02-05,4,2
59,5,2021-02-06,3,1
60,1,2021-02-02,22,15
60,2,2021-02-03,6,14
60,3,2021-02-04,5,13
60,4,2021-02-05,5,12
60,5,2021-02-06,4,11
61,1,2021-02-03,16,15
61,2,2021-02-04,12,14
61,3,2021-02-05,8,13
61,4,2021-02-06,8,12
61,5,2021-02-07,8,11
62,1,2021-02-04,11,14
62,2,2021-02-05,9,13
62,3,2021-02-06,8,12
62,4,2021-02-07,8,11
62,5,2021-02-08,8,10
63,1,2021-02-08,40,19
63,2,2021-02-09,33,18
63,3,2021-02-10,27,17
63,4,2021-02-11,21,16
63,5,2021-02-12,19,15
64,1,2021-02-11,7,5
64,2,2021-02-12,6,4
64,3,2021-02-13,4,3
64,4,2021-02-14,3,2
64,5,2021-02-15,2,1
65,1,2021-02-11,19,19
65,2,2021-02-12,18,18
65,3,2021-02-13,18,17
65,4,2021-02-14,18,16
65,5,2021-02-15,16,15
66,1,2021-02-11,25,17
66,2,2021-02-12,22,16
66,3,2021-02-13,16,15
66,4,2021-02-14,14,14
66,5,2021-02-15,14,13
67,1,2021-02-16,20,17
67,2,2021-02-17,20,16
67,3,2021-02-18,20,15
67,4,2021-02-19,20,14
67,5,2021-02-20,13,13
68,1,2021-02-17,9,13
68,2,2021-02-18,1,12
68,3,2021-02-19,1,11
68,4,2021-02-20,1,10
68,5,2021-02-21,1,9
69,1,2021-02-18,12,15
69,2,2021-02-19,5,14
69,3,2021-02-20,3,13
69,4,2021-02-21,3,12
69,5,2021-02-22,3,11
70,1,2021-02-22,11,22
70,2,2021-02-23,9,21
70,3,2021-02-24,8,20
70,4,2021-02-25,7,19
70,5,2021-02-26,6,18
71,1,2021-02-28,12,11
71,2,2021-03-01,7,10
71,3,2021-03-02,4,9
71,4,2021-03-03,4,8
71,5,2021-03-04,4,7
72,1,2021-03-03,7,14
72,2,2021-03-04,3,13
72,3,2021-03-05,1,12
72,4,2021-03-06,1,11
72,5,2021-03-07,1,10
73,1,2021-03-08,46,20
73,2,2021-03-09,34,19
73,3,2021-03-10,30,18
73,4,2021-03-11,30,17
73,5,2021-03-12,30,16
74,1,2021-03-10,12,7
74,2,2021-03-11,5,6
74,3,2021-03-12,4,5
74,4,2021-03-13,4,4
74,5,2021-03-14,3,3
75,1,2021-03-11,6,6
75,2,2021-03-12,4,5
75,3,2021-03-13,4,4
75,4,2021-03-14,2,3
75,5,2021-03-15,1,2
76,1,2021-03-11,4,2
76,2,2021-03-12,1,1
76,3,2021-03-13,0,0
77,1,2021-03-14,17,14
77,2,2021-03-15,14,13
77,3,2021-03-16,9,12
77,4,2021-03-17,8,11
77,5,2021-03-18,8,10
78,1,2021-03-21,10,15
78,2,2021-03-22,8,14
78,3,2021-03-23,7,13
78,4,2021-03-24,6,12
78,5,2021-03-25,2,11
79,1,2021-03-25,176,6
79,2,2021-03-26,32,5
79,3,2021-03-27,12,4
79,4,2021-03-28,4,3
79,5,2021-03-29,4,2
80,1,2021-03-25,172,3
80,2,2021-03-26,12,2
80,3,2021-03-27,4,1
80,4,2021-03-28,0,0
81,1,2021-03-25,166,9
81,2,2021-03-26,38,8
81,3,2021-03-27,18,7
81,4,2021-03-28,6,6
81,5,2021-03-29,6,5
82,1,2021-03-26,133,19
82,2,2021-03-27,133,18
82,3,2021-03-28,113,17
82,4,2021-03-29,86,16
82,5,2021-03-30,82,15
83,1,2021-03-26,201,21
83,2,2021-03-27,201,20
83,3,2021-03-28,201,19
83,4,2021-03-29,183,18
83,5,2021-03-30,179,17
84,1,2021-03-28,213,25
84,2,2021-03-29,204,24
84,3,2021-03-30,176,23
84,4,2021-03-31,152,22
84,5,2021-04-01,151,21
85,1,2021-04-04,43,8
85,2,2021-04-05,40,7
85,3,2021-04-06,36,6
85,4,2021-04-07,36,5
85,5,2021-04-08,20,4
86,1,2021-04-07,321,18
86,2,2021-04-08,113,17
86,3,2021-04-09,17,16
86,4,2021-04-10,8,15
86,5,2021-04-11,8,14
87,1,2021-04-27,25,14
87,2,2021-04-28,9,13
87,3,2021-04-29,9,12
87,4,2021-04-30,9,11
87,5,2021-05-01,9,10
88,1,2021-05-11,5,7
88,2,2021-05-12,3,6
88,3,2021-05-13,1,5
88,4,2021-05-14,1,4
88,5,2021-05-15,1,3
89,1,2021-05-13,51,33
89,2,2021-05-14,51,32
89,3,2021-05-15,47,31
89,4,2021-05-16,46,30
89,5,2021-05-17,43,29
90,1,2021-05-26,25,10
90,2,2021-05-27,25,9
90,3,2021-05-28,7,8
90,4,2021-05-29,7,7
90,5,2021-05-30,7,6
91,1,2021-05-26,10,16
91,2,2021-05-27,10,15
91,3,2021-05-28,10,14
91,4,2021-05-29,9,13
91,5,2021-05-30,8,12
92,1,2021-06-05,33,21
92,2,2021-06-06,33,20
92,3,2021-06-07,33,19
92,4,2021-06-08,33,18
92,5,2021-06-09,33,17
93,1,2021-06-22,24,15
93,2,2021-06-23,19,14
93,3,2021-06-24,11,13
93,4,2021-06-25,11,12
93,5,2021-06-26,10,11
94,1,2021-06-26,8,2
94,2,2021-06-27,3,1
94,3,2021-06-28,0,0
95,1,2021-06-29,5,11
95,2,2021-06-30,5,10
95,3,2021-07-01,4,9
95,4,2021-07-02,4,8
95,5,2021-07-03,4,7
96,1,2021-06-29,15,16
96,2,2021-06-30,15,15
96,3,2021-07-01,11,14
96,4,2021-07-02,11,13
96,5,2021-07-03,9,12
97,1,2021-07-03,377,28
97,2,2021-07-04,377,27
97,3,2021-07-05,376,26
97,4,2021-07-06,375,25
97,5,2021-07-07,312,24
98,1,2021-07-05,266,22
98,2,2021-07-06,242,21
98,3,2021-07-07,89,20
98,4,2021-07-08,87,19
98,5,2021-07-09,78,18
99,1,2021-07-07,41,16
99,2,2021-07-08,35,15
99,3,2021-07-09,33,14
99,4,2021-07-10,33,13
99,5,2021-07-11,33,12
100,1,2021-07-08,17,14
100,2,2021-07-09,10,13
100,3,2021-07-10,9,12
100,4,2021-07-11,9,11
100,5,2021-07-12,9,10
101,1,2021-07-08,47,19
101,2,2021-07-09,44,18
101,3,2021-07-10,43,17
101,4,2021-07-11,43,16
101,5,2021-07-12,43,15
102,1,2021-07-08,8,15
102,2,2021-07-09,6,14
102,3,2021-07-10,6,13
102,4,2021-07-11,6,12
102,5,2021-07-12,6,11
103,1,2021-07-13,73,13
103,2,2021-07-14,49,12
103,3,2021-07-15,40,11
103,4,2021-07-16,37,10
103,5,2021-07-17,37,9
104,1,2021-07-13,118,14
104,2,2021-07-14,102,13
104,3,2021-07-15,93,12
104,4,2021-07-16,93,11
104,5,2021-07-17,93,10
105,1,2021-07-13,37,10
105,2,2021-07-14,21,9
105,3,2021-07-15,12,8
105,4,2021-07-16,12,7
105,5,2021-07-17,12,6
106,1,2021-07-14,80,8
106,2,2021-07-15,53,7
106,3,2021-07-16,52,6
106,4,2021-07-17,52,5
106,5,2021-07-18,44,4
107,1,2021-07-14,68,5
107,2,2021-07-15,32,4
107,3,2021-07-16,31,3
107,4,2021-07-17,31,2
107,5,2021-07-18,27,1
108,1,2021-07-15,263,21
108,2,2021-07-16,258,20
108,3,2021-07-17,258,19
108,4,2021-07-18,230,18
108,5,2021-07-19,131,17
109,1,2021-07-16,126,16
109,2,2021-07-17,126,15
109,3,2021-07-18,110,14
109,4,2021-07-19,101,13
109,5,2021-07-20,81,12
110,1,2021-07-18,93,19
110,2,2021-07-19,84,18
110,3,2021-07-20,72,17
110,4,2021-07-21,68,16
110,5,2021-07-22,64,15
111,1,2021-07-19,5,3
111,2,2021-07-20,5,2
111,3,2021-07-21,4,1
111,4,2021-07-22,0,0
112,1,2021-07-19,60,10
112,2,2021-07-20,56,9
112,3,2021-07-21,55,8
112,4,2021-07-22,39,7
112,5,2021-07-23,35,6
113,1,2021-07-20,39,13
113,2,2021-07-21,38,12
113,3,2021-07-22,34,11
113,4,2021-07-23,34,10
113,5,2021-07-24,30,9
114,1,2021-07-20,113,15
114,2,2021-07-21,105,14
114,3,2021-07-22,97,13
114,4,2021-07-23,89,12
114,5,2021-07-24,85,11
115,1,2021-07-20,20,11
115,2,2021-07-21,20,10
115,3,2021-07-22,20,9
115,4,2021-07-23,20,8
115,5,2021-07-24,20,7
116,1,2021-07-21,25,7
116,2,2021-07-22,13,6
116,3,2021-07-23,13,5
116,4,2021-07-24,9,4
116,5,2021-07-25,9,3
117,1,2021-07-21,717,30
117,2,2021-07-22,705,29
117,3,2021-07-23,685,28
117,4,2021-07-24,669,27
117,5,2021-07-25,669,26
118,1,2021-07-23,69,12
118,2,2021-07-24,69,11
118,3,2021-07-25,67,10
118,4,2021-07-26,67,9
118,5,2021-07-27,58,8
119,1,2021-07-24,18,9
119,2,2021-07-25,17,8
119,3,2021-07-26,8,7
119,4,2021-07-27,8,6
119,5,2021-07-28,8,5
120,1,2021-07-26,138,16
120,2,2021-07-27,102,15
120,3,2021-07-28,57,14
120,4,2021-07-29,45,13
120,5,2021-07-30,45,12
121,1,2021-07-27,144,11
121,2,2021-07-28,54,10
121,3,2021-07-29,38,9
121,4,2021-07-30,26,8
121,5,2021-07-31,25,7
122,1,2021-07-27,161,18
122,2,2021-07-28,161,17
122,3,2021-07-29,161,16
122,4,2021-07-30,157,15
122,5,2021-07-31,156,14
123,1,2021-07-27,88,13
123,2,2021-07-28,79,12
123,3,2021-07-29,71,11
123,4,2021-07-30,71,10
123,5,2021-07-31,71,9
124,1,2021-07-28,130,19
124,2,2021-07-29,122,18
124,3,2021-07-30,118,17
124,4,2021-07-31,117,16
124,5,2021-08-01,99,15
125,1,2021-07-28,72,13
125,2,2021-07-29,48,12
125,3,2021-07-30,44,11
125,4,2021-07-31,41,10
125,5,2021-08-01,32,9
126,1,2021-07-28,25,5
126,2,2021-07-29,13,4
126,3,2021-07-30,5,3
126,4,2021-07-31,4,2
126,5,2021-08-01,4,1
127,1,2021-07-29,51,14
127,2,2021-07-30,47,13
127,3,2021-07-31,45,12
127,4,2021-08-01,36,11
127,5,2021-08-02,24,10
128,1,2021-07-29,53,8
128,2,2021-07-30,53,7
128,3,2021-07-31,52,6
128,4,2021-08-01,52,5
128,5,2021-08-02,52,4
129,1,2021-07-30,48,5
129,2,2021-07-31,44,4
129,3,2021-08-01,26,3
129,4,2021-08-02,18,2
129,5,2021-08-03,18,1
130,1,2021-07-31,38,10
130,2,2021-08-01,38,9
130,3,2021-08-02,38,8
130,4,2021-08-03,34,7
130,5,2021-08-04,16,6
131,1,2021-08-01,83,14
131,2,2021-08-02,79,13
131,3,2021-08-03,75,12
131,4,2021-08-04,39,11
131,5,2021-08-05,23,10
132,1,2021-08-01,153,12
132,2,2021-08-02,149,11
132,3,2021-08-03,145,10
132,4,2021-08-04,118,9
132,5,2021-08-05,86,8
133,1,2021-08-02,107,8
133,2,2021-08-03,99,7
133,3,2021-08-04,81,6
133,4,2021-08-05,49,5
133,5,2021-08-06,17,4
134,1,2021-08-03,159,12
134,2,2021-08-04,150,11
134,3,2021-08-05,102,10
134,4,2021-08-06,86,9
134,5,2021-08-07,85,8
135,1,2021-08-03,392,15
135,2,2021-08-04,374,14
135,3,2021-08-05,230,13
135,4,2021-08-06,150,12
135,5,2021-08-07,148,11
136,1,2021-08-04,78,4
136,2,2021-08-05,78,3
136,3,2021-08-06,14,2
136,4,2021-08-07,9,1
136,5,2021-08-08,0,0
137,1,2021-08-04,132,5
137,2,2021-08-05,68,4
137,3,2021-08-06,68,3
137,4,2021-08-07,68,2
137,5,2021-08-08,50,1
138,1,2021-08-06,101,5
138,2,2021-08-07,100,4
138,3,2021-08-08,82,3
138,4,2021-08-09,32,2
138,5,2021-08-10,16,1
139,1,2021-08-06,245,19
139,2,2021-08-07,241,18
139,3,2021-08-08,205,17
139,4,2021-08-09,130,16
139,5,2021-08-10,98,15
140,1,2021-08-07,153,11
140,2,2021-08-08,144,10
140,3,2021-08-09,119,9
140,4,2021-08-10,55,8
140,5,2021-08-11,23,7
141,1,2021-08-08,73,4
141,2,2021-08-09,48,3
141,3,2021-08-10,16,2
141,4,2021-08-11,16,1
141,5,2021-08-12,0,0
142,1,2021-08-09,148,7
142,2,2021-08-10,84,6
142,3,2021-08-11,52,5
142,4,2021-08-12,36,4
142,5,2021-08-13,32,3
143,1,2021-08-09,487,10
143,2,2021-08-10,471,9
143,3,2021-08-11,279,8
143,4,2021-08-12,215,7
143,5,2021-08-13,179,6
144,1,2021-08-10,185,13
144,2,2021-08-11,121,12
144,3,2021-08-12,73,11
144,4,2021-08-13,69,10
144,5,2021-08-14,51,9
145,1,2021-08-11,88,9
145,2,2021-08-12,72,8
145,3,2021-08-13,68,7
145,4,2021-08-14,50,6
145,5,2021-08-15,50,5
146,1,2021-08-12,119,14
146,2,2021-08-13,111,13
146,3,2021-08-14,93,12
146,4,2021-08-15,85,11
146,5,2021-08-16,85,10
147,1,2021-08-12,39,5
147,2,2021-08-13,35,4
147,3,2021-08-14,17,3
147,4,2021-08-15,17,2
147,5,2021-08-16,16,1
148,1,2021-08-13,45,4
148,2,2021-08-14,36,3
148,3,2021-08-15,16,2
148,4,2021-08-16,16,1
148,5,2021-08-17,0,0
149,1,2021-08-14,91,8
149,2,2021-08-15,59,7
149,3,2021-08-16,54,6
149,4,2021-08-17,54,5
149,5,2021-08-18,45,4
150,1,2021-08-15,452,15
150,2,2021-08-16,451,14
150,3,2021-08-17,435,13
150,4,2021-08-18,237,12
150,5,2021-08-19,189,11
151,1,2021-08-16,202,13
151,2,2021-08-17,138,12
151,3,2021-08-18,102,11
151,4,2021-08-19,70,10
151,5,2021-08-20,45,9
152,1,2021-08-17,124,9
152,2,2021-08-18,106,8
152,3,2021-08-19,58,7
152,4,2021-08-20,33,6
152,5,2021-08-21,33,5
153,1,2021-08-17,180,3
153,2,2021-08-18,162,2
153,3,2021-08-19,50,1
153,4,2021-08-20,0,0
154,1,2021-08-18,32,1
154,2,2021-08-19,0,0
155,1,2021-08-18,92,15
155,2,2021-08-19,60,14
155,3,2021-08-20,60,13
155,4,2021-08-21,28,12
155,5,2021-08-22,20,11
156,1,2021-08-18,123,17
156,2,2021-08-19,107,16
156,3,2021-08-20,57,15
156,4,2021-08-21,25,14
156,5,2021-08-22,21,13
157,1,2021-08-19,122,19
157,2,2021-08-20,97,18
157,3,2021-08-21,81,17
157,4,2021-08-22,81,16
157,5,2021-08-23,81,15
158,1,2021-08-20,36,2
158,2,2021-08-21,20,1
158,3,2021-08-22,0,0
159,1,2021-08-20,73,5
159,2,2021-08-21,9,4
159,3,2021-08-22,9,3
159,4,2021-08-23,9,2
159,5,2021-08-24,9,1
160,1,2021-08-21,44,6
160,2,2021-08-22,32,5
160,3,2021-08-23,32,4
160,4,2021-08-24,32,3
160,5,2021-08-25,32,2
161,1,2021-08-24,18,4
161,2,2021-08-25,9,3
161,3,2021-08-26,9,2
161,4,2021-08-27,9,1
161,5,2021-08-28,0,0
162,1,2021-08-25,371,16
162,2,2021-08-26,371,15
162,3,2021-08-27,307,14
162,4,2021-08-28,307,13
162,5,2021-08-29,253,12
163,1,2021-08-25,77,15
163,2,2021-08-26,49,14
163,3,2021-08-27,49,13
163,4,2021-08-28,49,12
163,5,2021-08-29,40,11
164,1,2021-08-25,29,3
164,2,2021-08-26,9,2
164,3,2021-08-27,9,1
164,4,2021-08-28,0,0
165,1,2021-08-26,148,8
165,2,2021-08-27,100,7
165,3,2021-08-28,73,6
165,4,2021-08-29,73,5
165,5,2021-08-30,25,4
166,1,2021-08-30,256,10
166,2,2021-08-31,236,9
166,3,2021-09-01,146,8
166,4,2021-09-02,122,7
166,5,2021-09-03,47,6
167,1,2021-08-30,38,14
167,2,2021-08-31,22,13
167,3,2021-09-01,13,12
167,4,2021-09-02,13,11
167,5,2021-09-03,13,10
168,1,2021-08-30,41,6
168,2,2021-08-31,29,5
168,3,2021-09-01,29,4
168,4,2021-09-02,29,3
168,5,2021-09-03,4,2
169,1,2021-08-30,36,7
169,2,2021-08-31,20,6
169,3,2021-09-01,20,5
169,4,2021-09-02,20,4
169,5,2021-09-03,20,3
170,1,2021-08-31,95,10
170,2,2021-09-01,32,9
170,3,2021-09-02,32,8
170,4,2021-09-03,32,7
170,5,2021-09-04,32,6
171,1,2021-08-31,0,0
172,1,2021-08-31,91,10
172,2,2021-09-01,91,9
172,3,2021-09-02,91,8
172,4,2021-09-03,66,7
172,5,2021-09-04,64,6
173,1,2021-09-01,39,10
173,2,2021-09-02,31,9
173,3,2021-09-03,6,8
173,4,2021-09-04,5,7
173,5,2021-09-05,5,6
174,1,2021-09-02,136,14
174,2,2021-09-03,86,13
174,3,2021-09-04,76,12
174,4,2021-09-05,76,11
174,5,2021-09-06,72,10
175,1,2021-09-02,260,18
175,2,2021-09-03,185,17
175,3,2021-09-04,185,16
175,4,2021-09-05,185,15
175,5,2021-09-06,185,14
176,1,2021-09-02,62,18
176,2,2021-09-03,37,17
176,3,2021-09-04,37,16
176,4,2021-09-05,37,15
176,5,2021-09-06,37,14
177,1,2021-09-02,206,9
177,2,2021-09-03,106,8
177,3,2021-09-04,105,7
177,4,2021-09-05,97,6
177,5,2021-09-06,81,5
178,1,2021-09-04,147,20
178,2,2021-09-05,115,19
178,3,2021-09-06,115,18
178,4,2021-09-07,99,17
178,5,2021-09-08,99,16
179,1,2021-09-05,157,14
179,2,2021-09-06,157,13
179,3,2021-09-07,153,12
179,4,2021-09-08,153,11
179,5,2021-09-09,73,10
180,1,2021-09-05,77,10
180,2,2021-09-06,61,9
180,3,2021-09-07,57,8
180,4,2021-09-08,57,7
180,5,2021-09-09,57,6
181,1,2021-09-05,77,8
181,2,2021-09-06,53,7
181,3,2021-09-07,41,6
181,4,2021-09-08,41,5
181,5,2021-09-09,25,4
182,1,2021-09-08,258,10
182,2,2021-09-09,162,9
182,3,2021-09-10,66,8
182,4,2021-09-11,65,7
182,5,2021-09-12,65,6
183,1,2021-09-08,90,20
183,2,2021-09-09,90,19
183,3,2021-09-10,90,18
183,4,2021-09-11,89,17
183,5,2021-09-12,85,16
184,1,2021-09-08,240,19
184,2,2021-09-09,240,18
184,3,2021-09-10,96,17
184,4,2021-09-11,93,16
184,5,2021-09-12,73,15
185,1,2021-09-09,75,6
185,2,2021-09-10,43,5
185,3,2021-09-11,42,4
185,4,2021-09-12,38,3
185,5,2021-09-13,29,2
186,1,2021-09-09,149,8
186,2,2021-09-10,37,7
186,3,2021-09-11,34,6
186,4,2021-09-12,34,5
186,5,2021-09-13,16,4
187,1,2021-09-09,108,16
187,2,2021-09-10,108,15
187,3,2021-09-11,108,14
187,4,2021-09-12,108,13
187,5,2021-09-13,108,12
188,1,2021-09-10,87,14
188,2,2021-09-11,85,13
188,3,2021-09-12,85,12
188,4,2021-09-13,76,11
188,5,2021-09-14,72,10
189,1,2021-09-11,300,14
189,2,2021-09-12,264,13
189,3,2021-09-13,219,12
189,4,2021-09-14,195,11
189,5,2021-09-15,45,10
190,1,2021-09-11,254,7
190,2,2021-09-12,242,6
190,3,2021-09-13,170,5
190,4,2021-09-14,114,4
190,5,2021-09-15,14,3
191,1,2021-09-11,47,3
191,2,2021-09-12,43,2
191,3,2021-09-13,16,1
191,4,2021-09-14,0,0
192,1,2021-09-11,19,9
192,2,2021-09-12,19,8
192,3,2021-09-13,1,7
192,4,2021-09-14,1,6
192,5,2021-09-15,1,5
193,1,2021-09-11,222,18
193,2,2021-09-12,218,17
193,3,2021-09-13,209,16
193,4,2021-09-14,193,15
193,5,2021-09-15,43,14
194,1,2021-09-12,87,6
194,2,2021-09-13,60,5
194,3,2021-09-14,56,4
194,4,2021-09-15,6,3
194,5,2021-09-16,6,2
195,1,2021-09-12,38,3
195,2,2021-09-13,29,2
195,3,2021-09-14,25,1
195,4,2021-09-15,0,0
196,1,2021-09-13,204,13
196,2,2021-09-14,180,12
196,3,2021-09-15,5,11
196,4,2021-09-16,4,10
196,5,2021-09-17,4,9
197,1,2021-09-14,14,9
197,2,2021-09-15,14,8
197,3,2021-09-16,13,7
197,4,2021-09-17,13,6
197,5,2021-09-18,13,5
198,1,2021-09-16,32,10
198,2,2021-09-17,28,9
198,3,2021-09-18,26,8
198,4,2021-09-19,14,7
198,5,2021-09-20,13,6
199,1,2021-09-17,217,17
199,2,2021-09-18,202,16
199,3,2021-09-19,182,15
199,4,2021-09-20,166,14
199,5,2021-09-21,144,13
200,1,2021-09-17,40,22
200,2,2021-09-18,40,21
200,3,2021-09-19,40,20
200,4,2021-09-20,40,19
200,5,2021-09-21,40,18
201,1,2021-09-17,18,4
201,2,2021-09-18,14,3
201,3,2021-09-19,2,2
201,4,2021-09-20,2,1
201,5,2021-09-21,0,0
202,1,2021-09-19,119,20
202,2,2021-09-20,116,19
202,3,2021-09-21,115,18
202,4,2021-09-22,111,17
202,5,2021-09-23,111,16
203,1,2021-09-21,28,3
203,2,2021-09-22,16,2
203,3,2021-09-23,8,1
203,4,2021-09-24,0,0
204,1,2021-09-23,52,11
204,2,2021-09-24,52,10
204,3,2021-09-25,47,9
204,4,2021-09-26,43,8
204,5,2021-09-27,43,7
205,1,2021-09-23,0,0
206,1,2021-09-23,9,23
206,2,2021-09-24,9,22
206,3,2021-09-25,9,21
206,4,2021-09-26,9,20
206,5,2021-09-27,9,19
207,1,2021-09-24,0,0
208,1,2021-09-24,20,11
208,2,2021-09-25,20,10
208,3,2021-09-26,20,9
208,4,2021-09-27,20,8
208,5,2021-09-28,20,7
209,1,2021-09-25,47,9
209,2,2021-09-26,39,8
209,3,2021-09-27,36,7
209,4,2021-09-28,20,6
209,5,2021-09-29,20,5
210,1,2021-09-25,21,10
210,2,2021-09-26,17,9
210,3,2021-09-27,16,8
210,4,2021-09-28,16,7
210,5,2021-09-29,16,6
211,1,2021-09-25,58,13
211,2,2021-09-26,54,12
211,3,2021-09-27,54,11
211,4,2021-09-28,50,10
211,5,2021-09-29,48,9
212,1,2021-09-26,34,16
212,2,2021-09-27,27,15
212,3,2021-09-28,19,14
212,4,2021-09-29,17,13
212,5,2021-09-30,13,12
213,1,2021-09-28,102,15
213,2,2021-09-29,97,14
213,3,2021-09-30,85,13
213,4,2021-10-01,57,12
213,5,2021-10-02,57,11
214,1,2021-09-29,0,0
215,1,2021-09-29,0,0
216,1,2021-10-01,99,12
216,2,2021-10-02,99,11
216,3,2021-10-03,91,10
216,4,2021-10-04,43,9
216,5,2021-10-05,27,8
217,1,2021-10-01,0,0
218,1,2021-10-01,0,0
219,1,2021-10-01,0,0
220,1,2021-10-01,0,0
221,1,2021-10-03,192,13
221,2,2021-10-04,64,12
221,3,2021-10-05,32,11
221,4,2021-10-06,32,10
221,5,2021-10-07,32,9
222,1,2021-10-03,16,2
222,2,2021-10-04,16,1
222,3,2021-10-05,0,0
223,1,2021-10-04,577,18
223,2,2021-10-05,129,17
223,3,2021-10-06,129,16
223,4,2021-10-07,129,15
223,5,2021-10-08,97,14
224,1,2021-10-04,94,15
224,2,2021-10-05,14,14
224,3,2021-10-06,14,13
224,4,2021-10-07,14,12
224,5,2021-10-08,10,11
225,1,2021-10-04,0,0
226,1,2021-10-05,9,11
226,2,2021-10-06,9,10
226,3,2021-10-07,9,9
226,4,2021-10-08,9,8
226,5,2021-10-09,9,7
227,1,2021-10-09,44,13
227,2,2021-10-10,44,12
227,3,2021-10-11,44,11
227,4,2021-10-12,44,10
227,5,2021-10-13,44,9
228,1,2021-10-09,13,9
228,2,2021-10-10,13,8
228,3,2021-10-11,13,7
228,4,2021-10-12,13,6
228,5,2021-10-13,13,5
229,1,2021-10-10,192,16
229,2,2021-10-11,192,15
229,3,2021-10-12,138,14
229,4,2021-10-13,120,13
229,5,2021-10-14,108,12
230,1,2021-10-12,186,10
230,2,2021-10-13,105,9
230,3,2021-10-14,101,8
230,4,2021-10-15,29,7
230,5,2021-10-16,20,6
231,1,2021-10-12,172,19
231,2,2021-10-13,127,18
231,3,2021-10-14,127,17
231,4,2021-10-15,28,16
231,5,2021-10-16,19,15
232,1,2021-10-13,62,5
232,2,2021-10-14,58,4
232,3,2021-10-15,31,3
232,4,2021-10-16,4,2
232,5,2021-10-17,4,1
233,1,2021-10-13,10,14
233,2,2021-10-14,10,13
233,3,2021-10-15,10,12
233,4,2021-10-16,10,11
233,5,2021-10-17,9,10
234,1,2021-10-16,110,17
234,2,2021-10-17,101,16
234,3,2021-10-18,81,15
234,4,2021-10-19,78,14
234,5,2021-10-20,24,13
235,1,2021-10-17,0,0
236,1,2021-10-17,161,5
236,2,2021-10-18,65,4
236,3,2021-10-19,53,3
236,4,2021-10-20,17,2
236,5,2021-10-21,16,1
237,1,2021-10-18,11,2
237,2,2021-10-19,9,1
237,3,2021-10-20,0,0
238,1,2021-10-19,307,13
238,2,2021-10-20,280,12
238,3,2021-10-21,279,11
238,4,2021-10-22,247,10
238,5,2021-10-23,243,9
239,1,2021-10-20,269,13
239,2,2021-10-21,268,12
239,3,2021-10-22,236,11
239,4,2021-10-23,228,10
239,5,2021-10-24,216,9
240,1,2021-10-20,1,1
240,2,2021-10-21,0,0
241,1,2021-10-21,79,5
241,2,2021-10-22,31,4
241,3,2021-10-23,27,3
241,4,2021-10-24,27,2
241,5,2021-10-25,27,1
242,1,2021-10-22,152,11
242,2,2021-10-23,148,10
242,3,2021-10-24,120,9
242,4,2021-10-25,75,8
242,5,2021-10-26,57,7
243,1,2021-10-22,69,11
243,2,2021-10-23,59,10
243,3,2021-10-24,55,9
243,4,2021-10-25,37,8
243,5,2021-10-26,28,7
244,1,2021-10-22,133,10
244,2,2021-10-23,133,9
244,3,2021-10-24,129,8
244,4,2021-10-25,93,7
244,5,2021-10-26,21,6
245,1,2021-10-25,0,0
246,1,2021-10-25,0,0
247,1,2021-10-25,124,12
247,2,2021-10-26,97,11
247,3,2021-10-27,89,10
247,4,2021-10-28,17,9
247,5,2021-10-29,8,8
248,1,2021-10-26,108,11
248,2,2021-10-27,60,10
248,3,2021-10-28,15,9
248,4,2021-10-29,6,8
248,5,2021-10-30,6,7
249,1,2021-10-26,0,0
250,1,2021-10-26,50,5
250,2,2021-10-27,50,4
250,3,2021-10-28,41,3
250,4,2021-10-29,32,2
250,5,2021-10-30,32,1
251,1,2021-10-27,9,1
251,2,2021-10-28,0,0
252,1,2021-10-27,72,5
252,2,2021-10-28,36,4
252,3,2021-10-29,9,3
252,4,2021-10-30,9,2
252,5,2021-10-31,9,1
253,1,2021-10-28,298,9
253,2,2021-10-29,118,8
253,3,2021-10-30,118,7
253,4,2021-10-31,106,6
253,5,2021-11-01,16,5
254,1,2021-10-28,0,0
255,1,2021-10-28,77,5
255,2,2021-10-29,50,4
255,3,2021-10-30,50,3
255,4,2021-10-31,38,2
255,5,2021-11-01,2,1
256,1,2021-10-29,19,8
256,2,2021-10-30,19,7
256,3,2021-10-31,11,6
256,4,2021-11-01,2,5
256,5,2021-11-02,1,4
257,1,2021-10-29,22,8
257,2,2021-10-30,22,7
257,3,2021-10-31,22,6
257,4,2021-11-01,4,5
257,5,2021-11-02,1,4
258,1,2021-10-29,0,0
259,1,2021-10-31,49,6
259,2,2021-11-01,4,5
259,3,2021-11-02,1,4
259,4,2021-11-03,1,3
259,5,2021-11-04,1,2
260,1,2021-10-31,0,0
261,1,2021-10-31,187,6
261,2,2021-11-01,7,5
261,3,2021-11-02,2,4
261,4,2021-11-03,2,3
261,5,2021-11-04,2,2
262,1,2021-10-31,21,2
262,2,2021-11-01,3,1
262,3,2021-11-02,0,0
263,1,2021-11-01,10,5
263,2,2021-11-02,3,4
263,3,2021-11-03,3,3
263,4,2021-11-04,3,2
263,5,2021-11-05,3,1
264,1,2021-11-02,0,0
265,1,2021-11-02,0,0
266,1,2021-11-06,0,0
267,1,2021-11-06,0,0
268,1,2021-11-06,0,0
269,1,2021-11-06,0,0
270,1,2021-11-06,0,0
