layer,output_norm,t1_emb_norm
0,10.478506088256836,4.823883056640625
0,11.625718116760254,4.797292709350586
0,11.394688606262207,4.914356231689453
0,13.031072616577148,6.144908905029297
0,13.555336952209473,6.123960018157959
0,14.449274063110352,5.4769697189331055
0,14.566179275512695,6.042702674865723
0,15.071343421936035,6.116945743560791
0,15.855514526367188,6.082745552062988
0,16.815574645996094,5.931951999664307
0,17.199356079101562,5.917115211486816
0,17.65017318725586,6.008828163146973
0,18.270526885986328,5.922111988067627
0,19.240142822265625,5.64509391784668
0,19.00568199157715,5.306614398956299
0,19.55773162841797,5.408304691314697
0,19.946619033813477,5.483528137207031
0,19.96319007873535,5.096155166625977
0,21.311660766601562,5.118034839630127
0,22.146228790283203,5.151905059814453
0,21.375452041625977,5.168611526489258
0,20.51116371154785,5.088077545166016
0,21.28419303894043,5.449502944946289
0,21.244731903076172,5.392632007598877
0,20.657522201538086,5.555866241455078
0,20.887285232543945,5.479719161987305
0,19.813817977905273,5.519064903259277
0,18.79416847229004,5.5779924392700195
0,20.36655616760254,5.516204833984375
0,19.861705780029297,5.460275650024414
0,19.653263092041016,4.98668098449707
0,18.628070831298828,5.062717914581299
0,20.522741317749023,4.924755096435547
0,19.550525665283203,4.892317771911621
0,19.427522659301758,4.910134792327881
0,19.282087326049805,5.182948589324951
0,19.498979568481445,5.128334999084473
0,20.142555236816406,5.52651834487915
0,19.284208297729492,5.6792707443237305
0,20.059694290161133,5.912084579467773
0,18.347829818725586,6.173421859741211
0,17.909297943115234,6.042738914489746
0,18.59528160095215,6.01162052154541
0,18.419265747070312,5.85139799118042
0,18.727264404296875,5.839345455169678
0,18.461488723754883,6.194673538208008
0,18.461488723754883,6.194673538208008
0,19.082096099853516,5.768045425415039
0,19.082096099853516,5.768045425415039
0,17.660367965698242,5.875889301300049
0,17.660367965698242,5.875889301300049
0,18.268600463867188,6.209168434143066
0,18.268600463867188,6.209168434143066
0,19.049972534179688,5.833806991577148
0,19.049972534179688,5.833806991577148
0,19.392194747924805,6.08772611618042
0,18.40359878540039,5.78822135925293
0,18.95154571533203,6.0742926597595215
0,19.58420753479004,5.96015739440918
0,17.706005096435547,6.280547142028809
0,18.771408081054688,5.865732669830322
0,17.774436950683594,6.040435791015625
0,18.220848083496094,6.217135906219482
0,18.67675018310547,5.865705490112305
0,18.523963928222656,5.713885307312012
0,18.40381622314453,5.094452381134033
0,17.817968368530273,5.082145690917969
0,17.255313873291016,4.830878734588623
0,17.463855743408203,4.945006370544434
0,18.515710830688477,5.185285568237305
0,18.51416015625,5.825680255889893
0,17.920074462890625,6.402270793914795
0,18.131799697875977,6.564560413360596
0,18.946401596069336,6.978752136230469
0,17.758989334106445,6.942457675933838
0,18.690534591674805,6.896404266357422
0,17.800567626953125,6.832427024841309
0,18.36103630065918,6.820408821105957
0,18.52469253540039,6.5660810470581055
0,18.482511520385742,6.435884475708008
0,18.98988914489746,6.160837173461914
0,17.280025482177734,5.740395545959473
0,17.951383590698242,5.888493061065674
0,17.74258041381836,6.216449737548828
0,17.21585464477539,6.340319633483887
0,17.813514709472656,6.399949073791504
0,17.76911735534668,6.424962997436523
0,17.615394592285156,6.296825408935547
0,18.745758056640625,6.44202184677124
0,18.45424461364746,6.4486918449401855
0,17.752134323120117,6.109408378601074
0,18.67893409729004,6.364840030670166
0,18.494136810302734,6.38510799407959
0,18.273157119750977,6.29407262802124
0,17.825191497802734,6.308399677276611
0,16.74247932434082,5.870100975036621
0,16.384170532226562,5.8965301513671875
0,17.136655807495117,6.098200798034668
0,16.997074127197266,6.009491920471191
0,17.33489418029785,6.084938049316406
0,16.881019592285156,6.012007713317871
0,16.881019592285156,6.012007713317871
0,17.687171936035156,6.157256126403809
0,17.687171936035156,6.157256126403809
0,16.24885368347168,5.881601333618164
0,16.24885368347168,5.881601333618164
0,16.66095542907715,5.886361122131348
0,16.66095542907715,5.886361122131348
0,17.63147735595703,6.1466522216796875
0,17.63147735595703,6.1466522216796875
0,17.774105072021484,5.992277145385742
0,16.419307708740234,5.720487594604492
0,18.394262313842773,6.232057571411133
0,17.62156105041504,6.272185325622559
0,17.726852416992188,6.432555198669434
0,19.013179779052734,6.6373162269592285
0,18.28669548034668,6.439774990081787
0,17.56328773498535,6.412689685821533
0,17.945852279663086,6.051217079162598
0,17.647254943847656,6.101120948791504
0,16.822072982788086,5.610406875610352
0,18.431453704833984,6.1831254959106445
0,18.261281967163086,6.267444133758545
0,17.28845977783203,5.923282623291016
0,17.13256072998047,5.658373832702637
0,17.033954620361328,5.347159385681152
0,17.124584197998047,5.449573040008545
0,17.171627044677734,6.163392066955566
0,16.581029891967773,6.072813034057617
0,16.716678619384766,5.737125396728516
0,18.168256759643555,5.286438941955566
0,16.702478408813477,5.383995056152344
0,17.082456588745117,5.766411304473877
0,17.946048736572266,5.795713901519775
0,17.771413803100586,5.712088584899902
0,17.028520584106445,5.735991477966309
0,16.99193572998047,5.6457414627075195
0,17.621782302856445,5.693145751953125
0,16.881452560424805,5.651725769042969
0,16.958984375,5.479418754577637
0,16.143835067749023,5.678011417388916
0,17.13483238220215,6.108559608459473
0,16.932588577270508,5.901739120483398
0,16.104482650756836,5.568093776702881
0,16.84661293029785,5.422462463378906
0,16.120723724365234,5.647952556610107
0,16.253755569458008,5.954046249389648
0,16.8214054107666,6.034400939941406
0,16.76613998413086,6.118436813354492
0,16.47470474243164,5.597867012023926
0,15.73583698272705,5.157670021057129
0,15.469132423400879,5.249415397644043
0,15.916475296020508,5.092484474182129
0,15.84252643585205,5.123482704162598
0,16.100112915039062,5.11572790145874
0,15.785710334777832,5.170246124267578
0,15.785710334777832,5.170246124267578
0,16.37954330444336,5.145086765289307
0,16.37954330444336,5.145086765289307
0,15.337718963623047,5.1923418045043945
0,15.337718963623047,5.1923418045043945
0,15.67541217803955,5.191768646240234
0,15.67541217803955,5.191768646240234
0,16.304336547851562,5.049781322479248
0,16.304336547851562,5.049781322479248
0,16.338464736938477,5.104357719421387
0,16.503633499145508,5.215953826904297
0,15.928646087646484,5.611793518066406
0,16.45367431640625,6.138126373291016
0,17.282320022583008,6.406807899475098
0,16.202350616455078,5.829526901245117
0,16.05811309814453,5.333219051361084
0,15.969202041625977,5.335092544555664
0,16.466930389404297,5.559291839599609
0,16.461952209472656,6.058805465698242
0,16.030414581298828,5.900931358337402
0,16.742021560668945,5.757569313049316
0,16.201171875,5.2997660636901855
0,16.935983657836914,5.255162715911865
0,15.551597595214844,5.810004711151123
0,15.773262977600098,6.010337829589844
0,16.50262451171875,5.987886905670166
0,15.921182632446289,5.743579387664795
0,15.847923278808594,5.5315775871276855
0,15.2731351852417,5.118127346038818
0,15.363389015197754,5.356256008148193
0,15.89281177520752,5.924543380737305
0,15.365510940551758,5.971510887145996
0,15.743839263916016,5.882097244262695
0,15.145580291748047,5.598875045776367
0,15.314066886901855,5.464746952056885
0,15.623353958129883,5.703535079956055
0,15.128368377685547,5.6257429122924805
0,15.459738731384277,5.776185989379883
0,15.913890838623047,5.812780380249023
0,15.362466812133789,5.992408275604248
0,14.619714736938477,6.151350021362305
0,14.826286315917969,5.766439914703369
0,15.1456880569458,5.435131549835205
0,15.558124542236328,5.514646530151367
0,15.905625343322754,5.550973892211914
0,14.94419002532959,5.55717658996582
0,14.90163803100586,5.50947380065918
0,15.152714729309082,5.678835868835449
0,14.99939250946045,5.722719669342041
0,14.267874717712402,5.692586898803711
0,14.087016105651855,5.769491672515869
0,14.433709144592285,5.667940139770508
0,14.344310760498047,5.672338962554932
0,14.562725067138672,5.73500919342041
0,14.276118278503418,5.723167419433594
0,14.276118278503418,5.723167419433594
0,14.75699520111084,5.739951133728027
0,14.75699520111084,5.739951133728027
0,13.995295524597168,5.688394069671631
0,13.995295524597168,5.688394069671631
0,14.23165512084961,5.704423904418945
0,14.23165512084961,5.704423904418945
0,14.661189079284668,5.667049884796143
0,14.661189079284668,5.667049884796143
0,14.78707504272461,5.656275272369385
0,14.851593971252441,5.699457168579102
0,14.5369234085083,5.4648942947387695
0,14.63869571685791,5.581511497497559
0,15.205341339111328,5.694180488586426
0,15.117347717285156,5.765809059143066
0,14.715944290161133,5.853856086730957
0,14.798933029174805,5.811097145080566
0,14.873818397521973,5.847027778625488
0,14.756635665893555,5.733384132385254
0,14.630731582641602,5.648408889770508
0,14.612277030944824,5.4594244956970215
0,14.373235702514648,5.444855690002441
0,15.01467514038086,5.815385818481445
0,15.475325584411621,5.969447612762451
0,14.2890625,5.934992790222168
0,14.504996299743652,5.740721702575684
0,14.686249732971191,5.3155927658081055
0,14.87778377532959,5.318005084991455
0,13.662386894226074,5.420463562011719
0,15.128473281860352,5.52204704284668
0,14.219547271728516,5.876975059509277
0,14.692678451538086,6.003747940063477
0,15.084986686706543,5.913566589355469
0,14.430549621582031,5.516428470611572
0,14.418246269226074,5.285172462463379
0,14.153814315795898,5.454632759094238
0,14.833922386169434,5.778107166290283
0,14.712141990661621,6.219300270080566
0,14.474217414855957,6.213044166564941
0,14.795856475830078,5.677853107452393
0,14.267062187194824,5.403557777404785
0,14.289847373962402,5.351226329803467
0,14.833929061889648,5.500669479370117
0,14.653129577636719,6.070225238800049
0,14.173256874084473,6.017784595489502
0,13.925948143005371,5.595894813537598
0,14.257913589477539,5.369657039642334
0,13.959393501281738,5.214957237243652
0,13.80378532409668,5.22384786605835
0,13.125627517700195,5.357674598693848
0,12.989327430725098,5.404187202453613
0,13.257363319396973,5.2950639724731445
0,13.159210205078125,5.321059703826904
0,13.34405517578125,5.355886936187744
0,13.072314262390137,5.353364944458008
0,13.072314262390137,5.353364944458008
0,13.47743034362793,5.35379695892334
0,13.47743034362793,5.35379695892334
0,12.926971435546875,5.334362030029297
0,12.926971435546875,5.334362030029297
0,13.064366340637207,5.352533340454102
0,13.064366340637207,5.352533340454102
0,13.401836395263672,5.296699047088623
0,13.401836395263672,5.296699047088623
0,13.87373161315918,5.298201084136963
0,13.776372909545898,5.530685901641846
0,14.018723487854004,5.919416427612305
0,14.565717697143555,6.195249557495117
0,13.405097961425781,5.907749652862549
0,13.620047569274902,5.5246124267578125
0,13.452662467956543,5.507793426513672
0,13.47118091583252,5.446216106414795
0,14.03597640991211,5.441255569458008
0,13.562172889709473,5.564345836639404
0,13.876669883728027,5.866318225860596
0,14.020894050598145,6.2022600173950195
0,13.919065475463867,6.099292755126953
0,13.528351783752441,5.670938968658447
0,13.677217483520508,5.351140975952148
0,13.348370552062988,5.244592666625977
0,13.094619750976562,5.320570945739746
0,12.916748046875,5.707698822021484
0,13.189334869384766,6.073194980621338
0,13.315752029418945,5.924601078033447
0,12.824719429016113,5.836212158203125
0,13.549213409423828,5.576008319854736
0,12.667258262634277,5.494365692138672
0,12.949445724487305,5.462222576141357
0,13.071711540222168,5.732771873474121
0,13.519539833068848,5.791072845458984
0,12.929411888122559,5.781357765197754
0,12.83007526397705,5.665396690368652
0,12.551985740661621,5.474785804748535
0,12.906767845153809,5.319590091705322
0,12.83702564239502,5.509469509124756
0,12.679396629333496,5.557954788208008
0,12.790240287780762,5.761054992675781
0,13.186285972595215,6.033627510070801
0,13.098304748535156,6.024060249328613
0,13.021194458007812,5.879010200500488
0,13.006367683410645,5.6232805252075195
0,12.90493392944336,5.476130485534668
0,12.603242874145508,5.429636001586914
0,12.525943756103516,5.361772060394287
0,12.15294361114502,5.499183177947998
0,12.083282470703125,5.550938606262207
0,12.260465621948242,5.423551559448242
0,12.128801345825195,5.467740535736084
0,12.294626235961914,5.530946254730225
0,12.05648136138916,5.497701644897461
0,12.05648136138916,5.497701644897461
0,12.384407043457031,5.496304512023926
0,12.384407043457031,5.496304512023926
0,12.051674842834473,5.482473373413086
0,12.051674842834473,5.482473373413086
0,12.085454940795898,5.527041435241699
0,12.085454940795898,5.527041435241699
0,12.270891189575195,5.439268112182617
0,12.270891189575195,5.439268112182617
0,12.976906776428223,5.51174259185791
0,13.208954811096191,5.637566566467285
0,13.031083106994629,5.842442989349365
0,12.963891983032227,5.872776031494141
0,12.799790382385254,5.695374011993408
0,12.913972854614258,5.607569694519043
0,12.596805572509766,5.4598588943481445
0,12.54132080078125,5.475906848907471
0,12.504310607910156,5.456610679626465
0,13.014923095703125,5.821976184844971
0,12.581977844238281,5.8348493576049805
0,12.714975357055664,5.976564407348633
0,12.533438682556152,5.892350673675537
0,12.536194801330566,5.860528945922852
0,12.520060539245605,5.522519111633301
0,12.406767845153809,5.409054756164551
0,12.263728141784668,5.434877395629883
0,12.543740272521973,5.540362358093262
0,12.30583667755127,5.567392826080322
0,12.61048412322998,5.660950660705566
0,12.507122993469238,5.73570442199707
0,12.493829727172852,5.706411361694336
0,12.567294120788574,5.639346122741699
0,12.314201354980469,5.594642162322998
0,12.148344993591309,5.549519062042236
0,12.333691596984863,5.495798110961914
0,12.436344146728516,5.576262474060059
0,12.540011405944824,5.6237335205078125
0,12.303210258483887,5.701359748840332
0,12.651439666748047,5.672079086303711
0,12.738188743591309,5.628911018371582
0,12.466462135314941,5.679699897766113
0,12.338258743286133,5.574815273284912
0,12.567572593688965,5.553391456604004
0,12.262998580932617,5.638027191162109
0,12.446361541748047,5.701738357543945
0,12.230062484741211,5.788695335388184
0,12.418272018432617,5.845599174499512
0,12.525842666625977,5.781698226928711
0,12.283069610595703,5.593709468841553
0,11.870217323303223,5.409855842590332
0,11.818109512329102,5.4809980392456055
0,11.974761009216309,5.352805137634277
0,11.851813316345215,5.37635612487793
0,12.020391464233398,5.442935466766357
0,11.737656593322754,5.449869155883789
0,11.737656593322754,5.449869155883789
0,12.017560005187988,5.400355815887451
0,12.017560005187988,5.400355815887451
0,11.85450553894043,5.41309928894043
0,11.85450553894043,5.41309928894043
0,11.785911560058594,5.448347568511963
0,11.785911560058594,5.448347568511963
0,11.927253723144531,5.370511054992676
0,11.927253723144531,5.370511054992676
0,12.218034744262695,5.348186492919922
0,12.141022682189941,5.3937177658081055
0,12.365388870239258,5.503265857696533
0,12.673604965209961,5.628517150878906
0,12.655113220214844,5.811821460723877
0,12.554896354675293,5.712471008300781
0,12.423444747924805,5.794313430786133
0,12.537510871887207,5.58837890625
0,12.721341133117676,5.6813249588012695
0,12.632028579711914,5.648626327514648
0,12.267498970031738,5.550276279449463
0,12.176802635192871,5.487141132354736
0,12.359715461730957,5.56080961227417
0,12.392502784729004,5.596133232116699
0,12.389277458190918,5.71949577331543
0,12.433063507080078,5.675121307373047
0,12.319831848144531,5.585187911987305
0,12.197650909423828,5.578938007354736
0,12.4380521774292,5.523660659790039
0,12.180000305175781,5.633509635925293
0,12.16138744354248,5.5788469314575195
0,12.369458198547363,5.722541809082031
0,12.365622520446777,5.7841410636901855
0,12.36747932434082,5.8319292068481445
0,12.083566665649414,5.5922369956970215
0,12.44258975982666,5.713222980499268
0,12.367273330688477,5.663599967956543
0,12.503220558166504,5.589920997619629
0,12.52772045135498,5.6974029541015625
0,12.22590446472168,5.629879951477051
0,12.273933410644531,5.549802303314209
0,12.582545280456543,5.3835296630859375
0,12.4044828414917,5.551626205444336
0,12.21333122253418,5.68257474899292
0,12.54864501953125,6.014537811279297
0,12.192152976989746,5.900252342224121
0,12.207586288452148,5.822624206542969
0,12.25460147857666,5.592973709106445
0,11.999859809875488,5.368076324462891
0,12.11489486694336,5.387461185455322
0,11.574686050415039,5.4981184005737305
0,11.500407218933105,5.503251552581787
0,11.64826488494873,5.41621208190918
0,11.532927513122559,5.442886829376221
0,11.694571495056152,5.533405780792236
0,11.435444831848145,5.4860029220581055
0,11.435444831848145,5.4860029220581055
0,11.710307121276855,5.488071441650391
0,11.710307121276855,5.488071441650391
0,11.518380165100098,5.44787073135376
0,11.518380165100098,5.44787073135376
0,11.48681354522705,5.486873149871826
0,11.48681354522705,5.486873149871826
0,11.617451667785645,5.446310043334961
0,11.617451667785645,5.446310043334961
0,11.952598571777344,5.426235198974609
0,12.133719444274902,5.662630081176758
0,12.275215148925781,5.895850658416748
0,12.468408584594727,5.939823627471924
0,12.345964431762695,5.784409523010254
0,12.236666679382324,5.590790748596191
0,12.13347339630127,5.525069236755371
0,11.905810356140137,5.436680793762207
0,11.779175758361816,5.305707931518555
0,11.933751106262207,5.328197956085205
0,12.026935577392578,5.398619651794434
0,11.988973617553711,5.5841288566589355
0,12.029711723327637,5.811057090759277
0,12.056601524353027,6.008851051330566
0,12.125229835510254,5.963106155395508
0,11.99159049987793,5.731914520263672
0,11.64631462097168,5.526106834411621
0,11.792302131652832,5.385125160217285
0,11.642029762268066,5.516461372375488
0,11.720452308654785,5.446164131164551
0,11.746232032775879,5.712409496307373
0,12.0418062210083,5.766383647918701
0,11.773968696594238,5.922503471374512
0,11.810464859008789,5.904782295227051
0,11.869193077087402,5.803435802459717
0,11.673177719116211,5.64143180847168
0,11.532624244689941,5.582489013671875
0,11.365792274475098,5.523823261260986
0,11.556084632873535,5.471195220947266
0,11.574024200439453,5.444704055786133
0,11.477104187011719,5.5667243003845215
0,11.401002883911133,5.501585960388184
0,11.725051879882812,5.586533546447754
0,11.718513488769531,5.734381675720215
0,11.75965690612793,5.815553665161133
0,11.762914657592773,5.754960060119629
0,11.593047142028809,5.776088237762451
0,11.304218292236328,5.484840393066406
0,11.424174308776855,5.555149078369141
0,11.479588508605957,5.416443347930908
0,11.080965995788574,5.557929515838623
0,11.086740493774414,5.654522895812988
0,11.159153938293457,5.500411033630371
0,11.045660018920898,5.522863388061523
0,11.17498779296875,5.596696853637695
0,10.9295072555542,5.541813850402832
0,10.9295072555542,5.541813850402832
0,11.126418113708496,5.513975620269775
0,11.126418113708496,5.513975620269775
0,11.135254859924316,5.6105828285217285
0,11.135254859924316,5.6105828285217285
0,11.026012420654297,5.582813262939453
0,11.026012420654297,5.582813262939453
0,11.02457332611084,5.480099678039551
0,11.02457332611084,5.480099678039551
0,11.555355072021484,5.561232566833496
0,11.448970794677734,5.640888214111328
0,11.521926879882812,5.518117904663086
0,11.596321105957031,5.562367916107178
0,11.627500534057617,5.678165435791016
0,11.386141777038574,5.592193603515625
0,11.690827369689941,5.683016300201416
0,11.353194236755371,5.523675441741943
0,11.44370174407959,5.446685314178467
0,11.363131523132324,5.533714771270752
0,11.553640365600586,5.558887481689453
0,11.441800117492676,5.427358627319336
0,11.501301765441895,5.539372444152832
0,11.649798393249512,5.770218372344971
0,11.505395889282227,6.049022197723389
0,11.65054988861084,6.079790115356445
0,11.348929405212402,5.7148237228393555
0,11.138895988464355,5.340400695800781
0,11.249034881591797,5.156922340393066
0,11.066058158874512,5.053965091705322
0,11.08698844909668,5.382482051849365
0,11.583708763122559,5.815401077270508
0,11.720084190368652,6.070196151733398
0,11.697733879089355,6.301252365112305
0,11.393492698669434,5.806705474853516
0,11.153888702392578,5.617146015167236
0,11.222790718078613,5.399281024932861
0,11.027438163757324,5.231300354003906
0,10.91231918334961,5.331273078918457
0,11.089999198913574,5.562355041503906
0,11.318809509277344,5.797693729400635
0,11.205069541931152,5.7897233963012695
0,11.347091674804688,5.912763595581055
0,11.16424560546875,5.880892753601074
0,11.146719932556152,5.696712493896484
0,11.32996940612793,5.532514572143555
0,11.082261085510254,5.482392311096191
0,11.019438743591309,5.540231704711914
0,11.056792259216309,5.620266914367676
0,11.23508071899414,5.563826560974121
0,10.763795852661133,5.662439346313477
0,10.778146743774414,5.732643127441406
0,10.808388710021973,5.567590236663818
0,10.707453727722168,5.62190055847168
0,10.811762809753418,5.65956974029541
0,10.586305618286133,5.637036323547363
0,10.586305618286133,5.637036323547363
0,10.738083839416504,5.596000671386719
0,10.738083839416504,5.596000671386719
0,10.86117935180664,5.710969924926758
0,10.86117935180664,5.710969924926758
0,10.710121154785156,5.713197231292725
0,10.710121154785156,5.713197231292725
0,10.620232582092285,5.5626726150512695
0,10.620232582092285,5.5626726150512695
0,11.039791107177734,5.577756881713867
0,11.242217063903809,5.73793363571167
0,11.208645820617676,5.69667387008667
0,11.1300048828125,5.69974422454834
0,11.035745620727539,5.641152858734131
0,11.251113891601562,5.562750816345215
0,11.000832557678223,5.627234935760498
0,10.9506196975708,5.582187652587891
0,11.172879219055176,5.704537868499756
0,11.126177787780762,5.685331344604492
0,10.989744186401367,5.555675506591797
0,10.944764137268066,5.471256256103516
0,11.099775314331055,5.422976493835449
0,11.03371524810791,5.392351150512695
0,11.222051620483398,5.56850004196167
0,10.864013671875,5.55373477935791
0,11.033490180969238,5.809998512268066
0,11.072193145751953,5.756818771362305
0,11.25551986694336,5.699173450469971
0,10.920746803283691,5.590649604797363
0,10.971410751342773,5.568142414093018
0,10.912332534790039,5.438164710998535
0,10.76821231842041,5.34038782119751
0,10.764461517333984,5.550868034362793
0,10.932746887207031,5.6184492111206055
0,11.100360870361328,5.961740493774414
0,11.183621406555176,5.930739402770996
0,10.944472312927246,5.8804779052734375
0,10.928216934204102,5.690892696380615
0,10.812777519226074,5.471627235412598
0,10.710043907165527,5.369151592254639
0,10.73070240020752,5.472980499267578
0,10.639687538146973,5.492431163787842
0,10.883708000183105,5.589495658874512
0,10.848503112792969,5.691865921020508
0,10.85369873046875,5.624997615814209
0,10.556607246398926,5.4696431159973145
0,10.824493408203125,5.555828094482422
0,10.582817077636719,5.4922895431518555
0,10.646592140197754,5.555636405944824
0,10.303045272827148,5.611899375915527
0,10.339723587036133,5.676309585571289
0,10.312628746032715,5.500588893890381
0,10.217842102050781,5.561764240264893
0,10.276905059814453,5.591815948486328
0,10.16959285736084,5.600309371948242
0,10.16959285736084,5.600309371948242
0,10.255295753479004,5.547389984130859
0,10.255295753479004,5.547389984130859
0,10.372708320617676,5.628040313720703
0,10.372708320617676,5.628040313720703
0,10.286544799804688,5.636871337890625
0,10.286544799804688,5.636871337890625
0,10.127361297607422,5.5143656730651855
0,10.127361297607422,5.5143656730651855
0,10.785970687866211,5.643195629119873
0,10.676899909973145,5.5834245681762695
0,10.79848575592041,5.630326271057129
0,10.622198104858398,5.516739845275879
0,10.660602569580078,5.585933208465576
0,10.70311450958252,5.564599990844727
0,10.573943138122559,5.693544864654541
0,10.55026912689209,5.623194694519043
0,10.53917407989502,5.429162979125977
0,10.569648742675781,5.404201984405518
0,10.577223777770996,5.470678329467773
0,10.52187442779541,5.547430992126465
0,10.73717212677002,5.779321193695068
0,10.975234985351562,6.019960403442383
0,10.779424667358398,5.86440372467041
0,10.658520698547363,5.736600875854492
0,10.699402809143066,5.697890281677246
0,10.52309799194336,5.405143737792969
0,10.499473571777344,5.445894241333008
0,10.287193298339844,5.43781852722168
0,10.454371452331543,5.519580841064453
0,10.431266784667969,5.480800628662109
0,10.534812927246094,5.724288463592529
0,10.569295883178711,5.632095813751221
0,10.385568618774414,5.617362976074219
0,10.34255599975586,5.3356499671936035
0,10.350849151611328,5.35805082321167
0,10.308939933776855,5.403846263885498
0,10.555070877075195,5.4398345947265625
0,10.578595161437988,5.6759843826293945
0,10.555242538452148,5.816755294799805
0,10.606096267700195,5.801839351654053
0,10.420565605163574,5.700057506561279
0,10.526016235351562,5.618269443511963
0,10.313506126403809,5.37763786315918
0,10.276093482971191,5.386685371398926
0,10.211478233337402,5.3789520263671875
0,10.343868255615234,5.435475826263428
0,10.556838989257812,5.661050796508789
0,10.49282169342041,5.871123790740967
0,10.297831535339355,5.892000675201416
0,10.356171607971191,5.97318172454834
0,10.328071594238281,5.812053680419922
0,10.25866413116455,5.859321117401123
0,10.323049545288086,5.907890796661377
0,10.142040252685547,5.85380220413208
0,10.142040252685547,5.85380220413208
0,10.250570297241211,5.811886787414551
0,10.250570297241211,5.811886787414551
0,10.392796516418457,5.944339752197266
0,10.392796516418457,5.944339752197266
0,10.305403709411621,5.978643894195557
0,10.305403709411621,5.978643894195557
0,10.150956153869629,5.819706916809082
0,10.150956153869629,5.819706916809082
0,10.670353889465332,5.995604515075684
0,10.668350219726562,5.8443708419799805
0,10.496421813964844,5.691624164581299
0,10.271224021911621,5.436861038208008
0,10.081584930419922,5.258106231689453
0,10.068153381347656,5.223239898681641
0,10.426663398742676,5.432578086853027
0,10.340232849121094,5.547544479370117
0,10.41254997253418,5.6262311935424805
0,10.85569953918457,5.925589561462402
0,10.811094284057617,5.803037166595459
0,10.580086708068848,5.728152275085449
0,10.357775688171387,5.5652570724487305
0,10.327779769897461,5.568943023681641
0,10.241002082824707,5.344862937927246
0,10.199910163879395,5.300788879394531
0,10.123459815979004,5.435941696166992
0,10.374502182006836,5.6189799308776855
0,10.28912353515625,5.65682315826416
0,10.474666595458984,5.784023284912109
0,10.375505447387695,5.756661415100098
0,10.266124725341797,5.651193618774414
0,10.241539001464844,5.589255332946777
0,10.28676700592041,5.54746675491333
0,10.277079582214355,5.4939165115356445
0,10.24139404296875,5.401976585388184
0,10.103747367858887,5.455979347229004
0,10.177383422851562,5.5681939125061035
0,10.382452011108398,5.733830451965332
0,10.37178897857666,5.713628768920898
0,10.40554428100586,5.718901634216309
0,10.166696548461914,5.626868724822998
0,10.25045108795166,5.515726089477539
0,10.079819679260254,5.3740739822387695
0,9.81993579864502,5.215516567230225
0,9.974183082580566,5.267528533935547
0,9.894051551818848,5.4069976806640625
0,10.186002731323242,5.604684352874756
0,10.104823112487793,5.649726867675781
0,10.37426471710205,5.787069320678711
0,9.821617126464844,5.730789661407471
0,9.872760772705078,5.805229187011719
0,9.848960876464844,5.658714294433594
0,9.769662857055664,5.716982841491699
0,9.84860610961914,5.763494968414307
0,9.667318344116211,5.693323612213135
0,9.667318344116211,5.693323612213135
0,9.759334564208984,5.66229248046875
0,9.759334564208984,5.66229248046875
0,9.942874908447266,5.781732559204102
0,9.942874908447266,5.781732559204102
0,9.798951148986816,5.812061309814453
0,9.798951148986816,5.812061309814453
0,9.644259452819824,5.654152870178223
0,9.644259452819824,5.654152870178223
0,10.145344734191895,5.821873664855957
0,10.100380897521973,5.775925636291504
0,9.948698043823242,5.589949607849121
0,9.914313316345215,5.524985313415527
0,9.900594711303711,5.474633693695068
0,9.88768482208252,5.407245635986328
0,9.801177024841309,5.416701316833496
0,9.855637550354004,5.430942058563232
0,9.93625545501709,5.56400203704834
0,10.076177597045898,5.5807647705078125
0,9.823556900024414,5.408449172973633
0,9.937918663024902,5.59209680557251
0,9.920806884765625,5.63587760925293
0,9.831056594848633,5.432590484619141
0,9.791228294372559,5.514867782592773
0,9.955757141113281,5.517775058746338
0,9.935028076171875,5.511346340179443
0,9.911508560180664,5.583379745483398
0,9.876479148864746,5.520111083984375
0,9.967538833618164,5.658762454986572
0,9.928232192993164,5.584928512573242
0,9.76517391204834,5.435800552368164
0,9.825994491577148,5.5135416984558105
0,9.799510955810547,5.451390266418457
0,9.821309089660645,5.3754987716674805
0,9.914717674255371,5.500579833984375
0,9.934623718261719,5.545351505279541
0,9.857817649841309,5.563107490539551
0,9.749954223632812,5.483580589294434
0,9.998631477355957,5.745607376098633
0,9.913023948669434,5.66292667388916
0,9.727993965148926,5.50532341003418
0,9.811882019042969,5.545693397521973
0,9.691905975341797,5.398841857910156
0,9.745689392089844,5.384603500366211
0,9.834309577941895,5.6756911277771
0,10.030250549316406,5.6794328689575195
0,10.089325904846191,5.718642234802246
0,9.81743335723877,5.559466361999512
0,9.741951942443848,5.40858268737793
0,9.422225952148438,5.470837116241455
0,9.488429069519043,5.53354549407959
0,9.441657066345215,5.388209342956543
0,9.342769622802734,5.425950050354004
0,9.392608642578125,5.453383445739746
0,9.294506072998047,5.422746181488037
0,9.294506072998047,5.422746181488037
0,9.341158866882324,5.3704962730407715
0,9.341158866882324,5.3704962730407715
0,9.513710021972656,5.504755020141602
0,9.513710021972656,5.504755020141602
0,9.406124114990234,5.511685371398926
0,9.406124114990234,5.511685371398926
0,9.250641822814941,5.3565192222595215
0,9.250641822814941,5.3565192222595215
0,9.725136756896973,5.533393859863281
0,10.02497673034668,5.551987648010254
0,9.66889762878418,5.467117786407471
0,9.848311424255371,5.603005886077881
0,9.785401344299316,5.560929775238037
0,9.861764907836914,5.573757171630859
0,9.880821228027344,5.588875770568848
0,9.923394203186035,5.811431407928467
0,9.862010955810547,5.591588020324707
0,9.73061752319336,5.462667465209961
0,9.73015308380127,5.404646873474121
0,9.837608337402344,5.438188552856445
0,9.889286041259766,5.52272367477417
0,9.692815780639648,5.556254863739014
0,9.868650436401367,5.651878356933594
0,9.9017333984375,5.745328903198242
0,10.106159210205078,5.771862506866455
0,9.840681076049805,5.492789268493652
0,9.825617790222168,5.474538803100586
0,9.550790786743164,5.344346046447754
0,9.604333877563477,5.279179573059082
0,9.584524154663086,5.262613296508789
0,9.653120994567871,5.419650077819824
0,9.704517364501953,5.474465370178223
0,9.913155555725098,5.592342376708984
0,9.647415161132812,5.57910680770874
0,9.97476863861084,5.6480326652526855
0,9.860429763793945,5.615323543548584
0,9.815705299377441,5.540188789367676
0,9.612993240356445,5.311125755310059
0,9.68565845489502,5.3650054931640625
0,9.763137817382812,5.365223407745361
0,9.884387016296387,5.520354270935059
0,9.755678176879883,5.558239936828613
0,9.817791938781738,5.5461931228637695
0,9.808723449707031,5.552743434906006
0,9.716155052185059,5.467132568359375
0,9.927876472473145,5.554442405700684
0,9.777353286743164,5.451787948608398
0,9.639262199401855,5.495434284210205
0,9.362464904785156,5.4048566818237305
0,9.423542022705078,5.470608711242676
0,9.380531311035156,5.33384895324707
0,9.324767112731934,5.4037370681762695
0,9.371297836303711,5.397834777832031
0,9.292540550231934,5.44602632522583
0,9.292540550231934,5.44602632522583
0,9.332972526550293,5.380850315093994
0,9.332972526550293,5.380850315093994
0,9.472389221191406,5.434420585632324
0,9.472389221191406,5.434420585632324
0,9.366714477539062,5.4953413009643555
0,9.366714477539062,5.4953413009643555
0,9.255680084228516,5.376482963562012
0,9.255680084228516,5.376482963562012
0,9.636015892028809,5.459023475646973
0,9.65857219696045,5.430947303771973
0,9.77989387512207,5.544657230377197
0,9.884523391723633,5.692564010620117
0,9.732372283935547,5.517017364501953
0,9.801631927490234,5.57243013381958
0,9.78225326538086,5.571469783782959
0,9.702914237976074,5.418743133544922
0,9.771714210510254,5.511096954345703
0,9.873234748840332,5.469196796417236
0,9.757859230041504,5.549794673919678
0,9.764155387878418,5.490445137023926
0,9.887020111083984,5.549358367919922
0,9.706062316894531,5.514321327209473
0,9.772549629211426,5.5831427574157715
0,9.701984405517578,5.4391913414001465
0,9.611509323120117,5.31112003326416
0,9.567676544189453,5.334386825561523
0,9.656855583190918,5.472514629364014
0,9.832503318786621,5.700356960296631
0,9.734457015991211,5.760725498199463
0,9.70356559753418,5.494843482971191
0,9.673029899597168,5.566429138183594
0,9.681631088256836,5.4485673904418945
0,9.526041984558105,5.345159530639648
0,9.437143325805664,5.420619487762451
0,9.61377239227295,5.586623191833496
0,9.67383861541748,5.566478252410889
0,9.656682014465332,5.597419738769531
0,9.77885913848877,5.460268020629883
0,9.557547569274902,5.35614013671875
0,9.461424827575684,5.3038249015808105
0,9.50167465209961,5.299542427062988
0,9.510594367980957,5.389062881469727
0,9.40922737121582,5.399166107177734
0,9.619305610656738,5.585664749145508
0,9.568708419799805,5.540950775146484
0,9.568526268005371,5.597235679626465
0,9.663743019104004,5.660028457641602
0,9.784280776977539,5.621838569641113
0,9.464042663574219,5.736845016479492
0,9.525571823120117,5.780100345611572
0,9.527118682861328,5.65711784362793
0,9.425135612487793,5.697911739349365
0,9.478389739990234,5.744551658630371
0,9.279362678527832,5.632460594177246
0,9.279362678527832,5.632460594177246
0,9.39160442352295,5.676185607910156
0,9.39160442352295,5.676185607910156
0,9.573741912841797,5.776941776275635
0,9.573741912841797,5.776941776275635
0,9.406041145324707,5.748720169067383
0,9.406041145324707,5.748720169067383
0,9.264486312866211,5.608942985534668
0,9.264486312866211,5.608942985534668
0,9.73331356048584,5.671029090881348
0,9.812592506408691,5.732781410217285
0,9.591184616088867,5.474387168884277
0,9.481613159179688,5.3805365562438965
0,9.450231552124023,5.249505043029785
0,9.464607238769531,5.284236907958984
0,9.536961555480957,5.453300476074219
0,9.5256986618042,5.36557674407959
0,9.487966537475586,5.4302520751953125
0,9.495579719543457,5.456043720245361
0,9.482471466064453,5.38785982131958
0,9.381924629211426,5.484779357910156
0,9.547894477844238,5.599711894989014
0,9.536611557006836,5.63011360168457
0,9.630844116210938,5.5519561767578125
0,9.45045280456543,5.407195568084717
0,9.318280220031738,5.213128089904785
0,9.260204315185547,5.297602653503418
0,9.458104133605957,5.387868404388428
0,9.5329008102417,5.536571025848389
0,9.6414213180542,5.515161514282227
0,9.483701705932617,5.633617401123047
0,9.59004020690918,5.679347991943359
0,9.467144012451172,5.550312042236328
0,9.352043151855469,5.418863296508789
0,9.397004127502441,5.48560905456543
0,9.300734519958496,5.391678333282471
0,9.393243789672852,5.5200958251953125
0,9.455036163330078,5.520488739013672
0,9.581952095031738,5.489465713500977
0,9.490482330322266,5.4774489402771
0,9.536149024963379,5.541439056396484
0,9.477957725524902,5.590002536773682
0,9.382418632507324,5.444293975830078
0,9.4536714553833,5.359566688537598
0,9.407464981079102,5.515714168548584
0,9.405566215515137,5.467687606811523
0,9.243186950683594,5.438296318054199
0,9.390185356140137,5.565566062927246
0,9.356419563293457,5.473021030426025
0,8.945597648620605,5.454109191894531
0,9.047115325927734,5.527817726135254
0,9.01004695892334,5.409842014312744
0,8.897724151611328,5.439800262451172
0,8.957121849060059,5.455734729766846
0,8.815315246582031,5.373321533203125
0,8.815315246582031,5.373321533203125
0,8.883511543273926,5.393326759338379
0,8.883511543273926,5.393326759338379
0,9.09538459777832,5.523505210876465
0,9.09538459777832,5.523505210876465
0,8.91920280456543,5.506696701049805
0,8.91920280456543,5.506696701049805
0,8.780223846435547,5.347360610961914
0,8.780223846435547,5.347360610961914
0,9.329285621643066,5.370367050170898
0,9.139053344726562,5.340702533721924
0,9.13571834564209,5.424188613891602
0,9.226838111877441,5.4598612785339355
0,9.363873481750488,5.389549732208252
0,9.354350090026855,5.597670555114746
0,9.396862030029297,5.519140720367432
0,9.390399932861328,5.552639007568359
0,9.210221290588379,5.436713218688965
0,9.372814178466797,5.394538879394531
0,9.266273498535156,5.413344860076904
0,9.458373069763184,5.412130832672119
0,9.440731048583984,5.600907802581787
0,9.325822830200195,5.415681838989258
0,9.31910228729248,5.552329063415527
0,9.323655128479004,5.540990829467773
0,9.328883171081543,5.386979579925537
0,9.10194206237793,5.333218097686768
0,9.103334426879883,5.3129754066467285
0,9.209193229675293,5.43390417098999
0,9.236846923828125,5.507646083831787
0,9.231086730957031,5.558411598205566
0,9.246391296386719,5.496481895446777
0,9.092305183410645,5.467580795288086
0,9.087295532226562,5.362220764160156
0,9.253446578979492,5.568758964538574
0,9.417196273803711,5.604729652404785
0,9.406033515930176,5.535763263702393
0,9.43103313446045,5.5916056632995605
0,9.500982284545898,5.447955131530762
0,9.351056098937988,5.287538051605225
0,9.249117851257324,5.223876476287842
0,9.358591079711914,5.118255615234375
0,9.36132526397705,5.228427410125732
0,9.562247276306152,5.451850891113281
0,9.428611755371094,5.633605480194092
0,9.806059837341309,5.688913345336914
0,9.732645034790039,5.54022741317749
0,9.656485557556152,5.4172258377075195
0,9.764694213867188,5.294696807861328
0,9.171602249145508,5.125975608825684
0,9.27959156036377,5.164799690246582
0,9.221534729003906,5.116794586181641
0,9.199058532714844,5.153473377227783
0,9.180830001831055,5.157598972320557
0,9.102520942687988,5.169018268585205
0,9.102520942687988,5.169018268585205
0,9.12359619140625,5.167480945587158
0,9.12359619140625,5.167480945587158
0,9.27058219909668,5.144513130187988
0,9.27058219909668,5.144513130187988
0,9.257555961608887,5.207479953765869
0,9.257555961608887,5.207479953765869
0,9.039201736450195,5.124699592590332
0,9.039201736450195,5.124699592590332
0,9.620243072509766,5.176603317260742
0,9.678216934204102,5.242952346801758
0,9.644631385803223,5.3155670166015625
0,9.878485679626465,5.524184703826904
0,9.928977966308594,5.716159343719482
0,10.334228515625,5.8801069259643555
0,9.77820110321045,5.466623783111572
0,9.892843246459961,5.439775466918945
0,9.76032829284668,5.259555816650391
0,9.47620964050293,5.057028770446777
0,9.564476013183594,5.073765754699707
0,9.753118515014648,5.307455062866211
0,9.858695030212402,5.4563751220703125
0,10.077254295349121,5.7055206298828125
0,10.120075225830078,5.782371997833252
0,10.010625839233398,5.715948104858398
0,9.755252838134766,5.558018684387207
0,9.551809310913086,5.2940874099731445
0,9.332042694091797,5.16391658782959
0,9.166491508483887,5.1311798095703125
0,9.288610458374023,5.225761413574219
0,9.209423065185547,5.2473907470703125
0,9.26158332824707,5.341337203979492
0,9.481231689453125,5.622995376586914
0,9.542978286743164,5.634520530700684
0,9.151524543762207,5.528022289276123
0,9.273509979248047,5.495282173156738
0,9.166359901428223,5.377610206604004
0,9.044267654418945,5.307628631591797
0,8.935444831848145,5.252568244934082
0,8.909167289733887,5.242364883422852
0,9.112871170043945,5.297441482543945
0,9.022710800170898,5.34141731262207
0,9.16469955444336,5.597023963928223
0,9.161725044250488,5.5801568031311035
0,9.032132148742676,5.477810382843018
0,9.025181770324707,5.375843048095703
0,9.089869499206543,5.395455837249756
0,8.734981536865234,5.237317085266113
0,8.841604232788086,5.225470542907715
0,8.549997329711914,5.223443031311035
0,8.609257698059082,5.275917053222656
0,8.519829750061035,5.184035778045654
0,8.47453784942627,5.242666721343994
0,8.480528831481934,5.244223117828369
0,8.404017448425293,5.2116594314575195
0,8.404017448425293,5.2116594314575195
0,8.377506256103516,5.221626281738281
0,8.377506256103516,5.221626281738281
0,8.620685577392578,5.262598037719727
0,8.620685577392578,5.262598037719727
0,8.536580085754395,5.2796406745910645
0,8.536580085754395,5.2796406745910645
0,8.27750301361084,5.170245170593262
0,8.27750301361084,5.170245170593262
0,8.621917724609375,5.179960250854492
0,8.835981369018555,5.252621650695801
0,8.996047973632812,5.3742570877075195
0,8.920483589172363,5.504834175109863
0,8.967639923095703,5.5279035568237305
0,9.21838665008545,5.553461074829102
0,9.14238166809082,5.588491916656494
0,9.111268043518066,5.50377893447876
0,8.896265983581543,5.321116924285889
0,8.98817253112793,5.346071720123291
0,8.848109245300293,5.196943283081055
0,8.590981483459473,5.173966407775879
0,8.763731002807617,5.329973220825195
0,9.02862548828125,5.425674915313721
0,8.90954303741455,5.546336650848389
0,8.869752883911133,5.510441780090332
0,9.038796424865723,5.4683451652526855
0,9.044651985168457,5.503957748413086
0,8.885866165161133,5.446825981140137
0,8.791047096252441,5.30606746673584
0,8.786182403564453,5.233440399169922
0,8.737915992736816,5.232328414916992
0,8.77638053894043,5.300767421722412
0,8.698740005493164,5.216448783874512
0,8.887959480285645,5.271845817565918
0,8.758790016174316,5.33933687210083
0,8.883307456970215,5.3912787437438965
0,8.739715576171875,5.420196056365967
0,8.825972557067871,5.4983696937561035
0,8.729364395141602,5.400639057159424
0,8.640689849853516,5.400080680847168
0,8.742587089538574,5.456432342529297
0,8.90254020690918,5.393280982971191
0,8.726825714111328,5.367152214050293
0,8.807734489440918,5.419341087341309
0,9.152790069580078,5.338644027709961
0,8.90936279296875,5.391650676727295
0,8.89078426361084,5.390769958496094
0,9.001378059387207,5.403046607971191
0,9.135519981384277,5.49722146987915
0,8.82343864440918,5.405628681182861
0,8.955392837524414,5.47505521774292
0,8.881736755371094,5.369014739990234
0,8.729718208312988,5.402251720428467
0,8.769488334655762,5.4353132247924805
0,8.756390571594238,5.393256664276123
0,8.756390571594238,5.393256664276123
0,8.77550983428955,5.43949031829834
0,8.77550983428955,5.43949031829834
0,8.908305168151855,5.453909873962402
0,8.908305168151855,5.453909873962402
0,8.745880126953125,5.437301158905029
0,8.745880126953125,5.437301158905029
0,8.629620552062988,5.360387802124023
0,8.629620552062988,5.360387802124023
0,9.114302635192871,5.557034969329834
0,9.295665740966797,5.383828163146973
0,9.133221626281738,5.421317100524902
0,8.909740447998047,5.3418965339660645
0,9.080560684204102,5.372913360595703
0,9.292643547058105,5.49725866317749
0,8.990506172180176,5.408304214477539
0,9.120031356811523,5.423837184906006
0,8.902730941772461,5.302077293395996
0,9.010217666625977,5.354785919189453
0,9.010009765625,5.339362144470215
0,8.777077674865723,5.171302318572998
0,8.747335433959961,5.221589088439941
0,8.666898727416992,5.234556198120117
0,8.665081977844238,5.27144718170166
0,8.829061508178711,5.40344762802124
0,8.948229789733887,5.593134880065918
0,9.363061904907227,5.700040817260742
0,8.973993301391602,5.493159294128418
0,8.685328483581543,5.309146881103516
0,9.266959190368652,5.248384475708008
0,8.929994583129883,5.249485015869141
0,8.786957740783691,5.207155227661133
0,8.845394134521484,5.315100193023682
0,9.100689888000488,5.262117385864258
0,9.119040489196777,5.366526126861572
0,9.083943367004395,5.492274284362793
0,9.14692211151123,5.401699542999268
0,9.109392166137695,5.3873419761657715
0,8.992019653320312,5.3244524002075195
0,9.200149536132812,5.3672709465026855
0,8.944406509399414,5.1763505935668945
0,9.117998123168945,5.1638312339782715
0,9.061372756958008,5.304924964904785
0,9.231939315795898,5.405535697937012
0,9.22266674041748,5.404504776000977
0,9.347758293151855,5.424949645996094
0,9.452653884887695,5.495419502258301
0,9.271944046020508,5.356317043304443
0,9.198786735534668,5.393438339233398
0,8.883749961853027,5.267796516418457
0,8.94782829284668,5.300244331359863
0,8.748966217041016,5.213312149047852
0,8.669208526611328,5.249587059020996
0,8.829631805419922,5.296148777008057
0,8.786294937133789,5.233992576599121
0,8.786294937133789,5.233992576599121
0,8.76672649383545,5.264455318450928
0,8.76672649383545,5.264455318450928
0,8.951132774353027,5.273775100708008
0,8.951132774353027,5.273775100708008
0,8.894159317016602,5.307942867279053
0,8.894159317016602,5.307942867279053
0,8.655830383300781,5.1887407302856445
0,8.655830383300781,5.1887407302856445
0,9.067026138305664,5.194860935211182
0,9.186429023742676,5.139065742492676
0,9.014117240905762,5.039977073669434
0,9.131526947021484,5.117942810058594
0,9.069881439208984,5.088117599487305
0,9.247865676879883,5.285200119018555
0,9.47222900390625,5.348039627075195
0,9.444266319274902,5.713944911956787
0,9.199663162231445,5.54110050201416
0,9.307175636291504,5.498976707458496
0,9.024395942687988,5.34620475769043
0,8.953797340393066,5.338212490081787
0,9.206999778747559,5.329599380493164
0,8.658291816711426,5.00308895111084
0,9.10662841796875,5.167429447174072
0,8.777029037475586,5.061132907867432
0,8.771787643432617,5.177535533905029
0,8.7705078125,5.2246317863464355
0,8.816028594970703,5.336565971374512
0,8.910351753234863,5.423952102661133
0,9.105119705200195,5.684604644775391
0,9.029826164245605,5.581564903259277
0,9.030397415161133,5.699092864990234
0,8.847040176391602,5.438943862915039
0,8.556857109069824,5.284152984619141
0,8.452496528625488,5.17253303527832
0,8.560839653015137,5.0315022468566895
0,8.67585563659668,5.090483665466309
0,8.639520645141602,5.226876258850098
0,8.724274635314941,5.473093032836914
0,8.810757637023926,5.454602241516113
0,8.625154495239258,5.483388900756836
0,8.647528648376465,5.406914710998535
0,8.576464653015137,5.3905863761901855
0,8.40336799621582,5.174131393432617
0,8.41759204864502,5.174224853515625
0,8.56275749206543,5.233667850494385
0,8.46788501739502,5.196958541870117
0,8.601394653320312,5.221490859985352
0,8.635411262512207,5.270313262939453
0,8.25015640258789,5.394804954528809
0,8.50174331665039,5.4115376472473145
0,8.342351913452148,5.374056816101074
0,8.279144287109375,5.356176853179932
0,8.300156593322754,5.396728992462158
0,8.35702896118164,5.3798418045043945
0,8.35702896118164,5.3798418045043945
0,8.346186637878418,5.344538688659668
0,8.346186637878418,5.344538688659668
0,8.43899917602539,5.398258209228516
0,8.43899917602539,5.398258209228516
0,8.374053955078125,5.437557220458984
0,8.374053955078125,5.437557220458984
0,8.256780624389648,5.349531173706055
0,8.256780624389648,5.349531173706055
0,8.702953338623047,5.428879737854004
0,8.648574829101562,5.402301788330078
0,8.754685401916504,5.4291911125183105
0,8.571712493896484,5.33683967590332
0,8.491854667663574,5.214968681335449
0,8.620369911193848,5.271698951721191
0,8.577585220336914,5.214228630065918
0,8.548921585083008,5.244179725646973
0,8.705307960510254,5.28631591796875
0,8.493995666503906,5.253587245941162
0,8.707470893859863,5.331059455871582
0,8.745492935180664,5.292596817016602
0,8.856749534606934,5.497518539428711
0,8.734749794006348,5.39664363861084
0,8.719070434570312,5.31299352645874
0,8.524466514587402,5.215020179748535
0,8.693581581115723,5.312915802001953
0,8.670612335205078,5.307156562805176
0,8.641908645629883,5.320575714111328
0,8.901461601257324,5.366501331329346
0,8.983133316040039,5.40863037109375
0,8.850173950195312,5.295089244842529
0,8.849626541137695,5.2809600830078125
0,8.75592041015625,5.235494613647461
0,8.817529678344727,5.216458320617676
0,8.559073448181152,5.167612552642822
0,8.788233757019043,5.310489177703857
0,8.862629890441895,5.354905128479004
0,8.862373352050781,5.372164726257324
0,8.941909790039062,5.344145774841309
0,8.789205551147461,5.315197944641113
0,8.759525299072266,5.235760688781738
0,8.675619125366211,5.145896911621094
0,8.466276168823242,5.074311256408691
0,8.74705696105957,5.178612232208252
0,8.62818717956543,5.20242977142334
0,8.839615821838379,5.307651519775391
0,8.848542213439941,5.325955390930176
0,8.803315162658691,5.30056095123291
0,8.602288246154785,5.1436052322387695
0,8.400014877319336,5.280901908874512
0,8.552314758300781,5.324206352233887
0,8.387218475341797,5.290955543518066
0,8.366753578186035,5.295316219329834
0,8.466076850891113,5.326102256774902
0,8.39580249786377,5.262872219085693
0,8.39580249786377,5.262872219085693
0,8.347074508666992,5.3005170822143555
0,8.347074508666992,5.3005170822143555
0,8.559986114501953,5.327109336853027
0,8.559986114501953,5.327109336853027
0,8.50612735748291,5.322357177734375
0,8.50612735748291,5.322357177734375
0,8.357723236083984,5.25203800201416
0,8.357723236083984,5.25203800201416
0,8.883161544799805,5.373042106628418
0,8.79229736328125,5.241039752960205
0,8.804638862609863,5.325583457946777
0,8.849011421203613,5.333351135253906
0,8.713732719421387,5.253532886505127
0,8.682069778442383,5.272665023803711
0,8.713046073913574,5.283271789550781
0,8.525055885314941,5.215673923492432
0,8.578241348266602,5.264551162719727
0,8.738298416137695,5.370423793792725
0,8.50161075592041,5.263059616088867
0,8.569563865661621,5.3056206703186035
0,8.951685905456543,5.504438400268555
0,8.601723670959473,5.302412986755371
0,8.607686996459961,5.340522766113281
0,8.56715202331543,5.328692436218262
0,8.361031532287598,5.1610612869262695
0,8.514174461364746,5.268881797790527
0,8.401203155517578,5.1340107917785645
0,8.22055721282959,5.159007549285889
0,8.137872695922852,5.138273239135742
0,8.329181671142578,5.15482234954834
0,8.366556167602539,5.218169212341309
0,8.498991966247559,5.324957847595215
0,8.471413612365723,5.377342224121094
0,8.425503730773926,5.262748718261719
0,8.419468879699707,5.243229389190674
0,8.24268913269043,5.238744735717773
0,8.169520378112793,5.087730407714844
0,8.275364875793457,5.0218586921691895
0,8.240819931030273,5.033346176147461
0,8.605657577514648,5.116968154907227
0,8.403705596923828,5.325640678405762
0,8.576130867004395,5.291817665100098
0,8.582879066467285,5.454866409301758
0,8.83572769165039,5.275683879852295
0,8.656559944152832,5.268652439117432
0,8.645909309387207,5.26934814453125
0,8.577653884887695,5.167789459228516
0,8.80296516418457,5.1827850341796875
0,8.226667404174805,5.3109941482543945
0,8.352396965026855,5.302700996398926
0,8.321187973022461,5.240285873413086
0,8.285264015197754,5.257267475128174
0,8.26271915435791,5.30908727645874
0,8.438590049743652,5.208768844604492
0,8.438590049743652,5.208768844604492
0,8.471529960632324,5.259035587310791
0,8.471529960632324,5.259035587310791
0,8.268880844116211,5.305700302124023
0,8.268880844116211,5.305700302124023
0,8.252907752990723,5.309409141540527
0,8.252907752990723,5.309409141540527
0,8.267660140991211,5.206652641296387
0,8.267660140991211,5.206652641296387
0,8.53948974609375,5.235526084899902
0,8.612005233764648,5.372493743896484
0,8.748180389404297,5.375974655151367
0,8.608963966369629,5.335771083831787
0,8.604207038879395,5.356837749481201
0,8.49727725982666,5.272557735443115
0,8.527780532836914,5.152680397033691
0,8.396734237670898,5.039626121520996
0,8.3092679977417,4.992203712463379
0,8.15040111541748,5.032193183898926
0,8.414615631103516,5.1097869873046875
0,8.515216827392578,5.229262351989746
0,8.508556365966797,5.44235897064209
0,8.532403945922852,5.404813766479492
0,8.452960968017578,5.431026458740234
0,8.408219337463379,5.47019624710083
0,8.261000633239746,5.325377464294434
0,8.092900276184082,5.0813775062561035
0,8.056183815002441,5.145314693450928
0,8.18010425567627,5.005195617675781
0,8.019458770751953,5.008995532989502
0,8.042675971984863,5.095137119293213
0,8.040728569030762,5.151251316070557
0,8.329195022583008,5.312525272369385
0,8.347899436950684,5.340034008026123
0,8.338111877441406,5.38914155960083
0,8.321859359741211,5.366399765014648
0,8.316794395446777,5.295367240905762
0,8.125397682189941,5.2715744972229
0,8.263294219970703,5.153509616851807
0,8.13668441772461,5.1346659660339355
0,8.07507038116455,5.046072959899902
0,8.210294723510742,5.1638360023498535
0,8.188080787658691,5.101302146911621
0,8.272703170776367,5.212653636932373
0,8.164036750793457,5.301697731018066
0,8.337414741516113,5.3302321434021
0,8.378348350524902,5.2974934577941895
0,8.467513084411621,5.289492130279541
0,8.183985710144043,5.245550632476807
0,7.832216262817383,5.176854133605957
0,7.873592853546143,5.190060138702393
0,7.89678430557251,5.15031623840332
0,7.892891883850098,5.165279388427734
0,7.8583598136901855,5.195664882659912
0,7.9902753829956055,5.103724479675293
0,7.9902753829956055,5.103724479675293
0,7.879946708679199,5.144205093383789
0,7.879946708679199,5.144205093383789
0,7.9786057472229,5.207127094268799
0,7.9786057472229,5.207127094268799
0,7.945592403411865,5.184714317321777
0,7.945592403411865,5.184714317321777
0,7.802971839904785,5.132733345031738
0,7.802971839904785,5.132733345031738
0,8.213394165039062,5.197445869445801
0,8.078062057495117,5.086209297180176
0,8.18706226348877,5.090853691101074
0,8.20618724822998,5.179969787597656
0,8.174028396606445,5.188529014587402
0,8.0503568649292,5.1987457275390625
0,8.028677940368652,5.170313835144043
0,8.32259464263916,5.320024490356445
0,8.276887893676758,5.196218490600586
0,8.44647216796875,5.178524017333984
0,8.278491973876953,5.09193754196167
0,8.269573211669922,5.1267924308776855
0,8.301408767700195,5.120169639587402
0,8.230609893798828,5.138246536254883
0,8.497284889221191,5.277824401855469
0,8.553633689880371,5.239229202270508
0,8.512083053588867,5.3116912841796875
0,8.670295715332031,5.277996063232422
0,8.670906066894531,5.196389198303223
0,8.604981422424316,5.218605041503906
0,8.63171100616455,5.172245502471924
0,8.693161010742188,5.046534538269043
0,8.56197452545166,5.097426891326904
0,8.747895240783691,5.073819160461426
0,8.565553665161133,5.238729953765869
0,8.757379531860352,5.2622504234313965
0,8.914700508117676,5.375141143798828
0,9.0162353515625,5.429659366607666
0,8.860721588134766,5.38739538192749
0,8.666186332702637,5.319085121154785
0,8.671900749206543,5.236727714538574
0,8.505626678466797,5.091496467590332
0,8.367477416992188,5.038973808288574
0,8.3736572265625,4.931582450866699
0,8.302796363830566,5.078747749328613
0,8.31216812133789,5.16938591003418
0,8.35953140258789,5.385821342468262
0,8.394091606140137,5.282402038574219
0,8.38951587677002,5.317600727081299
0,8.269553184509277,5.21380090713501
0,8.028646469116211,5.168094635009766
0,8.095928192138672,5.188010215759277
0,8.032217979431152,5.161002159118652
0,8.074769020080566,5.16843318939209
0,8.072772026062012,5.207807540893555
0,8.142108917236328,5.199262619018555
0,8.142108917236328,5.199262619018555
0,8.040482521057129,5.203305244445801
0,8.040482521057129,5.203305244445801
0,8.168231010437012,5.161744594573975
0,8.168231010437012,5.161744594573975
0,8.14215087890625,5.219222068786621
0,8.14215087890625,5.219222068786621
0,7.999990463256836,5.172011375427246
0,7.999990463256836,5.172011375427246
0,8.27458667755127,5.179285049438477
0,8.22599983215332,5.136667251586914
0,8.106988906860352,5.095911979675293
0,8.197291374206543,5.092824935913086
0,8.281856536865234,5.063839912414551
0,8.418521881103516,5.107425212860107
0,8.248369216918945,5.095170021057129
0,8.340004920959473,5.152928352355957
0,8.337328910827637,5.177055358886719
0,8.423795700073242,5.227987289428711
0,8.515865325927734,5.31225061416626
0,8.725652694702148,5.356670379638672
0,8.362418174743652,5.223249435424805
0,8.503803253173828,5.134427547454834
0,8.577527046203613,5.133734703063965
0,8.505762100219727,5.055520057678223
0,8.443614959716797,4.941856861114502
0,8.456881523132324,5.072432518005371
0,8.505914688110352,5.281576156616211
0,8.60283374786377,5.223474502563477
0,8.461090087890625,5.200181007385254
0,8.556229591369629,5.197875022888184
0,8.585569381713867,5.206548690795898
0,8.396899223327637,5.089242935180664
0,8.463650703430176,5.066239356994629
0,8.535599708557129,5.1911444664001465
0,8.638785362243652,5.148372650146484
0,8.45703125,5.180420875549316
0,8.518253326416016,5.151886940002441
0,8.320257186889648,5.147467613220215
0,8.284139633178711,5.1362152099609375
0,8.445886611938477,5.187317848205566
0,8.601587295532227,5.315325736999512
0,8.628520965576172,5.2877936363220215
0,8.36937427520752,5.200756072998047
0,8.365863800048828,5.103368282318115
0,8.406134605407715,5.13771915435791
0,8.4442720413208,5.095229148864746
0,8.4138822555542,5.0299763679504395
0,8.568662643432617,5.186513423919678
0,8.17338752746582,5.139817237854004
0,8.197827339172363,5.149951457977295
0,8.090133666992188,5.099353790283203
0,8.170832633972168,5.136568069458008
0,8.162124633789062,5.154944896697998
0,8.145502090454102,5.097148895263672
0,8.145502090454102,5.097148895263672
0,8.088687896728516,5.1319379806518555
0,8.088687896728516,5.1319379806518555
0,8.287955284118652,5.146265029907227
0,8.287955284118652,5.146265029907227
0,8.214279174804688,5.156329154968262
0,8.214279174804688,5.156329154968262
0,8.082782745361328,5.094768524169922
0,8.082782745361328,5.094768524169922
0,8.556398391723633,5.174713134765625
0,8.70769214630127,5.308372497558594
0,8.452494621276855,5.1814680099487305
0,8.336372375488281,5.213120937347412
0,8.505204200744629,5.27772331237793
0,8.41273021697998,5.236808776855469
0,8.342683792114258,5.219025135040283
0,8.334157943725586,5.095061302185059
0,8.310789108276367,5.086109638214111
0,8.246809959411621,5.087627410888672
0,8.096784591674805,5.051278114318848
0,8.262062072753906,5.073914527893066
0,8.26021671295166,5.152006149291992
0,8.400951385498047,5.241643905639648
0,8.458102226257324,5.244383335113525
0,8.452081680297852,5.222797393798828
0,8.315790176391602,5.191239356994629
0,8.261409759521484,5.223368167877197
0,8.1995210647583,5.112155914306641
0,8.22189712524414,5.093244552612305
0,8.21685791015625,5.093421936035156
0,8.233257293701172,5.028339862823486
0,8.167190551757812,5.069400787353516
0,8.314651489257812,5.149750709533691
0,8.215765953063965,5.080554008483887
0,8.280505180358887,5.229266166687012
0,8.153374671936035,5.129485130310059
0,8.488818168640137,5.200737953186035
0,8.1407470703125,5.101248264312744
0,8.169325828552246,5.099067687988281
0,8.079297065734863,5.007220268249512
0,8.022074699401855,5.028663635253906
0,8.069735527038574,5.0028886795043945
0,8.141593933105469,5.08608341217041
0,8.189703941345215,5.180676460266113
0,8.117680549621582,5.1445112228393555
0,8.22795295715332,5.174982070922852
0,8.295755386352539,5.321004867553711
0,8.016645431518555,5.206480503082275
0,8.172829627990723,5.199826717376709
0,7.774632453918457,5.036102294921875
0,7.832237720489502,5.072506904602051
0,7.728121280670166,4.993813514709473
0,7.755499362945557,5.028191566467285
0,7.764375686645508,5.048199653625488
0,7.790356636047363,5.0128021240234375
0,7.790356636047363,5.0128021240234375
0,7.720941066741943,5.016451358795166
0,7.720941066741943,5.016451358795166
0,7.881720066070557,5.060288429260254
0,7.881720066070557,5.060288429260254
0,7.8348894119262695,5.088044166564941
0,7.8348894119262695,5.088044166564941
0,7.679009914398193,4.9819512367248535
0,7.679009914398193,4.9819512367248535
0,8.030747413635254,5.111669063568115
0,8.021880149841309,5.029581069946289
0,8.021381378173828,5.0766215324401855
0,7.984102725982666,5.046858310699463
0,7.959621906280518,5.044346332550049
0,8.071634292602539,5.175016403198242
0,8.24227237701416,5.274470329284668
0,8.01640796661377,5.178454399108887
0,8.165436744689941,5.216257095336914
0,7.964915752410889,5.165078639984131
0,8.045074462890625,5.143648624420166
0,7.897668361663818,5.063201904296875
0,7.852799415588379,5.091248512268066
0,7.896534442901611,5.081389427185059
0,7.980745792388916,5.061807632446289
0,8.106884002685547,5.14434814453125
0,7.998511791229248,5.130164623260498
0,8.115213394165039,5.1733245849609375
0,7.997683525085449,5.124335289001465
0,8.010209083557129,5.125527858734131
0,7.925032615661621,5.150605201721191
0,7.890283107757568,5.153835296630859
0,7.950415134429932,5.11351203918457
0,7.89314603805542,5.005557060241699
0,7.951792240142822,5.09984016418457
0,8.013556480407715,5.150595664978027
0,7.946296215057373,5.128899574279785
0,7.91517972946167,5.121405601501465
0,7.976755142211914,5.092705726623535
0,8.016879081726074,5.122887134552002
0,7.974194526672363,5.1184186935424805
0,7.8472700119018555,4.991355895996094
0,7.97877311706543,5.066368103027344
0,7.854239463806152,5.055270195007324
0,7.915848255157471,5.048544406890869
0,7.925687313079834,5.0565690994262695
0,7.890859603881836,5.094322204589844
0,7.8919572830200195,5.12677001953125
0,8.031367301940918,5.233903408050537
0,7.832963943481445,5.030706882476807
0,7.602097988128662,5.036680221557617
0,7.656926155090332,5.087502479553223
0,7.563859939575195,5.021707534790039
0,7.5776686668396,5.038879871368408
0,7.607725620269775,5.06851863861084
0,7.640087604522705,5.044442176818848
0,7.640087604522705,5.044442176818848
0,7.561306476593018,5.036801815032959
0,7.561306476593018,5.036801815032959
0,7.702699661254883,5.076202869415283
0,7.702699661254883,5.076202869415283
0,7.642324924468994,5.085389137268066
0,7.642324924468994,5.085389137268066
0,7.5161356925964355,5.008162021636963
0,7.5161356925964355,5.008162021636963
0,7.682381629943848,4.999314308166504
0,7.7374587059021,5.100425720214844
0,7.846594333648682,5.053017616271973
0,7.792725563049316,5.131068706512451
0,7.748809814453125,5.0699262619018555
0,7.702077388763428,5.110593795776367
0,7.907569885253906,5.1938982009887695
0,7.942347526550293,5.2177228927612305
0,7.627912521362305,5.0843682289123535
0,7.535333156585693,5.079185962677002
0,7.628843784332275,5.0493316650390625
0,7.637943744659424,5.061802387237549
0,7.6181321144104,5.000527381896973
0,7.757872104644775,5.044769287109375
0,7.677537441253662,5.109209060668945
0,7.858100414276123,5.090759754180908
0,7.877004146575928,5.244022369384766
0,7.972421646118164,5.2873687744140625
0,7.796623706817627,5.252849578857422
0,7.75882625579834,5.202434539794922
0,7.672009468078613,5.1536712646484375
0,7.813586711883545,5.0249714851379395
0,7.599341869354248,4.9715728759765625
0,7.607271194458008,5.02158260345459
0,7.584270000457764,4.899679183959961
0,7.722858905792236,5.045821189880371
0,7.72179651260376,5.019927978515625
0,7.82243013381958,5.102696418762207
0,7.843425750732422,5.205248832702637
0,7.848665237426758,5.146489143371582
0,7.894588947296143,5.1439619064331055
0,7.789112567901611,5.033884048461914
0,7.768435478210449,5.103828430175781
0,7.625746726989746,4.998969078063965
0,7.829983234405518,5.049322128295898
0,7.792367458343506,5.010648727416992
0,7.830151557922363,5.030952453613281
0,7.780411243438721,5.022182464599609
0,7.8063836097717285,4.990830898284912
0,7.730738162994385,4.966299057006836
0,7.534266948699951,4.995789527893066
0,7.489973068237305,4.990575790405273
0,7.502198219299316,4.973837852478027
0,7.454225540161133,4.967798233032227
0,7.502808094024658,5.009546756744385
0,7.564720630645752,4.969101905822754
0,7.564720630645752,4.969101905822754
0,7.478787899017334,4.998385429382324
0,7.478787899017334,4.998385429382324
0,7.557332515716553,4.994693279266357
0,7.557332515716553,4.994693279266357
0,7.509748458862305,4.994489669799805
0,7.509748458862305,4.994489669799805
0,7.449789047241211,4.963279724121094
0,7.449789047241211,4.963279724121094
0,7.696589946746826,4.970080852508545
0,7.7046356201171875,4.994227886199951
0,7.755232810974121,5.059493541717529
0,7.907858371734619,5.168265342712402
0,7.927883148193359,5.198647499084473
0,7.883975028991699,5.09055233001709
0,7.919858932495117,5.080496311187744
0,7.833020210266113,5.107600212097168
0,7.946677207946777,5.1835222244262695
0,8.00173568725586,5.074553966522217
0,7.765721321105957,4.974147319793701
0,7.887165546417236,5.020004749298096
0,7.867680549621582,5.021814823150635
0,7.841965198516846,5.042675495147705
0,7.961450099945068,5.1370649337768555
0,7.833770751953125,5.01854944229126
0,7.786516189575195,5.005817413330078
0,7.684727668762207,4.937704086303711
0,7.805948734283447,5.097813606262207
0,7.59423828125,4.89561653137207
0,7.656244277954102,5.0031914710998535
0,7.887939929962158,5.00518274307251
0,7.81313943862915,5.157052993774414
0,7.822874546051025,5.1038055419921875
0,7.83502197265625,5.191462993621826
0,7.78678035736084,5.125186920166016
0,7.871768474578857,5.028159141540527
0,7.866109848022461,5.000964164733887
0,7.7422332763671875,5.025298118591309
0,7.579319477081299,5.061811447143555
0,7.756706714630127,5.022683620452881
0,7.762627124786377,5.092654228210449
0,7.674417018890381,5.103792190551758
0,7.675955295562744,5.0964813232421875
0,7.640977382659912,5.0494794845581055
0,7.500955581665039,4.95156192779541
0,7.594502925872803,4.950384616851807
0,7.645730018615723,4.965036392211914
0,7.818249225616455,4.993947982788086
0,7.69382905960083,4.988434791564941
0,7.557379245758057,5.025935173034668
0,7.513627052307129,5.050666332244873
0,7.580492973327637,5.013509750366211
0,7.545027256011963,5.036481857299805
0,7.577645301818848,5.07081937789917
0,7.614762783050537,5.055746078491211
0,7.614762783050537,5.055746078491211
0,7.505070209503174,5.0591278076171875
0,7.505070209503174,5.0591278076171875
0,7.634510517120361,5.0332841873168945
0,7.634510517120361,5.0332841873168945
0,7.581406116485596,5.074904441833496
0,7.581406116485596,5.074904441833496
0,7.456428527832031,5.0189948081970215
0,7.456428527832031,5.0189948081970215
0,7.771454811096191,5.08556604385376
0,7.843160152435303,5.011753082275391
0,7.912343502044678,5.100767612457275
0,7.78795862197876,5.048836708068848
0,7.767879486083984,5.074209213256836
0,7.843931674957275,5.018956184387207
0,7.7962822914123535,5.012636661529541
0,7.7357025146484375,5.0280561447143555
0,7.690052509307861,4.966670989990234
0,7.853206634521484,5.048151016235352
0,7.754103183746338,4.935140609741211
0,7.876919746398926,5.016640663146973
0,7.620072364807129,4.919244766235352
0,7.730423450469971,4.971951007843018
0,7.5864434242248535,4.923954963684082
0,7.679109573364258,5.043456077575684
0,7.627091884613037,4.942865371704102
0,7.709592342376709,5.028282642364502
0,7.694830417633057,4.943428039550781
0,7.757852077484131,5.004577159881592
0,7.854715347290039,5.055604934692383
0,7.663632392883301,5.094712257385254
0,7.843814373016357,5.04107666015625
0,7.732975006103516,5.122610092163086
0,7.7545485496521,5.108335494995117
0,7.583418846130371,4.9669060707092285
0,7.687109470367432,5.025727272033691
0,7.608631610870361,4.946290016174316
0,7.632835865020752,4.936394691467285
0,7.695136547088623,4.93889856338501
0,7.9739508628845215,5.153946399688721
0,8.15377140045166,5.1962971687316895
0,8.05284595489502,5.191486358642578
0,8.120335578918457,5.130879878997803
0,7.964526653289795,4.95037317276001
0,7.847920894622803,4.900991439819336
0,7.847832202911377,4.836273670196533
0,7.944817543029785,4.912843704223633
0,7.672552585601807,4.91956090927124
0,7.820390701293945,5.003219127655029
0,7.656578540802002,5.03592586517334
0,7.696797847747803,5.071870803833008
0,7.898377895355225,5.0648956298828125
0,7.871099472045898,5.081602573394775
0,7.844621181488037,5.069464683532715
0,7.747269630432129,5.074221611022949
0,7.747269630432129,5.074221611022949
0,7.816032886505127,5.070941925048828
0,7.816032886505127,5.070941925048828
0,7.798592567443848,5.071127414703369
0,7.798592567443848,5.071127414703369
0,7.766855716705322,5.111242771148682
0,7.766855716705322,5.111242771148682
0,7.747236251831055,5.069319725036621
0,7.747236251831055,5.069319725036621
0,8.025835037231445,5.140164375305176
0,8.00528335571289,5.1427321434021
0,8.067837715148926,5.066179275512695
0,7.760868549346924,5.005565643310547
0,7.760552883148193,4.954398155212402
0,7.78838586807251,4.91597843170166
0,7.7603678703308105,4.854719161987305
0,7.697957515716553,4.900225639343262
0,7.472330093383789,4.930408477783203
0,7.70539665222168,5.042999267578125
0,7.598165988922119,5.072071075439453
0,7.780811786651611,5.103917121887207
0,7.662839412689209,5.049810409545898
0,7.384382247924805,5.038421630859375
0,7.350191593170166,4.962810039520264
0,7.218203544616699,4.9327192306518555
0,7.343881130218506,4.868504524230957
0,7.313537120819092,4.920494079589844
0,7.202098369598389,4.884806156158447
0,7.174824237823486,4.943392753601074
0,7.235380172729492,5.034856796264648
0,7.094472408294678,5.0127410888671875
0,7.147209644317627,5.074920654296875
0,6.998278617858887,5.0128374099731445
0,6.941000461578369,4.937885284423828
0,6.901370525360107,4.974714279174805
0,6.711615562438965,4.950047492980957
0,6.758724689483643,4.974898815155029
0,6.752377033233643,4.932402610778809
0,6.703807353973389,4.919587135314941
0,6.719624042510986,4.941534996032715
0,6.811299800872803,5.004566192626953
0,6.734426021575928,4.936266899108887
0,6.894876003265381,4.9627461433410645
0,6.894731044769287,4.992658615112305
0,7.055845737457275,4.996314525604248
0,6.853227138519287,5.029027462005615
0,6.874185562133789,5.039109230041504
0,6.946051120758057,4.918783187866211
0,6.887061595916748,4.891000270843506
0,6.634875297546387,4.878229141235352
0,6.610018730163574,4.908110618591309
0,6.6489973068237305,4.871827602386475
0,6.527951240539551,4.875519275665283
0,6.610187530517578,4.901158332824707
0,6.688790321350098,4.8766889572143555
0,6.688790321350098,4.8766889572143555
0,6.552710056304932,4.8724212646484375
0,6.552710056304932,4.8724212646484375
0,6.632599353790283,4.89976692199707
0,6.632599353790283,4.89976692199707
0,6.619327545166016,4.9046478271484375
0,6.619327545166016,4.9046478271484375
0,6.548635959625244,4.856314659118652
0,6.548635959625244,4.856314659118652
0,6.720816135406494,4.899990081787109
0,6.7950005531311035,4.8324689865112305
0,6.810177803039551,4.891025543212891
0,6.842528820037842,4.938941955566406
0,6.730777740478516,4.984527587890625
0,6.807355880737305,4.997833251953125
0,6.745730400085449,5.111107349395752
0,6.922018527984619,5.01480770111084
0,6.9286112785339355,4.993121147155762
0,6.75634765625,4.946877479553223
0,6.714039325714111,4.962360382080078
0,6.713901996612549,4.920231819152832
0,6.679795742034912,4.907602310180664
0,6.696905136108398,4.976778984069824
0,6.580181121826172,4.984429359436035
0,6.723467826843262,5.039624214172363
0,6.8368120193481445,4.990884780883789
0,6.789672374725342,4.913694381713867
0,6.772085189819336,5.0339813232421875
0,6.836833477020264,4.941833019256592
0,6.774813652038574,4.870602130889893
0,6.697378635406494,4.876960277557373
0,6.698454856872559,4.856637954711914
0,6.659638404846191,4.807466506958008
0,6.539571285247803,4.823159694671631
0,6.712908744812012,4.807806015014648
0,6.556177616119385,4.838737964630127
0,6.6831793785095215,4.982831954956055
0,6.767783164978027,4.942162990570068
0,6.709299564361572,5.018689155578613
0,6.769842624664307,5.009845733642578
0,6.7477030754089355,4.994365692138672
0,6.676255702972412,4.928131103515625
0,6.756947994232178,4.8862457275390625
0,6.697786331176758,4.892518043518066
0,6.689455032348633,4.88839054107666
0,6.695441246032715,4.858410835266113
0,6.574234962463379,4.805260181427002
0,6.572720050811768,4.850449562072754
0,6.748245716094971,4.7899065017700195
0,6.492124080657959,4.854949951171875
0,6.447629451751709,4.873621940612793
0,6.52514123916626,4.846914768218994
0,6.434512138366699,4.853200435638428
0,6.468894958496094,4.8775739669799805
0,6.531885623931885,4.855205059051514
0,6.531885623931885,4.855205059051514
0,6.387236595153809,4.854362487792969
0,6.387236595153809,4.854362487792969
0,6.502937316894531,4.860816478729248
0,6.502937316894531,4.860816478729248
0,6.522707939147949,4.8880510330200195
0,6.522707939147949,4.8880510330200195
0,6.39446496963501,4.840264320373535
0,6.39446496963501,4.840264320373535
0,6.680988788604736,4.876923084259033
0,6.754299640655518,4.897401809692383
0,6.673358917236328,4.891266822814941
0,6.639816761016846,4.949825286865234
0,6.5930399894714355,4.9043965339660645
0,6.76047945022583,5.015634536743164
0,6.704026222229004,5.064684867858887
0,6.831603050231934,4.9792938232421875
0,6.710430145263672,4.962268829345703
0,6.6942853927612305,4.946562767028809
0,6.755167484283447,4.893751621246338
0,6.687135219573975,4.847111701965332
0,6.470395565032959,4.816523551940918
0,6.31666898727417,4.836604118347168
0,6.594967365264893,4.818251609802246
0,6.659538745880127,4.834461688995361
0,6.557717323303223,4.9543304443359375
0,6.412159442901611,4.920371055603027
0,6.530537128448486,4.955760955810547
0,6.589269638061523,4.915319442749023
0,6.626437187194824,4.969985008239746
0,6.408064365386963,4.892519474029541
0,6.544521808624268,4.856049537658691
0,6.404678821563721,4.873540878295898
0,6.475831031799316,4.764565467834473
0,6.470419406890869,4.756274223327637
0,6.6299238204956055,4.811734199523926
0,6.5393524169921875,4.828103065490723
0,6.5396552085876465,4.846019744873047
0,6.670439720153809,4.964341163635254
0,6.488511562347412,4.9580254554748535
0,6.6302666664123535,4.970364093780518
0,6.518004417419434,4.979120254516602
0,6.7375102043151855,4.9359588623046875
0,6.544058322906494,4.844968318939209
0,6.423516750335693,4.815717697143555
0,6.656347274780273,4.774590969085693
0,6.6078691482543945,4.807023048400879
0,6.491687297821045,4.8060503005981445
0,6.405271053314209,4.791855812072754
0,6.51779317855835,4.9105987548828125
0,6.399753093719482,4.923450469970703
0,6.476914882659912,4.887598037719727
0,6.388528823852539,4.898165702819824
0,6.43479585647583,4.925083160400391
0,6.493856906890869,4.888731956481934
0,6.493856906890869,4.888731956481934
0,6.34964656829834,4.897823333740234
0,6.34964656829834,4.897823333740234
0,6.47686243057251,4.923178195953369
0,6.47686243057251,4.923178195953369
0,6.49683952331543,4.934889793395996
0,6.49683952331543,4.934889793395996
0,6.327572822570801,4.8774847984313965
0,6.327572822570801,4.8774847984313965
0,6.683719635009766,4.919160842895508
0,6.633232593536377,4.971238613128662
0,6.684999465942383,4.976511001586914
0,6.591257095336914,4.9281768798828125
0,6.502259731292725,4.886126518249512
0,6.603683948516846,4.874676704406738
0,6.5181684494018555,4.800899505615234
0,6.483940124511719,4.853827953338623
0,6.667801856994629,4.887449264526367
0,6.6794209480285645,4.9264750480651855
0,6.554617404937744,4.803556442260742
0,6.6881585121154785,4.901060104370117
0,6.637773513793945,4.881993770599365
0,6.549377918243408,4.847958564758301
0,6.473757743835449,4.828446388244629
0,6.638396263122559,4.828083038330078
0,6.697578430175781,4.874479293823242
0,6.75504207611084,4.836156368255615
0,6.628670692443848,4.9484782218933105
0,6.613687038421631,4.869601726531982
0,6.6890387535095215,4.860633373260498
0,6.554504871368408,4.8008317947387695
0,6.266971588134766,4.774596691131592
0,6.3907270431518555,4.829743385314941
0,6.4810051918029785,4.785484790802002
0,6.414140224456787,4.835588455200195
0,6.524971008300781,4.837934494018555
0,6.344973564147949,4.92185115814209
0,6.4220290184021,4.831760883331299
0,6.389955520629883,4.868797302246094
0,6.432409286499023,4.974359512329102
0,6.418030738830566,4.9171648025512695
0,6.361421585083008,4.878164291381836
0,6.281861305236816,4.875
0,6.257028579711914,4.842761039733887
0,6.159485340118408,4.824794292449951
0,6.311257362365723,4.810155391693115
0,6.076735496520996,4.75730562210083
0,6.11622953414917,4.80052375793457
0,6.308171272277832,4.831343650817871
0,6.051242828369141,4.816418647766113
0,5.943825721740723,4.833103179931641
0,6.01889181137085,4.807943344116211
0,5.9512410163879395,4.826072692871094
0,5.95780086517334,4.837589740753174
0,6.019472122192383,4.804224967956543
0,6.019472122192383,4.804224967956543
0,5.897689342498779,4.821901321411133
0,5.897689342498779,4.821901321411133
0,6.045569896697998,4.84981107711792
0,6.045569896697998,4.84981107711792
0,6.0272603034973145,4.850002288818359
0,6.0272603034973145,4.850002288818359
0,5.857851028442383,4.802370071411133
0,5.857851028442383,4.802370071411133
0,6.251556873321533,4.896820068359375
0,6.305852890014648,4.791182041168213
0,6.188891410827637,4.858757972717285
0,6.003162860870361,4.789282321929932
0,6.158998489379883,4.838142395019531
0,6.288498401641846,4.842355728149414
0,6.194648742675781,4.825383186340332
0,6.253546714782715,4.866094589233398
0,6.2623419761657715,4.847756385803223
0,6.211482048034668,4.854165077209473
0,6.178147792816162,4.831439971923828
0,6.155930042266846,4.8084211349487305
0,6.224984169006348,4.784074783325195
0,6.223148345947266,4.826714515686035
0,6.147665500640869,4.811565399169922
0,6.209235191345215,4.831136226654053
0,6.208934783935547,4.818888187408447
0,6.2268548011779785,4.806694030761719
0,6.097569942474365,4.785773277282715
0,6.003345966339111,4.769706726074219
0,6.1009016036987305,4.828390598297119
0,6.109659194946289,4.762901306152344
0,6.429683208465576,4.7987775802612305
0,6.163135528564453,4.848537445068359
0,6.120805263519287,4.812265396118164
0,6.371574878692627,4.785527229309082
0,6.255592346191406,4.741823196411133
0,6.29797887802124,4.850526809692383
0,6.262675762176514,4.814489841461182
0,6.125241756439209,4.876612663269043
0,6.142505168914795,4.739168167114258
0,6.266086578369141,4.789497375488281
0,6.118826389312744,4.8037190437316895
0,6.036428928375244,4.861750602722168
0,6.035889625549316,4.821927070617676
0,6.161118507385254,4.828600883483887
0,6.098531723022461,4.856782913208008
0,6.325113773345947,4.852169036865234
0,6.206624507904053,4.855419158935547
0,6.329730033874512,4.764512062072754
0,6.175671577453613,4.762360572814941
0,6.0564494132995605,4.7740583419799805
0,6.124195575714111,4.7547831535339355
0,6.0140061378479,4.750577926635742
0,6.049985408782959,4.7720046043396
0,6.119496822357178,4.782634735107422
0,6.119496822357178,4.782634735107422
0,5.970987796783447,4.775883674621582
0,5.970987796783447,4.775883674621582
0,6.147385120391846,4.780462265014648
0,6.147385120391846,4.780462265014648
0,6.13297700881958,4.802648544311523
0,6.13297700881958,4.802648544311523
0,5.91982364654541,4.751036643981934
0,5.91982364654541,4.751036643981934
0,6.197197914123535,4.857772350311279
0,6.214763641357422,4.752597808837891
0,6.392154693603516,4.718080043792725
0,6.326124668121338,4.75197696685791
0,6.3577446937561035,4.757968902587891
0,6.272966384887695,4.784884929656982
0,6.34031343460083,4.829938888549805
0,6.290019989013672,4.806382179260254
0,6.310596466064453,4.848636627197266
0,6.331620693206787,4.733903408050537
0,6.3142571449279785,4.749383449554443
0,6.312229156494141,4.78183650970459
0,6.171270847320557,4.737976551055908
0,6.241568088531494,4.737585544586182
0,6.267458915710449,4.8289079666137695
0,6.17247200012207,4.824392795562744
0,6.194749355316162,4.808903217315674
0,6.33496618270874,4.81873083114624
0,6.129208564758301,4.766475200653076
0,6.0863037109375,4.756725311279297
0,6.138268947601318,4.833959579467773
0,6.072392463684082,4.762494087219238
0,5.980536937713623,4.801796913146973
0,5.966109275817871,4.847540855407715
0,6.363521575927734,4.872737884521484
0,6.353053092956543,4.871878623962402
0,6.114055633544922,4.74351692199707
0,6.0801615715026855,4.821719169616699
0,5.916545867919922,4.712782382965088
0,6.195521354675293,4.747039318084717
0,6.054245948791504,4.751580238342285
0,6.184420585632324,4.781404495239258
0,6.304540157318115,4.804473876953125
0,6.207003116607666,4.761238098144531
0,6.178377151489258,4.822734355926514
0,5.9468536376953125,4.767343521118164
0,5.9905219078063965,4.891819953918457
0,6.021176338195801,4.833405494689941
0,5.933386325836182,4.809326171875
0,6.113873481750488,4.787158966064453
0,5.923268795013428,4.7841644287109375
0,5.7487473487854,4.7904863357543945
0,5.844831943511963,4.761811256408691
0,5.744660377502441,4.775003433227539
0,5.780397891998291,4.794374942779541
0,5.793806552886963,4.7468671798706055
0,5.793806552886963,4.7468671798706055
0,5.669158935546875,4.757575035095215
0,5.669158935546875,4.757575035095215
0,5.875946044921875,4.814064025878906
0,5.875946044921875,4.814064025878906
0,5.8362298011779785,4.807340621948242
0,5.8362298011779785,4.807340621948242
0,5.615964889526367,4.743626594543457
0,5.615964889526367,4.743626594543457
0,5.819336891174316,4.7288007736206055
0,5.955117225646973,4.782039165496826
0,5.883552551269531,4.734024524688721
0,5.863381385803223,4.7336506843566895
0,5.968163967132568,4.698019981384277
0,6.034013748168945,4.720104217529297
0,5.872894287109375,4.76073694229126
0,6.048711776733398,4.807202339172363
0,6.091457843780518,4.744948863983154
0,5.945992469787598,4.798000335693359
0,6.180495738983154,4.7750654220581055
0,5.9955925941467285,4.775617599487305
0,6.192020893096924,4.7216010093688965
0,6.117674827575684,4.72220516204834
0,6.1792402267456055,4.759438514709473
0,6.136526584625244,4.697481155395508
0,5.988906383514404,4.755257606506348
0,6.134876728057861,4.784981727600098
0,6.257368564605713,4.88436222076416
0,6.192302703857422,4.7658162117004395
0,6.194023609161377,4.754659175872803
0,6.141455173492432,4.7154541015625
0,6.147627353668213,4.668527603149414
0,6.148349761962891,4.671939373016357
0,6.286691188812256,4.727930068969727
0,6.231266021728516,4.741851329803467
0,6.182990550994873,4.767400741577148
0,6.115123271942139,4.8548078536987305
0,6.240516185760498,4.921655178070068
0,6.080739498138428,4.826994895935059
0,6.156696319580078,4.786646366119385
0,6.240907669067383,4.825554847717285
0,6.177533149719238,4.738881587982178
0,6.432045936584473,4.710909843444824
0,6.324723720550537,4.715332508087158
0,6.076113224029541,4.7243452072143555
0,6.157186985015869,4.728812217712402
0,6.164715766906738,4.677321434020996
0,6.459480285644531,4.719422340393066
0,6.30183219909668,4.711248874664307
0,6.2282586097717285,4.766514301300049
0,6.074875354766846,4.76853084564209
0,6.168294429779053,4.744702339172363
0,6.0524139404296875,4.762477397918701
0,6.080875873565674,4.76370096206665
0,6.1214919090271,4.789156913757324
0,6.1214919090271,4.789156913757324
0,5.9796295166015625,4.773160457611084
0,5.9796295166015625,4.773160457611084
0,6.193090438842773,4.77370548248291
0,6.193090438842773,4.77370548248291
0,6.182591438293457,4.8202972412109375
0,6.182591438293457,4.8202972412109375
0,5.922145843505859,4.753723621368408
0,5.922145843505859,4.753723621368408
0,6.260692596435547,4.842206954956055
0,6.232669830322266,4.788809776306152
0,6.486038684844971,4.798068046569824
0,6.241932392120361,4.731488227844238
0,6.2047929763793945,4.754275321960449
0,6.446767807006836,4.744775772094727
0,6.2950005531311035,4.7156662940979
0,6.267795562744141,4.707308769226074
0,6.281320571899414,4.6907148361206055
0,6.142459869384766,4.745786190032959
0,6.254114627838135,4.73945426940918
0,6.196666717529297,4.751534461975098
0,6.205186367034912,4.771668434143066
0,6.244957447052002,4.806173801422119
0,6.525376319885254,4.908698081970215
0,6.303077697753906,4.752721786499023
0,6.458543300628662,4.704806327819824
0,6.3234782218933105,4.6699981689453125
0,6.297590732574463,4.685041427612305
0,6.285240650177002,4.681754112243652
0,6.31832218170166,4.692139625549316
0,6.1694865226745605,4.730776786804199
0,6.1580305099487305,4.703056335449219
0,6.433282375335693,4.677620887756348
0,6.351428508758545,4.729378700256348
0,6.271980285644531,4.718059539794922
0,6.036794662475586,4.7062225341796875
0,6.02487325668335,4.683260917663574
0,6.204909324645996,4.699281692504883
0,6.162235736846924,4.743725776672363
0,5.987552165985107,4.646381378173828
0,5.948269844055176,4.672200679779053
0,6.122669219970703,4.713555335998535
0,6.142270088195801,4.638962268829346
0,6.127143859863281,4.707520961761475
0,6.188462734222412,4.768086910247803
0,6.0981364250183105,4.751908302307129
0,6.200472831726074,4.737949848175049
0,6.415765285491943,4.700003623962402
0,6.021633148193359,4.686944484710693
0,6.0834856033325195,4.6806511878967285
0,5.948060035705566,4.6855363845825195
0,6.026799201965332,4.677447319030762
0,5.907464504241943,4.666575908660889
0,5.947389602661133,4.701906681060791
0,5.9693474769592285,4.672741889953613
0,5.9693474769592285,4.672741889953613
0,5.843225002288818,4.680778503417969
