layer,output_norm,yd_emb_norm
2,15.449649810791016,3.322080135345459
2,21.80635643005371,4.2837653160095215
2,20.084312438964844,3.5249977111816406
2,23.382362365722656,3.5002894401550293
2,23.470346450805664,3.354990005493164
2,24.584716796875,3.2774839401245117
2,24.720321655273438,3.2452938556671143
2,25.550622940063477,3.2438786029815674
2,26.660282135009766,3.2428202629089355
2,27.9810791015625,3.24127197265625
2,28.724550247192383,3.2402806282043457
2,29.24478530883789,3.2400121688842773
2,30.030040740966797,3.239527940750122
2,30.981571197509766,3.2389516830444336
2,30.75571632385254,3.2385265827178955
2,31.68125343322754,3.23822021484375
2,32.137874603271484,3.2374918460845947
2,32.653324127197266,3.237011671066284
2,33.18746566772461,3.236607074737549
2,34.761741638183594,3.236711263656616
2,33.88124465942383,3.2358150482177734
2,33.75105285644531,3.2357373237609863
2,33.98536682128906,3.2363646030426025
2,34.17780685424805,3.235960006713867
2,33.20074462890625,3.235093832015991
2,33.043121337890625,3.235260248184204
2,32.73628234863281,3.2358527183532715
2,31.725383758544922,3.235701560974121
2,31.949859619140625,3.2350316047668457
2,31.478620529174805,3.2345149517059326
2,30.719623565673828,3.2346856594085693
2,30.651765823364258,3.235281467437744
2,31.10143280029297,3.2353644371032715
2,29.506895065307617,3.2349061965942383
2,29.663930892944336,3.234452724456787
2,30.252811431884766,3.234532117843628
2,30.4669189453125,3.2349843978881836
2,30.50489044189453,3.2354466915130615
2,30.45136260986328,3.2356960773468018
2,30.565019607543945,3.2357189655303955
2,29.376081466674805,3.235691785812378
2,29.327821731567383,3.235691785812378
2,29.259044647216797,3.235691785812378
2,29.350881576538086,3.235691785812378
2,29.62187385559082,3.235692024230957
2,29.546262741088867,3.235691785812378
2,29.546262741088867,3.235691785812378
2,29.509855270385742,3.235691785812378
2,29.509855270385742,3.235691785812378
2,29.31343650817871,3.235691785812378
2,29.31343650817871,3.235691785812378
2,29.436376571655273,3.235691785812378
2,29.436376571655273,3.235691785812378
2,29.67767906188965,3.235691785812378
2,29.67767906188965,3.235691785812378
2,30.249467849731445,3.235691785812378
2,29.271055221557617,3.2357306480407715
2,29.385875701904297,3.2358238697052
2,29.130779266357422,3.23598575592041
2,28.330141067504883,3.236163854598999
2,28.872604370117188,3.236351728439331
2,27.899003982543945,3.2364661693573
2,28.320390701293945,3.2365105152130127
2,28.071063995361328,3.236497163772583
2,28.218217849731445,3.2364563941955566
2,28.28528594970703,3.2363390922546387
2,27.43098258972168,3.236199378967285
2,26.934986114501953,3.236091375350952
2,27.24781036376953,3.2359495162963867
2,28.067312240600586,3.2357864379882812
2,28.239238739013672,3.2357029914855957
2,29.061891555786133,3.235629081726074
2,29.45078468322754,3.235570192337036
2,30.547460556030273,3.235490322113037
2,29.697519302368164,3.2353873252868652
2,30.25437355041504,3.235321521759033
2,30.028568267822266,3.2352373600006104
2,30.551918029785156,3.2351388931274414
2,29.92601203918457,3.23504900932312
2,29.598684310913086,3.234968662261963
2,30.260786056518555,3.2348737716674805
2,29.054893493652344,3.234799385070801
2,29.318645477294922,3.2347278594970703
2,29.44746971130371,3.2346837520599365
2,29.24782943725586,3.234630823135376
2,29.497385025024414,3.2345798015594482
2,29.352069854736328,3.2345147132873535
2,29.16763687133789,3.2344720363616943
2,30.15396499633789,3.2343811988830566
2,29.94304084777832,3.2342569828033447
2,29.63512420654297,3.2341105937957764
2,29.74622917175293,3.2339401245117188
2,29.685544967651367,3.2337796688079834
2,29.6451416015625,3.2336206436157227
2,29.936969757080078,3.233483076095581
2,28.658357620239258,3.2333595752716064
2,28.684833526611328,3.2333595752716064
2,28.916954040527344,3.2333595752716064
2,29.15442657470703,3.2333595752716064
2,29.303607940673828,3.2333600521087646
2,29.045555114746094,3.2333595752716064
2,29.045555114746094,3.2333595752716064
2,29.296241760253906,3.2333595752716064
2,29.296241760253906,3.2333595752716064
2,28.800920486450195,3.2333595752716064
2,28.800920486450195,3.2333595752716064
2,28.814834594726562,3.2333595752716064
2,28.814834594726562,3.2333595752716064
2,29.43252182006836,3.2333595752716064
2,29.43252182006836,3.2333595752716064
2,29.8096923828125,3.2333595752716064
2,28.55453872680664,3.233269214630127
2,29.71860694885254,3.233184814453125
2,29.670495986938477,3.2330777645111084
2,29.769269943237305,3.2329399585723877
2,30.31287956237793,3.232781171798706
2,29.898700714111328,3.2326090335845947
2,29.59224510192871,3.232438325881958
2,29.975290298461914,3.232316017150879
2,29.432411193847656,3.2322587966918945
2,29.416086196899414,3.232213020324707
2,29.925901412963867,3.232171058654785
2,29.817520141601562,3.232118844985962
2,29.40837860107422,3.2320621013641357
2,29.206451416015625,3.231934070587158
2,29.101200103759766,3.2317473888397217
2,29.422895431518555,3.231567859649658
2,29.395864486694336,3.2314000129699707
2,29.439523696899414,3.231247901916504
2,28.950485229492188,3.2311275005340576
2,29.82291603088379,3.2310190200805664
2,28.940168380737305,3.2309014797210693
2,29.106740951538086,3.2308075428009033
2,30.147411346435547,3.2307255268096924
2,30.2978572845459,3.230632781982422
2,29.52090072631836,3.2305333614349365
2,29.649229049682617,3.2304012775421143
2,29.59661293029785,3.2302353382110596
2,29.244651794433594,3.2300851345062256
2,29.17087173461914,3.2299139499664307
2,28.84575653076172,3.2297885417938232
2,30.187849044799805,3.2296760082244873
2,29.804729461669922,3.229567050933838
2,29.194677352905273,3.2294559478759766
2,29.409706115722656,3.2293477058410645
2,29.434005737304688,3.229224681854248
2,29.92350959777832,3.229085922241211
2,30.17722511291504,3.2289340496063232
2,29.814088821411133,3.2287826538085938
2,29.501754760742188,3.2285916805267334
2,28.504243850708008,3.2283921241760254
2,28.571868896484375,3.2283921241760254
2,28.52104949951172,3.2283921241760254
2,28.890045166015625,3.2283921241760254
2,28.962114334106445,3.2283921241760254
2,28.823089599609375,3.2283921241760254
2,28.823089599609375,3.2283921241760254
2,28.92640495300293,3.2283921241760254
2,28.92640495300293,3.2283921241760254
2,28.630146026611328,3.2283921241760254
2,28.630146026611328,3.2283921241760254
2,28.778602600097656,3.2283921241760254
2,28.778602600097656,3.2283921241760254
2,29.018651962280273,3.2283921241760254
2,29.018651962280273,3.2283921241760254
2,29.347122192382812,3.2283921241760254
2,28.908788681030273,3.2281811237335205
2,29.050052642822266,3.227992534637451
2,29.610292434692383,3.227839231491089
2,29.872577667236328,3.227708578109741
2,29.323884963989258,3.2275967597961426
2,28.435688018798828,3.2274961471557617
2,28.543142318725586,3.2273740768432617
2,29.011390686035156,3.227242946624756
2,29.264362335205078,3.22709321975708
2,29.196868896484375,3.2269341945648193
2,29.626985549926758,3.2267465591430664
2,28.597429275512695,3.2265682220458984
2,29.024188995361328,3.2263906002044678
2,28.69670295715332,3.226223945617676
2,29.28384780883789,3.2260825634002686
2,29.67625617980957,3.2259411811828613
2,29.014301300048828,3.2258048057556152
2,28.6058349609375,3.2256686687469482
2,28.44657325744629,3.2255163192749023
2,28.221731185913086,3.2253494262695312
2,28.95001220703125,3.2251644134521484
2,29.100324630737305,3.224975824356079
2,29.344919204711914,3.22477650642395
2,28.593461990356445,3.2245776653289795
2,28.527984619140625,3.2244162559509277
2,28.682876586914062,3.224273204803467
2,29.268943786621094,3.2241177558898926
2,29.108779907226562,3.22397518157959
2,29.540199279785156,3.2238407135009766
2,29.285755157470703,3.2237234115600586
2,28.92185401916504,3.223583936691284
2,28.60496711730957,3.2234103679656982
2,28.375267028808594,3.2231993675231934
2,29.067798614501953,3.2229714393615723
2,29.026264190673828,3.2226998805999756
2,28.450824737548828,3.222421884536743
2,28.682722091674805,3.222160816192627
2,28.32456398010254,3.221980571746826
2,28.333900451660156,3.221853256225586
2,27.467304229736328,3.221726417541504
2,27.561479568481445,3.221726417541504
2,27.554481506347656,3.221726417541504
2,27.832120895385742,3.221726417541504
2,27.963218688964844,3.221726655960083
2,27.806371688842773,3.221726417541504
2,27.806371688842773,3.221726417541504
2,27.826265335083008,3.221726417541504
2,27.826265335083008,3.221726417541504
2,27.640878677368164,3.221726417541504
2,27.640878677368164,3.221726417541504
2,27.7745361328125,3.221726417541504
2,27.7745361328125,3.221726417541504
2,27.99637222290039,3.221726417541504
2,27.99637222290039,3.221726417541504
2,28.012453079223633,3.221726417541504
2,28.021366119384766,3.2216196060180664
2,27.63843536376953,3.221506118774414
2,28.070234298706055,3.2214133739471436
2,28.338897705078125,3.221292495727539
2,28.000999450683594,3.2211289405822754
2,27.98712158203125,3.2209548950195312
2,28.118833541870117,3.2207889556884766
2,28.18194007873535,3.220632791519165
2,27.766868591308594,3.2204701900482178
2,27.637819290161133,3.2202982902526855
2,27.85254669189453,3.2201273441314697
2,27.95906639099121,3.220000743865967
2,28.734880447387695,3.2198538780212402
2,29.073619842529297,3.219727039337158
2,28.44941520690918,3.2195942401885986
2,28.386444091796875,3.2194318771362305
2,28.528114318847656,3.2192294597625732
2,28.108596801757812,3.2190213203430176
2,27.808025360107422,3.218813896179199
2,28.24123764038086,3.2185893058776855
2,28.187835693359375,3.2183678150177
2,28.104442596435547,3.2181854248046875
2,28.39329719543457,3.2180018424987793
2,27.643783569335938,3.2178115844726562
2,27.153579711914062,3.2176263332366943
2,27.334484100341797,3.2174530029296875
2,28.123092651367188,3.2172865867614746
2,28.53748893737793,3.2171316146850586
2,28.419727325439453,3.216977119445801
2,28.262237548828125,3.216799736022949
2,27.89678382873535,3.2166287899017334
2,27.895490646362305,3.2164576053619385
2,28.547826766967773,3.2162647247314453
2,28.97647476196289,3.216045618057251
2,28.53044319152832,3.215820789337158
2,27.80306053161621,3.215573787689209
2,27.797426223754883,3.2153308391571045
2,27.000263214111328,3.215082883834839
2,27.374055862426758,3.214838981628418
2,26.386917114257812,3.214606523513794
2,26.54602813720703,3.214606523513794
2,26.385356903076172,3.214606523513794
2,26.652925491333008,3.214606523513794
2,26.748456954956055,3.214607000350952
2,26.542348861694336,3.214606523513794
2,26.542348861694336,3.214606523513794
2,26.532001495361328,3.214606523513794
2,26.532001495361328,3.214606523513794
2,26.59859275817871,3.214606523513794
2,26.59859275817871,3.214606523513794
2,26.63417625427246,3.214606523513794
2,26.63417625427246,3.214606523513794
2,26.64809799194336,3.214606523513794
2,26.64809799194336,3.214606523513794
2,26.78714942932129,3.214606523513794
2,26.822948455810547,3.2143633365631104
2,27.350040435791016,3.2141716480255127
2,27.416837692260742,3.213986396789551
2,27.28290557861328,3.213825225830078
2,26.629236221313477,3.2136728763580322
2,26.77197265625,3.2135159969329834
2,26.781383514404297,3.2133681774139404
2,27.12969970703125,3.213200569152832
2,26.811986923217773,3.2130117416381836
2,27.772764205932617,3.2128241062164307
2,27.895341873168945,3.21266508102417
2,27.718891143798828,3.2124884128570557
2,26.89832878112793,3.2122855186462402
2,26.729782104492188,3.212067127227783
2,26.264354705810547,3.211839199066162
2,26.48177719116211,3.211611747741699
2,27.05626106262207,3.2114038467407227
2,27.157386779785156,3.2112069129943848
2,27.21687126159668,3.2110283374786377
2,26.932910919189453,3.210866928100586
2,26.79574203491211,3.2106964588165283
2,26.08965301513672,3.210526704788208
2,26.31753921508789,3.2103450298309326
2,26.647096633911133,3.210148334503174
2,26.612701416015625,3.209942102432251
2,26.336990356445312,3.209712028503418
2,26.34043312072754,3.2094955444335938
2,26.248146057128906,3.209265947341919
2,26.006540298461914,3.209040880203247
2,26.114561080932617,3.208829641342163
2,25.94820213317871,3.208615303039551
2,26.336763381958008,3.208432197570801
2,26.76523208618164,3.2082512378692627
2,26.769824981689453,3.208089828491211
2,26.562707901000977,3.207918882369995
2,26.46706199645996,3.207725763320923
2,26.300453186035156,3.207524299621582
2,26.113506317138672,3.2072925567626953
2,25.88775634765625,3.2070746421813965
2,25.532638549804688,3.206839084625244
2,25.77692222595215,3.206839084625244
2,25.55000114440918,3.206839084625244
2,25.846500396728516,3.206839084625244
2,25.911226272583008,3.206839084625244
2,25.65839385986328,3.206839084625244
2,25.65839385986328,3.206839084625244
2,25.608278274536133,3.206839084625244
2,25.608278274536133,3.206839084625244
2,25.87104606628418,3.206839084625244
2,25.87104606628418,3.206839084625244
2,25.85472297668457,3.206839084625244
2,25.85472297668457,3.206839084625244
2,25.71013832092285,3.206839084625244
2,25.71013832092285,3.206839084625244
2,26.127857208251953,3.206839084625244
2,26.17322540283203,3.206601858139038
2,26.710979461669922,3.206355333328247
2,26.483232498168945,3.2060956954956055
2,26.041149139404297,3.2058475017547607
2,26.124832153320312,3.2055938243865967
2,25.810400009155273,3.2053134441375732
2,25.888683319091797,3.2050387859344482
2,25.609527587890625,3.204768419265747
2,26.50957489013672,3.2045209407806396
2,26.2922420501709,3.2042930126190186
2,26.615745544433594,3.204038619995117
2,26.431537628173828,3.2038090229034424
2,26.473695755004883,3.203550100326538
2,25.866403579711914,3.2032783031463623
2,26.00402069091797,3.2029876708984375
2,25.575746536254883,3.2027015686035156
2,25.835384368896484,3.202442169189453
2,25.606843948364258,3.2021708488464355
2,25.49485969543457,3.201899290084839
2,25.725414276123047,3.2016637325286865
2,25.56473159790039,3.2014272212982178
2,25.638338088989258,3.2012224197387695
2,25.665802001953125,3.2010276317596436
2,25.489044189453125,3.200824737548828
2,25.877933502197266,3.200634002685547
2,26.026897430419922,3.2004482746124268
2,26.080663681030273,3.2002594470977783
2,25.894729614257812,3.2000575065612793
2,26.01544189453125,3.199866533279419
2,26.021181106567383,3.199647903442383
2,26.243877410888672,3.199415683746338
2,25.843969345092773,3.1991474628448486
2,25.867231369018555,3.1988866329193115
2,26.13725471496582,3.198639392852783
2,26.022558212280273,3.1984171867370605
2,26.202960968017578,3.1981916427612305
2,26.283864974975586,3.197957754135132
2,26.216541290283203,3.1977171897888184
2,26.075490951538086,3.1974477767944336
2,25.243520736694336,3.1971805095672607
2,25.49051856994629,3.1971805095672607
2,25.291128158569336,3.1971805095672607
2,25.52303695678711,3.1971805095672607
2,25.638154983520508,3.19718074798584
2,25.335519790649414,3.1971805095672607
2,25.335519790649414,3.1971805095672607
2,25.274478912353516,3.1971805095672607
2,25.274478912353516,3.1971805095672607
2,25.582365036010742,3.1971805095672607
2,25.582365036010742,3.1971805095672607
2,25.53670310974121,3.1971805095672607
2,25.53670310974121,3.1971805095672607
2,25.419527053833008,3.1971805095672607
2,25.419527053833008,3.1971805095672607
2,25.631004333496094,3.1971805095672607
2,25.841167449951172,3.196948289871216
2,25.96588706970215,3.1966750621795654
2,26.098644256591797,3.196396827697754
2,26.053789138793945,3.196129322052002
2,26.48082160949707,3.1958677768707275
2,26.457286834716797,3.1956071853637695
2,25.930246353149414,3.195359468460083
2,26.29812240600586,3.1951019763946533
2,26.289365768432617,3.194845676422119
2,26.019636154174805,3.1945934295654297
2,25.856042861938477,3.1943488121032715
2,26.167400360107422,3.1940853595733643
2,26.416584014892578,3.1938278675079346
2,26.475120544433594,3.1935648918151855
2,26.4320068359375,3.193307399749756
2,26.172313690185547,3.1930391788482666
2,25.869535446166992,3.1927337646484375
2,25.814517974853516,3.1924853324890137
2,25.728294372558594,3.1922457218170166
2,25.424039840698242,3.1920018196105957
2,26.030555725097656,3.1917757987976074
2,26.190332412719727,3.191559076309204
2,26.15481185913086,3.1913692951202393
2,25.744670867919922,3.1911706924438477
2,26.113004684448242,3.1909711360931396
2,26.12171173095703,3.1907801628112793
2,26.482271194458008,3.190587043762207
2,26.52798080444336,3.190385341644287
2,26.19398307800293,3.190133571624756
2,25.866539001464844,3.1898815631866455
2,25.762189865112305,3.1895933151245117
2,25.950132369995117,3.1892621517181396
2,26.022897720336914,3.188969850540161
2,26.388275146484375,3.18868088722229
2,26.165332794189453,3.18837571144104
2,25.94578742980957,3.1880812644958496
2,25.802383422851562,3.187772035598755
2,25.004728317260742,3.187485456466675
2,25.282419204711914,3.187211275100708
2,24.881141662597656,3.1869752407073975
2,25.05231285095215,3.1869752407073975
2,24.85800552368164,3.1869752407073975
2,25.04660415649414,3.1869752407073975
2,25.211978912353516,3.1869752407073975
2,24.851707458496094,3.1869752407073975
2,24.851707458496094,3.1869752407073975
2,24.837318420410156,3.1869752407073975
2,24.837318420410156,3.1869752407073975
2,25.081188201904297,3.1869752407073975
2,25.081188201904297,3.1869752407073975
2,25.072383880615234,3.1869752407073975
2,25.072383880615234,3.1869752407073975
2,24.94198226928711,3.1869752407073975
2,24.94198226928711,3.1869752407073975
2,24.997419357299805,3.1869752407073975
2,25.742591857910156,3.1867504119873047
2,26.090150833129883,3.1865317821502686
2,26.226455688476562,3.1863155364990234
2,25.987504959106445,3.186058282852173
2,25.82253646850586,3.1858041286468506
2,25.44300079345703,3.1855242252349854
2,25.6380672454834,3.1852166652679443
2,25.165775299072266,3.1848995685577393
2,25.065946578979492,3.1845946311950684
2,25.13555335998535,3.1842641830444336
2,25.01070785522461,3.183960199356079
2,25.26487922668457,3.1836793422698975
2,25.354970932006836,3.1834490299224854
2,25.57070541381836,3.1832823753356934
2,25.42222785949707,3.1831209659576416
2,24.855133056640625,3.182941436767578
2,24.811349868774414,3.1827921867370605
2,25.414587020874023,3.1826276779174805
2,25.147998809814453,3.182400941848755
2,25.583393096923828,3.182150363922119
2,25.54181480407715,3.181885242462158
2,25.636009216308594,3.1816017627716064
2,25.72888946533203,3.1812965869903564
2,25.813739776611328,3.1809706687927246
2,25.37764549255371,3.180690050125122
2,25.027353286743164,3.1804137229919434
2,24.886438369750977,3.1801483631134033
2,24.925920486450195,3.1799111366271973
2,24.219465255737305,3.179642677307129
2,24.642078399658203,3.1793007850646973
2,24.42316246032715,3.1789627075195312
2,24.3311710357666,3.178659677505493
2,24.68535804748535,3.1783804893493652
2,25.272865295410156,3.1781580448150635
2,24.980472564697266,3.177924394607544
2,24.874488830566406,3.1776671409606934
2,24.46983528137207,3.177410125732422
2,24.474454879760742,3.1771790981292725
2,24.564756393432617,3.1769583225250244
2,24.316131591796875,3.1767218112945557
2,24.65227699279785,3.1767218112945557
2,24.319326400756836,3.1767218112945557
2,24.505863189697266,3.1767218112945557
2,24.637710571289062,3.1767218112945557
2,24.19512367248535,3.1767218112945557
2,24.19512367248535,3.1767218112945557
2,24.149721145629883,3.1767218112945557
2,24.149721145629883,3.1767218112945557
2,24.731441497802734,3.1767218112945557
2,24.731441497802734,3.1767218112945557
2,24.577245712280273,3.1767218112945557
2,24.577245712280273,3.1767218112945557
2,24.241056442260742,3.1767218112945557
2,24.241056442260742,3.1767218112945557
2,24.496328353881836,3.1767218112945557
2,24.844898223876953,3.176487445831299
2,24.791065216064453,3.1762044429779053
2,24.83095932006836,3.1759283542633057
2,24.920896530151367,3.1756367683410645
2,24.503137588500977,3.1753463745117188
2,24.88385772705078,3.1750285625457764
2,24.183231353759766,3.174699306488037
2,24.51405143737793,3.1744303703308105
2,24.578832626342773,3.1741840839385986
2,24.756248474121094,3.17393159866333
2,24.252857208251953,3.173675298690796
2,24.33163833618164,3.1734354496002197
2,24.945890426635742,3.173236131668091
2,25.51463508605957,3.1730594635009766
2,25.52674102783203,3.1728670597076416
2,25.283781051635742,3.1726338863372803
2,24.822315216064453,3.172368288040161
2,24.36145782470703,3.172064781188965
2,23.87165069580078,3.1717846393585205
2,24.530332565307617,3.1715145111083984
2,25.795141220092773,3.171257972717285
2,25.931907653808594,3.171006202697754
2,26.367809295654297,3.170743703842163
2,25.460569381713867,3.1704518795013428
2,25.08124351501465,3.1701364517211914
2,24.798648834228516,3.169764280319214
2,23.934764862060547,3.169430732727051
2,24.13373374938965,3.16910457611084
2,24.977128982543945,3.1687731742858887
2,25.476293563842773,3.1684319972991943
2,25.241008758544922,3.16808819770813
2,25.9962215423584,3.1678006649017334
2,25.653669357299805,3.16754150390625
2,25.523761749267578,3.167266368865967
2,25.6114444732666,3.1670055389404297
2,25.47825050354004,3.1668179035186768
2,25.611976623535156,3.16660475730896
2,25.73995590209961,3.1663646697998047
2,25.78891372680664,3.166088104248047
2,25.338130950927734,3.165797472000122
2,25.630727767944336,3.165797472000122
2,25.245880126953125,3.165797472000122
2,25.482852935791016,3.165797472000122
2,25.567279815673828,3.165797472000122
2,25.168838500976562,3.165797472000122
2,25.168838500976562,3.165797472000122
2,25.13142967224121,3.165797472000122
2,25.13142967224121,3.165797472000122
2,25.708181381225586,3.165797472000122
2,25.708181381225586,3.165797472000122
2,25.584806442260742,3.165797472000122
2,25.584806442260742,3.165797472000122
2,25.199363708496094,3.165797472000122
2,25.199363708496094,3.165797472000122
2,25.432035446166992,3.165797472000122
2,26.012470245361328,3.1654741764068604
2,25.736848831176758,3.165135383605957
2,25.92991065979004,3.1647982597351074
2,25.488487243652344,3.164487838745117
2,25.589313507080078,3.164186716079712
2,25.50141716003418,3.1638708114624023
2,25.093650817871094,3.1635618209838867
2,25.420387268066406,3.163250684738159
2,25.457483291625977,3.1629385948181152
2,25.100997924804688,3.162614583969116
2,24.894519805908203,3.162285566329956
2,25.11299705505371,3.1619527339935303
2,24.86328125,3.161638021469116
2,25.555103302001953,3.161346435546875
2,25.126361846923828,3.161048650741577
2,25.555002212524414,3.160756826400757
2,25.653043746948242,3.1604795455932617
2,25.506977081298828,3.1601619720458984
2,25.355154037475586,3.1598455905914307
2,25.198528289794922,3.159515857696533
2,24.750072479248047,3.159177780151367
2,24.38727569580078,3.158827781677246
2,24.757366180419922,3.158539056777954
2,24.841249465942383,3.158262252807617
2,25.820419311523438,3.158017158508301
2,25.408361434936523,3.15773344039917
2,25.50613784790039,3.157413959503174
2,25.216890335083008,3.157085418701172
2,24.747467041015625,3.1567704677581787
2,24.532466888427734,3.1564865112304688
2,24.645837783813477,3.1562275886535645
2,24.76667022705078,3.155932664871216
2,24.896081924438477,3.155625581741333
2,25.233144760131836,3.1553049087524414
2,24.865833282470703,3.1549761295318604
2,24.264671325683594,3.154632806777954
2,24.711313247680664,3.1543145179748535
2,24.273326873779297,3.154020309448242
2,24.579164505004883,3.153757333755493
2,24.189531326293945,3.1534955501556396
2,24.56865882873535,3.1534955501556396
2,24.07105255126953,3.1534955501556396
2,24.30219841003418,3.1534955501556396
2,24.34535026550293,3.1534957885742188
2,24.000988006591797,3.1534955501556396
2,24.000988006591797,3.1534955501556396
2,23.91971778869629,3.1534955501556396
2,23.91971778869629,3.1534955501556396
2,24.52716827392578,3.1534955501556396
2,24.52716827392578,3.1534955501556396
2,24.46826171875,3.1534955501556396
2,24.46826171875,3.1534955501556396
2,23.963043212890625,3.1534955501556396
2,23.963043212890625,3.1534955501556396
2,24.573183059692383,3.1534955501556396
2,24.397109985351562,3.153233289718628
2,24.739791870117188,3.152956962585449
2,23.94340705871582,3.1526455879211426
2,24.56972885131836,3.152348279953003
2,24.453523635864258,3.152095079421997
2,24.66738510131836,3.151850461959839
2,24.624656677246094,3.1515657901763916
2,24.337482452392578,3.1512327194213867
2,24.301528930664062,3.150907278060913
2,24.033456802368164,3.1506049633026123
2,24.300193786621094,3.1503355503082275
2,24.955507278442383,3.150099039077759
2,25.413219451904297,3.149846076965332
2,25.082199096679688,3.149552583694458
2,24.699735641479492,3.1491928100585938
2,24.795459747314453,3.1488518714904785
2,23.926841735839844,3.1485016345977783
2,24.399219512939453,3.148186445236206
2,23.79877281188965,3.147928476333618
2,24.03992462158203,3.1477019786834717
2,23.70769500732422,3.147474765777588
2,24.51512336730957,3.147212505340576
2,24.236101150512695,3.146914005279541
2,24.253511428833008,3.1466054916381836
2,23.345678329467773,3.146296501159668
2,23.49054527282715,3.1459970474243164
2,23.70047378540039,3.1457228660583496
2,24.074888229370117,3.1454527378082275
2,24.766387939453125,3.1451961994171143
2,24.909334182739258,3.144932985305786
2,25.061870574951172,3.1446216106414795
2,24.527484893798828,3.144256353378296
2,24.314014434814453,3.1438069343566895
2,23.579904556274414,3.14334774017334
2,23.409154891967773,3.1429014205932617
2,23.89381217956543,3.1425700187683105
2,23.544158935546875,3.142347574234009
2,24.534292221069336,3.142143487930298
2,24.785573959350586,3.141932487487793
2,24.558971405029297,3.141681432723999
2,24.9722900390625,3.141681432723999
2,24.541187286376953,3.141681432723999
2,24.769855499267578,3.141681432723999
2,24.834274291992188,3.141681671142578
2,24.379541397094727,3.141681432723999
2,24.379541397094727,3.141681432723999
2,24.375818252563477,3.141681432723999
2,24.375818252563477,3.141681432723999
2,24.941085815429688,3.141681432723999
2,24.941085815429688,3.141681432723999
2,24.948436737060547,3.141681432723999
2,24.948436737060547,3.141681432723999
2,24.521596908569336,3.141681432723999
2,24.521596908569336,3.141681432723999
2,25.23114585876465,3.141681432723999
2,24.931970596313477,3.1413846015930176
2,24.46582794189453,3.1410553455352783
2,23.825151443481445,3.140690803527832
2,22.99656867980957,3.1402602195739746
2,22.776382446289062,3.1398634910583496
2,23.714941024780273,3.1395273208618164
2,23.816795349121094,3.1392743587493896
2,23.91026496887207,3.1390280723571777
2,24.860403060913086,3.13877010345459
2,24.652429580688477,3.1385204792022705
2,24.850923538208008,3.138270378112793
2,24.26152992248535,3.138003349304199
2,24.441600799560547,3.137702703475952
2,23.658939361572266,3.137392520904541
2,23.738304138183594,3.137089729309082
2,24.104290008544922,3.1367995738983154
2,24.492382049560547,3.1365041732788086
2,24.321266174316406,3.1361939907073975
2,24.64496421813965,3.1358885765075684
2,24.86052131652832,3.1356279850006104
2,24.135997772216797,3.135345458984375
2,24.17943000793457,3.1350414752960205
2,24.215742111206055,3.134730100631714
2,24.224430084228516,3.1344029903411865
2,23.77118492126465,3.1340572834014893
2,23.64952278137207,3.1336913108825684
2,24.227859497070312,3.1333508491516113
2,24.293468475341797,3.1330034732818604
2,23.861732482910156,3.1326351165771484
2,24.15461540222168,3.1322951316833496
2,23.512544631958008,3.1318840980529785
2,23.475509643554688,3.131452798843384
2,23.096696853637695,3.1310479640960693
2,22.358184814453125,3.1306533813476562
2,22.580825805664062,3.1303231716156006
2,22.949052810668945,3.130016326904297
2,23.653820037841797,3.129765272140503
2,23.449745178222656,3.1294801235198975
2,23.947303771972656,3.1291611194610596
2,23.282442092895508,3.128801107406616
2,23.734201431274414,3.128801107406616
2,23.33435821533203,3.128801107406616
2,23.529850006103516,3.128801107406616
2,23.652647018432617,3.128801107406616
2,23.03639030456543,3.128801107406616
2,23.03639030456543,3.128801107406616
2,23.113079071044922,3.128801107406616
2,23.113079071044922,3.128801107406616
2,23.75848388671875,3.128801107406616
2,23.75848388671875,3.128801107406616
2,23.64059829711914,3.128801107406616
2,23.64059829711914,3.128801107406616
2,23.206758499145508,3.128801107406616
2,23.206758499145508,3.128801107406616
2,23.721099853515625,3.128801107406616
2,23.917566299438477,3.1284358501434326
2,23.088878631591797,3.1280364990234375
2,23.171327590942383,3.1276633739471436
2,23.05062484741211,3.1273353099823
2,22.82590675354004,3.127065420150757
2,22.744796752929688,3.1267685890197754
2,22.66243553161621,3.1265008449554443
2,23.248998641967773,3.126246452331543
2,22.952680587768555,3.1259236335754395
2,22.239532470703125,3.12557053565979
2,23.128602981567383,3.1252291202545166
2,23.17662811279297,3.1248939037323
2,22.487028121948242,3.124558925628662
2,22.418642044067383,3.1241888999938965
2,22.409076690673828,3.1238324642181396
2,22.46973419189453,3.1234779357910156
2,22.866098403930664,3.1232173442840576
2,22.45820426940918,3.122941493988037
2,22.8574161529541,3.1226539611816406
2,22.694595336914062,3.1223020553588867
2,22.300264358520508,3.1219322681427
2,22.637178421020508,3.121570587158203
2,22.317546844482422,3.1212356090545654
2,21.925748825073242,3.120882987976074
2,22.689590454101562,3.120561361312866
2,22.77676773071289,3.1202378273010254
2,22.55613899230957,3.119924783706665
2,22.442779541015625,3.1195433139801025
2,23.261123657226562,3.1191654205322266
2,22.905120849609375,3.118767499923706
2,22.37451934814453,3.1183531284332275
2,22.638629913330078,3.11793851852417
2,22.014007568359375,3.117577314376831
2,21.947895050048828,3.1172029972076416
2,23.11227798461914,3.116877794265747
2,23.06058120727539,3.1165361404418945
2,23.476999282836914,3.116154670715332
2,22.694501876831055,3.1157758235931396
2,22.363311767578125,3.1153812408447266
2,22.145423889160156,3.115002393722534
2,22.63152503967285,3.115002393722534
2,22.04920196533203,3.115002393722534
2,22.217355728149414,3.115002393722534
2,22.353538513183594,3.1150026321411133
2,21.831979751586914,3.115002393722534
2,21.831979751586914,3.115002393722534
2,21.742507934570312,3.115002393722534
2,21.742507934570312,3.115002393722534
2,22.58730125427246,3.115002393722534
2,22.58730125427246,3.115002393722534
2,22.447555541992188,3.115002393722534
2,22.447555541992188,3.115002393722534
2,21.834928512573242,3.115002393722534
2,21.834928512573242,3.115002393722534
2,22.743440628051758,3.115002393722534
2,22.846424102783203,3.1146137714385986
2,22.52768325805664,3.1142451763153076
2,23.218578338623047,3.113896608352661
2,22.559999465942383,3.113551616668701
2,22.604211807250977,3.113171339035034
2,22.94310760498047,3.112844467163086
2,23.129426956176758,3.1125118732452393
2,22.601207733154297,3.112170696258545
2,21.883378982543945,3.1118075847625732
2,22.09292221069336,3.1114416122436523
2,22.147567749023438,3.111086130142212
2,22.254854202270508,3.1107735633850098
2,22.552085876464844,3.110471487045288
2,22.727975845336914,3.1101717948913574
2,23.556018829345703,3.1098709106445312
2,23.510351181030273,3.1094930171966553
2,22.563692092895508,3.1091411113739014
2,22.813093185424805,3.1087701320648193
2,21.954248428344727,3.1084065437316895
2,21.687992095947266,3.1080501079559326
2,22.021699905395508,3.1076786518096924
2,22.352663040161133,3.10734224319458
2,22.528839111328125,3.107048749923706
2,22.802654266357422,3.1067328453063965
2,22.602676391601562,3.1063520908355713
2,23.109840393066406,3.1059377193450928
2,23.05039405822754,3.105525255203247
2,22.817045211791992,3.1051318645477295
2,21.718122482299805,3.1047568321228027
2,22.21392250061035,3.104403018951416
2,22.549036026000977,3.104072332382202
2,23.276039123535156,3.1037344932556152
2,23.266746520996094,3.103381633758545
2,23.394065856933594,3.103053331375122
2,23.411182403564453,3.102675437927246
2,22.736509323120117,3.1022822856903076
2,23.618318557739258,3.101914882659912
2,23.14119529724121,3.1015536785125732
2,22.81633949279785,3.101196050643921
2,22.489912033081055,3.1008574962615967
2,22.953289031982422,3.1008574962615967
2,22.451316833496094,3.1008574962615967
2,22.700218200683594,3.1008574962615967
2,22.741207122802734,3.100857734680176
2,22.441417694091797,3.1008574962615967
2,22.441417694091797,3.1008574962615967
2,22.35332679748535,3.1008574962615967
2,22.35332679748535,3.1008574962615967
2,22.923830032348633,3.1008574962615967
2,22.923830032348633,3.1008574962615967
2,22.890275955200195,3.1008574962615967
2,22.890275955200195,3.1008574962615967
2,22.450788497924805,3.1008574962615967
2,22.450788497924805,3.1008574962615967
2,23.022754669189453,3.1008574962615967
2,22.91073989868164,3.1004998683929443
2,23.377216339111328,3.100184202194214
2,23.783018112182617,3.099853038787842
2,22.876550674438477,3.099539279937744
2,23.312650680541992,3.0991733074188232
2,23.13617515563965,3.0987839698791504
2,22.79247283935547,3.0984444618225098
2,23.252534866333008,3.0981645584106445
2,22.887035369873047,3.097825765609741
2,23.394615173339844,3.0974674224853516
2,22.984315872192383,3.0971248149871826
2,23.439775466918945,3.096773147583008
2,23.243850708007812,3.0964229106903076
2,23.378141403198242,3.0960404872894287
2,22.91765785217285,3.095625877380371
2,22.33060073852539,3.0952298641204834
2,22.282346725463867,3.094918727874756
2,22.771455764770508,3.094663619995117
2,23.701005935668945,3.094372034072876
2,23.521286010742188,3.094036102294922
2,22.589937210083008,3.093588352203369
2,22.732501983642578,3.093134641647339
2,22.565338134765625,3.0926742553710938
2,22.304706573486328,3.092256784439087
2,22.33163833618164,3.0919158458709717
2,22.692638397216797,3.0916528701782227
2,22.9576358795166,3.091365337371826
2,22.788515090942383,3.0910229682922363
2,22.630712509155273,3.090608596801758
2,22.17085075378418,3.0902156829833984
2,21.931758880615234,3.0898141860961914
2,21.798120498657227,3.089444875717163
2,22.332490921020508,3.0891358852386475
2,21.858800888061523,3.0888569355010986
2,22.81599235534668,3.0885305404663086
2,22.44331932067871,3.0881876945495605
2,22.644174575805664,3.0878427028656006
2,22.79988670349121,3.0874998569488525
2,22.877077102661133,3.087118148803711
2,22.679851531982422,3.0867342948913574
2,23.127338409423828,3.0867342948913574
2,22.672744750976562,3.0867342948913574
2,22.829320907592773,3.0867342948913574
2,22.922828674316406,3.0867345333099365
2,22.300737380981445,3.0867342948913574
2,22.300737380981445,3.0867342948913574
2,22.465967178344727,3.0867342948913574
2,22.465967178344727,3.0867342948913574
2,23.125293731689453,3.0867342948913574
2,23.125293731689453,3.0867342948913574
2,22.902545928955078,3.0867342948913574
2,22.902545928955078,3.0867342948913574
2,22.401653289794922,3.0867342948913574
2,22.401653289794922,3.0867342948913574
2,22.8839111328125,3.0867342948913574
2,23.174808502197266,3.086310863494873
2,21.916784286499023,3.0858280658721924
2,21.97054100036621,3.0853281021118164
2,21.39480972290039,3.0848746299743652
2,21.52085304260254,3.0844480991363525
2,22.127565383911133,3.084017038345337
2,21.94680404663086,3.083599090576172
2,21.709131240844727,3.083195686340332
2,21.943204879760742,3.082801103591919
2,21.769424438476562,3.0823605060577393
2,21.76292610168457,3.0819194316864014
2,22.475446701049805,3.0815117359161377
2,22.478132247924805,3.081096649169922
2,22.094003677368164,3.0806567668914795
2,21.84134292602539,3.0801632404327393
2,21.049489974975586,3.0796709060668945
2,21.506776809692383,3.07926344871521
2,21.76361656188965,3.0789172649383545
2,22.440082550048828,3.0786314010620117
2,22.25113868713379,3.0783021450042725
2,22.331270217895508,3.0779523849487305
2,22.54263687133789,3.07755184173584
2,22.155088424682617,3.0771262645721436
2,21.27199935913086,3.076707601547241
2,21.649446487426758,3.076282024383545
2,21.305471420288086,3.0758187770843506
2,21.939943313598633,3.0753800868988037
2,21.890914916992188,3.074964761734009
2,21.703157424926758,3.0745842456817627
2,21.57306480407715,3.074218273162842
2,21.816593170166016,3.073843479156494
2,21.803247451782227,3.073474645614624
2,21.14374542236328,3.073066473007202
2,20.74764633178711,3.0726478099823
2,21.4818115234375,3.0723111629486084
2,20.96932601928711,3.0719480514526367
2,20.593820571899414,3.0717294216156006
2,21.243778228759766,3.0715420246124268
2,20.78827476501465,3.0712711811065674
2,20.32762908935547,3.070958137512207
2,20.863588333129883,3.070958137512207
2,20.392839431762695,3.070958137512207
2,20.462461471557617,3.070958137512207
2,20.556713104248047,3.070958375930786
2,20.003232955932617,3.070958137512207
2,20.003232955932617,3.070958137512207
2,20.07998275756836,3.070958137512207
2,20.07998275756836,3.070958137512207
2,20.873315811157227,3.070958137512207
2,20.873315811157227,3.070958137512207
2,20.609375,3.070958137512207
2,20.609375,3.070958137512207
2,20.03724479675293,3.070958137512207
2,20.03724479675293,3.070958137512207
2,20.47616958618164,3.070958137512207
2,20.1873722076416,3.0705726146698
2,20.836305618286133,3.0702147483825684
2,20.43878936767578,3.069920539855957
2,19.92593765258789,3.069622755050659
2,20.89406967163086,3.0693647861480713
2,20.36627769470215,3.069040298461914
2,20.840099334716797,3.0686888694763184
2,20.60464096069336,3.0683906078338623
2,20.131370544433594,3.068073034286499
2,20.76496124267578,3.0678255558013916
2,21.27638816833496,3.067591667175293
2,22.537715911865234,3.0673670768737793
2,22.59939193725586,3.067070722579956
2,23.303417205810547,3.066786766052246
2,24.12933921813965,3.066471815109253
2,23.99512481689453,3.066115140914917
2,24.12451934814453,3.0657315254211426
2,23.914140701293945,3.065399646759033
2,24.32422637939453,3.065096616744995
2,24.11383628845215,3.064800262451172
2,23.66629409790039,3.0644278526306152
2,23.29084014892578,3.0640594959259033
2,22.3297119140625,3.0637433528900146
2,21.614055633544922,3.063472032546997
2,22.599084854125977,3.0632848739624023
2,22.469135284423828,3.0630667209625244
2,22.348468780517578,3.0627706050872803
2,22.587678909301758,3.06248140335083
2,22.774234771728516,3.062140941619873
2,22.611371994018555,3.06178617477417
2,22.312713623046875,3.0614302158355713
2,22.051563262939453,3.0611467361450195
2,22.48211097717285,3.0609562397003174
2,23.402629852294922,3.0607826709747314
2,23.811203002929688,3.0605552196502686
2,24.310691833496094,3.060260772705078
2,24.0965518951416,3.059936761856079
2,24.297176361083984,3.0595715045928955
2,24.386518478393555,3.0592048168182373
2,23.600215911865234,3.058847188949585
2,24.004331588745117,3.058847188949585
2,23.819894790649414,3.058847188949585
2,23.918724060058594,3.058847188949585
2,23.941062927246094,3.058847188949585
2,23.678781509399414,3.058847188949585
2,23.678781509399414,3.058847188949585
2,23.871726989746094,3.058847188949585
2,23.871726989746094,3.058847188949585
2,23.903690338134766,3.058847188949585
2,23.903690338134766,3.058847188949585
2,24.054790496826172,3.058847188949585
2,24.054790496826172,3.058847188949585
2,23.859642028808594,3.058847188949585
2,23.859642028808594,3.058847188949585
2,23.992435455322266,3.058847188949585
2,24.281932830810547,3.05853533744812
2,24.471506118774414,3.0582895278930664
2,24.960739135742188,3.0580761432647705
2,25.633939743041992,3.0578596591949463
2,26.072359085083008,3.0575833320617676
2,25.41755485534668,3.057293653488159
2,25.45921516418457,3.0569725036621094
2,24.969024658203125,3.0566282272338867
2,24.447080612182617,3.0562424659729004
2,24.329734802246094,3.055917739868164
2,25.03917121887207,3.0556323528289795
2,25.09471321105957,3.0553407669067383
2,25.358642578125,3.0550460815429688
2,25.262832641601562,3.054711103439331
2,25.155654907226562,3.054340362548828
2,24.668577194213867,3.05393648147583
2,23.911256790161133,3.053522825241089
2,23.67982292175293,3.053074836730957
2,23.666889190673828,3.0526504516601562
2,24.000537872314453,3.052243947982788
2,23.88272476196289,3.0518531799316406
2,23.979248046875,3.0514373779296875
2,24.657974243164062,3.051008701324463
2,24.333049774169922,3.0505597591400146
2,23.541872024536133,3.050062417984009
2,23.428359985351562,3.0495662689208984
2,22.873003005981445,3.0490376949310303
2,23.149168014526367,3.0484845638275146
2,22.567338943481445,3.0479886531829834
2,22.402111053466797,3.0475544929504395
2,22.799579620361328,3.0471322536468506
2,22.71049690246582,3.0467007160186768
2,23.531513214111328,3.046273946762085
2,23.35043716430664,3.0458595752716064
2,22.963401794433594,3.0453526973724365
2,22.722726821899414,3.0448496341705322
2,22.637067794799805,3.0443367958068848
2,21.983678817749023,3.043848752975464
2,22.219974517822266,3.043384313583374
2,21.476335525512695,3.0429446697235107
2,21.86490249633789,3.0429446697235107
2,21.512371063232422,3.0429446697235107
2,21.79454803466797,3.0429446697235107
2,21.812135696411133,3.04294490814209
2,21.313385009765625,3.0429446697235107
2,21.313385009765625,3.0429446697235107
2,21.56560707092285,3.0429446697235107
2,21.56560707092285,3.0429446697235107
2,21.845300674438477,3.0429446697235107
2,21.845300674438477,3.0429446697235107
2,21.88405990600586,3.0429446697235107
2,21.88405990600586,3.0429446697235107
2,21.411195755004883,3.0429446697235107
2,21.411195755004883,3.0429446697235107
2,21.574871063232422,3.0429446697235107
2,21.85747718811035,3.0424997806549072
2,22.40359878540039,3.0420992374420166
2,22.7561092376709,3.0417325496673584
2,22.710203170776367,3.041374921798706
2,22.79897689819336,3.0409910678863525
2,22.59630012512207,3.0405690670013428
2,22.625364303588867,3.040091037750244
2,21.808298110961914,3.0396292209625244
2,22.05621910095215,3.039215087890625
2,21.54536247253418,3.0388433933258057
2,21.218868255615234,3.0385286808013916
2,22.073501586914062,3.038233995437622
2,22.86194610595703,3.0379889011383057
2,22.79844856262207,3.037675142288208
2,22.41877555847168,3.0372543334960938
2,22.485483169555664,3.0367846488952637
2,22.47996711730957,3.0363283157348633
2,22.38097381591797,3.0359046459198
2,21.730026245117188,3.0354840755462646
2,21.415451049804688,3.0350916385650635
2,21.512218475341797,3.034738540649414
2,21.884071350097656,3.0344202518463135
2,20.879438400268555,3.034097194671631
2,21.423992156982422,3.033799886703491
2,21.290695190429688,3.0334627628326416
2,21.493974685668945,3.0331199169158936
2,21.562374114990234,3.032754898071289
2,21.886808395385742,3.0323355197906494
2,21.005126953125,3.031876802444458
2,20.786476135253906,3.0314018726348877
2,21.245121002197266,3.0309154987335205
2,20.606563568115234,3.030413866043091
2,20.279254913330078,3.0298819541931152
2,20.48754119873047,3.0293643474578857
2,19.54117202758789,3.0288844108581543
2,19.88044548034668,3.028414249420166
2,19.814605712890625,3.0279064178466797
2,19.77857208251953,3.027400493621826
2,20.68509292602539,3.026867389678955
2,20.027740478515625,3.026348352432251
2,20.45482063293457,3.026348352432251
2,19.837995529174805,3.026348352432251
2,19.93680191040039,3.026348352432251
2,20.026063919067383,3.02634859085083
2,19.676727294921875,3.026348352432251
2,19.676727294921875,3.026348352432251
2,19.70232391357422,3.026348352432251
2,19.70232391357422,3.026348352432251
2,20.432310104370117,3.026348352432251
2,20.432310104370117,3.026348352432251
2,20.237764358520508,3.026348352432251
2,20.237764358520508,3.026348352432251
2,19.44890594482422,3.026348352432251
2,19.44890594482422,3.026348352432251
2,21.098783493041992,3.026348352432251
2,20.711618423461914,3.025846004486084
2,20.45058250427246,3.0253043174743652
2,20.678560256958008,3.024750232696533
2,21.30247688293457,3.024169445037842
2,22.337940216064453,3.0235676765441895
2,21.442771911621094,3.022987127304077
2,21.700489044189453,3.022414445877075
2,21.1789493560791,3.0218448638916016
2,21.193096160888672,3.0213160514831543
2,21.26223373413086,3.0208168029785156
2,20.845077514648438,3.0203776359558105
2,21.155609130859375,3.0199785232543945
2,21.18667984008789,3.019627332687378
2,21.117151260375977,3.0193209648132324
2,21.743892669677734,3.0190248489379883
2,22.729700088500977,3.018702983856201
2,23.287817001342773,3.018291711807251
2,22.092525482177734,3.017831802368164
2,21.368513107299805,3.0173730850219727
2,21.886253356933594,3.016927719116211
2,21.941543579101562,3.016531467437744
2,21.349609375,3.0161635875701904
2,22.21746253967285,3.0158369541168213
2,22.526653289794922,3.0155153274536133
2,22.765544891357422,3.015167713165283
2,22.950809478759766,3.0148065090179443
2,23.064716339111328,3.0143678188323975
2,22.5701847076416,3.013921022415161
2,22.559326171875,3.013465166091919
2,22.79107666015625,3.0130105018615723
2,22.027421951293945,3.012568950653076
2,21.89804458618164,3.0122063159942627
2,22.156848907470703,3.011864423751831
2,22.4151611328125,3.0115463733673096
2,22.128374099731445,3.0112409591674805
2,22.252098083496094,3.0109829902648926
2,22.56094741821289,3.010688066482544
2,22.327621459960938,3.010385513305664
2,22.51970100402832,3.0100700855255127
2,21.64234161376953,3.009730339050293
2,22.11747169494629,3.009730339050293
2,21.633275985717773,3.009730339050293
2,21.713546752929688,3.009730339050293
2,21.85558319091797,3.009730339050293
2,21.635570526123047,3.009730339050293
2,21.635570526123047,3.009730339050293
2,21.783370971679688,3.009730339050293
2,21.783370971679688,3.009730339050293
2,22.200096130371094,3.009730339050293
2,22.200096130371094,3.009730339050293
2,21.97954750061035,3.009730339050293
2,21.97954750061035,3.009730339050293
2,21.564350128173828,3.009730339050293
2,21.564350128173828,3.009730339050293
2,21.873353958129883,3.009730339050293
2,21.565093994140625,3.0093672275543213
2,21.16899299621582,3.009028434753418
2,21.540945053100586,3.0087013244628906
2,20.75632667541504,3.0083770751953125
2,21.577123641967773,3.0080645084381104
2,21.35365104675293,3.00772762298584
2,22.44628143310547,3.007399559020996
2,21.93659210205078,3.0070886611938477
2,21.862449645996094,3.006774663925171
2,21.338560104370117,3.006453037261963
2,21.40630531311035,3.0060768127441406
2,21.424707412719727,3.0057501792907715
2,20.0136775970459,3.0054237842559814
2,20.614803314208984,3.00510835647583
2,19.76634979248047,3.0047969818115234
2,20.261919021606445,3.0044898986816406
2,19.950443267822266,3.0042078495025635
2,20.148075103759766,3.0040040016174316
2,20.162033081054688,3.003802537918091
2,20.808961868286133,3.003659725189209
2,20.57322883605957,3.003384590148926
2,20.74463653564453,3.0030128955841064
2,19.778926849365234,3.002575159072876
2,18.725072860717773,3.0020618438720703
2,18.521459579467773,3.0015177726745605
2,18.219894409179688,3.001035690307617
2,18.378864288330078,3.0006887912750244
2,19.022451400756836,3.0003905296325684
2,20.11790657043457,3.000108480453491
2,20.01863670349121,2.999793767929077
2,20.549339294433594,2.9994778633117676
2,20.688846588134766,2.9991559982299805
2,20.72500228881836,2.998757839202881
2,20.498680114746094,2.9983370304107666
2,20.345067977905273,2.997889518737793
2,20.437450408935547,2.997431516647339
2,20.286041259765625,2.9970545768737793
2,20.47205352783203,2.996706008911133
2,20.41144561767578,2.9963676929473877
2,20.588436126708984,2.9960434436798096
2,20.804994583129883,2.9960434436798096
2,20.743289947509766,2.9960434436798096
2,20.62861442565918,2.9960434436798096
2,20.751968383789062,2.9960434436798096
2,20.56508445739746,2.9960434436798096
2,20.56508445739746,2.9960434436798096
2,20.447839736938477,2.9960434436798096
2,20.447839736938477,2.9960434436798096
2,20.919401168823242,2.9960434436798096
2,20.919401168823242,2.9960434436798096
2,20.782772064208984,2.9960434436798096
2,20.782772064208984,2.9960434436798096
2,20.62607765197754,2.9960434436798096
2,20.62607765197754,2.9960434436798096
2,20.999839782714844,2.9960434436798096
2,20.88198471069336,2.9957075119018555
2,21.358333587646484,2.9953322410583496
2,21.289386749267578,2.994941473007202
2,20.826627731323242,2.994549512863159
2,21.230098724365234,2.994190216064453
2,21.382583618164062,2.993840217590332
2,21.41001319885254,2.993495225906372
2,21.582590103149414,2.9931275844573975
2,21.663612365722656,2.99273419380188
2,21.942712783813477,2.9922964572906494
2,21.24466896057129,2.991832971572876
2,21.762828826904297,2.991356134414673
2,21.297452926635742,2.9908018112182617
2,20.8575496673584,2.990298271179199
2,21.304344177246094,2.9897685050964355
2,21.658206939697266,2.9892446994781494
2,21.731693267822266,2.9887378215789795
2,22.146089553833008,2.9882662296295166
2,22.052757263183594,2.987809419631958
2,22.402647018432617,2.9873576164245605
2,21.81578826904297,2.986912727355957
2,22.099435806274414,2.9865071773529053
2,22.003707885742188,2.9861083030700684
2,21.534040451049805,2.9856860637664795
2,22.176380157470703,2.98528790473938
2,22.017581939697266,2.9848971366882324
2,21.982402801513672,2.984499216079712
2,22.55503273010254,2.9841363430023193
2,22.512088775634766,2.983752489089966
2,22.052642822265625,2.9833507537841797
2,22.332239151000977,2.982940435409546
2,21.833885192871094,2.9825279712677
2,21.733774185180664,2.9821016788482666
2,21.919641494750977,2.981677293777466
2,21.654457092285156,2.9812958240509033
2,22.461883544921875,2.9808483123779297
2,22.351348876953125,2.980384349822998
2,22.204076766967773,2.9799060821533203
2,21.069568634033203,2.979414224624634
2,21.50650405883789,2.9789299964904785
2,21.936372756958008,2.9789299964904785
2,21.96846580505371,2.9789299964904785
2,21.969974517822266,2.9789299964904785
2,21.93625259399414,2.9789302349090576
2,21.466859817504883,2.9789299964904785
2,21.466859817504883,2.9789299964904785
2,21.762950897216797,2.9789299964904785
2,21.762950897216797,2.9789299964904785
2,22.045244216918945,2.9789299964904785
2,22.045244216918945,2.9789299964904785
2,21.799760818481445,2.9789299964904785
2,21.799760818481445,2.9789299964904785
2,21.77771759033203,2.9789299964904785
2,21.77771759033203,2.9789299964904785
2,22.26827049255371,2.9789299964904785
2,21.507835388183594,2.9784278869628906
2,21.886329650878906,2.977907180786133
2,21.96900177001953,2.9773900508880615
2,21.615272521972656,2.976890802383423
2,21.824623107910156,2.976398229598999
2,22.073387145996094,2.9759204387664795
2,22.017671585083008,2.9754819869995117
2,21.917896270751953,2.975037097930908
2,22.45877456665039,2.9746198654174805
2,22.155498504638672,2.9741902351379395
2,22.175382614135742,2.973737955093384
2,22.265846252441406,2.9732701778411865
2,21.756994247436523,2.972816228866577
2,21.81211280822754,2.9723360538482666
2,21.56322479248047,2.9718172550201416
2,20.884906768798828,2.971298933029175
2,21.27239418029785,2.970764398574829
2,20.636962890625,2.970257043838501
2,20.51927375793457,2.9697608947753906
2,20.704641342163086,2.96930193901062
2,20.543432235717773,2.9688851833343506
2,20.79108238220215,2.968451976776123
2,20.873451232910156,2.9680144786834717
2,21.074480056762695,2.9675216674804688
2,20.457374572753906,2.967043161392212
2,20.399354934692383,2.9665467739105225
2,20.249311447143555,2.9660418033599854
2,19.582536697387695,2.9655022621154785
2,19.46930694580078,2.9649670124053955
2,19.305028915405273,2.9644763469696045
2,18.95549774169922,2.964040517807007
2,20.106061935424805,2.963610887527466
2,19.627492904663086,2.963151216506958
2,20.08116340637207,2.962634325027466
2,19.220754623413086,2.9620563983917236
2,19.30181884765625,2.961446762084961
2,19.68356704711914,2.9608142375946045
2,19.032716751098633,2.9601662158966064
2,19.719249725341797,2.9595959186553955
2,19.468225479125977,2.959043025970459
2,19.647275924682617,2.959043025970459
2,19.349933624267578,2.959043025970459
2,19.388063430786133,2.959043025970459
2,19.46961212158203,2.959043025970459
2,18.85040283203125,2.959043025970459
2,18.85040283203125,2.959043025970459
2,19.03823471069336,2.959043025970459
2,19.03823471069336,2.959043025970459
2,19.879579544067383,2.959043025970459
2,19.879579544067383,2.959043025970459
2,19.578737258911133,2.959043025970459
2,19.578737258911133,2.959043025970459
2,19.039621353149414,2.959043025970459
2,19.039621353149414,2.959043025970459
2,19.446083068847656,2.959043025970459
2,19.907052993774414,2.9585015773773193
2,20.05348777770996,2.9579715728759766
2,19.840423583984375,2.9574294090270996
2,20.10792350769043,2.956861972808838
2,19.844724655151367,2.956263303756714
2,19.57862663269043,2.95562481880188
2,19.66358184814453,2.9550013542175293
2,19.317054748535156,2.954390287399292
2,19.379865646362305,2.953859567642212
2,20.01508903503418,2.9533817768096924
2,19.602405548095703,2.9529237747192383
2,20.80504608154297,2.9524831771850586
2,20.381980895996094,2.9520585536956787
2,20.551471710205078,2.9516384601593018
2,20.539403915405273,2.9511475563049316
2,20.320741653442383,2.9505929946899414
2,19.921916961669922,2.9499783515930176
2,19.900075912475586,2.9493942260742188
2,19.067649841308594,2.9488742351531982
2,19.30011749267578,2.9484059810638428
2,20.205123901367188,2.9479475021362305
2,19.5906982421875,2.9475276470184326
2,20.32610511779785,2.947117328643799
2,20.491636276245117,2.9467504024505615
2,20.706558227539062,2.946366786956787
2,20.894987106323242,2.945936679840088
2,20.78126335144043,2.945502996444702
2,20.427324295043945,2.9450621604919434
2,20.33681869506836,2.9446258544921875
2,20.140398025512695,2.944162130355835
2,19.90410804748535,2.9437239170074463
2,19.974918365478516,2.943331241607666
2,19.692113876342773,2.942911148071289
2,20.062515258789062,2.942478895187378
2,20.306074142456055,2.9420394897460938
2,20.291719436645508,2.941601037979126
2,20.265104293823242,2.941073179244995
2,20.424898147583008,2.9405176639556885
2,20.18841552734375,2.9399712085723877
2,19.52676773071289,2.9394497871398926
2,19.8775691986084,2.9394497871398926
2,19.74968910217285,2.9394497871398926
2,19.750925064086914,2.9394497871398926
2,19.85479736328125,2.9394500255584717
2,19.36786460876465,2.9394497871398926
2,19.36786460876465,2.9394497871398926
2,19.586109161376953,2.9394497871398926
2,19.586109161376953,2.9394497871398926
2,20.021312713623047,2.9394497871398926
2,20.021312713623047,2.9394497871398926
2,19.836761474609375,2.9394497871398926
2,19.836761474609375,2.9394497871398926
2,19.667068481445312,2.9394497871398926
2,19.667068481445312,2.9394497871398926
2,20.062944412231445,2.9394497871398926
2,19.37604331970215,2.938948154449463
2,19.69879150390625,2.9384777545928955
2,20.002605438232422,2.938025951385498
2,19.764249801635742,2.937593936920166
2,20.016498565673828,2.9371707439422607
2,19.636049270629883,2.936763048171997
2,20.395112991333008,2.9363319873809814
2,19.905000686645508,2.9358925819396973
2,19.956695556640625,2.935392141342163
2,19.529218673706055,2.9349403381347656
2,19.745574951171875,2.934497833251953
2,19.70923614501953,2.9340853691101074
2,19.80767822265625,2.933668613433838
2,19.97492027282715,2.9332852363586426
2,20.126283645629883,2.932875394821167
2,19.9601993560791,2.9324405193328857
2,19.778810501098633,2.931993007659912
2,19.831266403198242,2.9314682483673096
2,19.87999153137207,2.9309349060058594
2,19.881227493286133,2.9303808212280273
2,19.03537940979004,2.929837465286255
2,19.316661834716797,2.929380416870117
2,19.110950469970703,2.9289638996124268
2,19.811931610107422,2.9286253452301025
2,19.487035751342773,2.928309679031372
2,19.83260154724121,2.928011178970337
2,19.988550186157227,2.9276621341705322
2,19.567840576171875,2.9272491931915283
2,19.771400451660156,2.926732301712036
2,19.785612106323242,2.9261224269866943
2,19.240760803222656,2.925459623336792
2,18.803714752197266,2.924823045730591
2,18.300519943237305,2.924237012863159
2,18.53986930847168,2.9237003326416016
2,18.863126754760742,2.923227548599243
2,19.047327041625977,2.9228272438049316
2,19.262887954711914,2.922492504119873
2,19.456401824951172,2.9221653938293457
2,19.00441551208496,2.9218404293060303
2,18.90833282470703,2.921527624130249
2,19.323455810546875,2.921527624130249
2,19.202762603759766,2.921527624130249
2,19.239774703979492,2.921527624130249
2,19.378368377685547,2.921527862548828
2,19.048851013183594,2.921527624130249
2,19.048851013183594,2.921527624130249
2,19.239887237548828,2.921527624130249
2,19.239887237548828,2.921527624130249
2,19.431453704833984,2.921527624130249
2,19.431453704833984,2.921527624130249
2,19.317607879638672,2.921527624130249
2,19.317607879638672,2.921527624130249
2,19.272987365722656,2.921527624130249
2,19.272987365722656,2.921527624130249
2,19.500843048095703,2.921527624130249
2,19.155803680419922,2.921175479888916
2,19.476207733154297,2.9207584857940674
2,19.87537956237793,2.920380115509033
2,19.375263214111328,2.919922113418579
2,19.55695152282715,2.9194722175598145
2,19.49897575378418,2.9190728664398193
2,19.302024841308594,2.91867995262146
2,19.44869613647461,2.9183337688446045
2,19.52234649658203,2.917994499206543
2,19.698619842529297,2.9177169799804688
2,20.276464462280273,2.9174535274505615
2,20.171123504638672,2.9171218872070312
2,19.859830856323242,2.916675090789795
2,20.2847900390625,2.916191816329956
2,19.98202896118164,2.9157114028930664
2,19.588388442993164,2.9152626991271973
2,19.98267364501953,2.9147844314575195
2,20.578798294067383,2.914370059967041
2,19.969816207885742,2.9139559268951416
2,20.02273941040039,2.9134840965270996
2,20.19182777404785,2.9129326343536377
2,20.184955596923828,2.9124081134796143
2,19.73048973083496,2.9119389057159424
2,19.836082458496094,2.911533832550049
2,20.301149368286133,2.911207437515259
2,20.03322982788086,2.9108726978302
2,20.288005828857422,2.910515308380127
2,20.412683486938477,2.9101665019989014
2,20.35845947265625,2.9097745418548584
2,20.649574279785156,2.909390449523926
2,20.32567596435547,2.908992290496826
2,20.39746856689453,2.908585786819458
2,20.60472297668457,2.9081413745880127
2,20.170495986938477,2.907698631286621
2,19.605609893798828,2.9072399139404297
2,20.29448127746582,2.9067273139953613
2,19.621112823486328,2.9062438011169434
2,19.47614288330078,2.9057984352111816
2,20.27266502380371,2.905358076095581
2,19.630416870117188,2.9049301147460938
2,19.972620010375977,2.9049301147460938
2,19.773244857788086,2.9049301147460938
2,19.991579055786133,2.9049301147460938
2,19.99437141418457,2.904930353164673
2,19.458200454711914,2.9049301147460938
2,19.458200454711914,2.9049301147460938
2,19.87190818786621,2.9049301147460938
2,19.87190818786621,2.9049301147460938
2,20.111791610717773,2.9049301147460938
2,20.111791610717773,2.9049301147460938
2,19.88910675048828,2.9049301147460938
2,19.88910675048828,2.9049301147460938
2,19.865192413330078,2.9049301147460938
2,19.865192413330078,2.9049301147460938
2,20.380508422851562,2.9049301147460938
2,20.618322372436523,2.9045238494873047
2,20.056650161743164,2.90409255027771
2,20.29546546936035,2.9036166667938232
2,20.324604034423828,2.9031310081481934
2,20.26199722290039,2.9026100635528564
2,20.321147918701172,2.9020819664001465
2,19.82322120666504,2.9015378952026367
2,19.71150779724121,2.901024580001831
2,19.8870849609375,2.900540828704834
2,19.923110961914062,2.900049924850464
2,19.56243324279785,2.899566173553467
2,19.851621627807617,2.8990957736968994
2,20.155824661254883,2.898571729660034
2,20.010848999023438,2.898061513900757
2,19.975000381469727,2.8975961208343506
2,20.0412540435791,2.8971407413482666
2,20.20682144165039,2.89662766456604
2,19.82044219970703,2.8961079120635986
2,19.691247940063477,2.895570993423462
2,19.526079177856445,2.895080327987671
2,19.288373947143555,2.8945841789245605
2,19.527284622192383,2.8940722942352295
2,19.659025192260742,2.8935999870300293
2,19.301759719848633,2.8931427001953125
2,19.708406448364258,2.8926308155059814
2,19.094533920288086,2.892077684402466
2,19.249723434448242,2.891470193862915
2,19.0778865814209,2.8908369541168213
2,19.461132049560547,2.890226125717163
2,18.998897552490234,2.8896360397338867
2,18.96822166442871,2.889110565185547
2,19.093502044677734,2.888633966445923
2,18.859838485717773,2.8881821632385254
2,19.167097091674805,2.887777328491211
2,18.95399284362793,2.8873162269592285
2,18.86269760131836,2.8868632316589355
2,19.599802017211914,2.8863942623138428
2,19.39448356628418,2.885862350463867
2,19.149980545043945,2.8852880001068115
2,18.276004791259766,2.884753704071045
2,18.657756805419922,2.884753704071045
2,18.416889190673828,2.884753704071045
2,18.605831146240234,2.884753704071045
2,18.592382431030273,2.884753704071045
2,18.196746826171875,2.884753704071045
2,18.196746826171875,2.884753704071045
2,18.476715087890625,2.884753704071045
2,18.476715087890625,2.884753704071045
2,18.78707504272461,2.884753704071045
2,18.78707504272461,2.884753704071045
2,18.649208068847656,2.884753704071045
2,18.649208068847656,2.884753704071045
2,18.459720611572266,2.884753704071045
2,18.459720611572266,2.884753704071045
2,18.888450622558594,2.884753704071045
2,18.697446823120117,2.8842990398406982
2,18.974206924438477,2.8839242458343506
2,18.561800003051758,2.883544445037842
2,18.49110221862793,2.883155107498169
2,18.877901077270508,2.8826870918273926
2,19.144195556640625,2.8821537494659424
2,18.940059661865234,2.8816025257110596
2,18.961336135864258,2.8810839653015137
2,18.659433364868164,2.880551338195801
2,18.24098777770996,2.880049228668213
2,18.274507522583008,2.8795130252838135
2,18.482839584350586,2.8789947032928467
2,18.135005950927734,2.87854266166687
2,18.221284866333008,2.8780815601348877
2,18.456069946289062,2.8776309490203857
2,18.349088668823242,2.8771603107452393
2,18.288652420043945,2.8766324520111084
2,18.153949737548828,2.8761184215545654
2,18.157304763793945,2.8755862712860107
2,18.50803565979004,2.8750693798065186
2,18.700767517089844,2.8745217323303223
2,18.187353134155273,2.874016523361206
2,18.352121353149414,2.8735265731811523
2,18.266475677490234,2.873136043548584
2,18.596628189086914,2.872793674468994
2,18.552270889282227,2.8723843097686768
2,18.196989059448242,2.871962547302246
2,18.04133415222168,2.871522903442383
2,18.57316017150879,2.8710837364196777
2,18.24700927734375,2.87065052986145
2,17.949012756347656,2.8702287673950195
2,17.88629913330078,2.869809150695801
2,17.999942779541016,2.8694145679473877
2,17.670772552490234,2.868976593017578
2,17.515226364135742,2.8685271739959717
2,17.70355224609375,2.86806321144104
2,17.662498474121094,2.8675918579101562
2,17.939006805419922,2.8670401573181152
2,16.892127990722656,2.8664870262145996
2,16.631547927856445,2.8659706115722656
2,17.000869750976562,2.8659706115722656
2,16.670787811279297,2.8659706115722656
2,16.940670013427734,2.8659706115722656
2,16.983295440673828,2.8659708499908447
2,16.49931526184082,2.8659706115722656
2,16.49931526184082,2.8659706115722656
2,16.70429801940918,2.8659706115722656
2,16.70429801940918,2.8659706115722656
2,17.204456329345703,2.8659706115722656
2,17.204456329345703,2.8659706115722656
2,16.9757137298584,2.8659706115722656
2,16.9757137298584,2.8659706115722656
2,16.732980728149414,2.8659706115722656
2,16.732980728149414,2.8659706115722656
2,16.752605438232422,2.8659706115722656
2,17.306049346923828,2.8654136657714844
2,16.926942825317383,2.864884853363037
2,17.400543212890625,2.8644256591796875
2,16.674558639526367,2.864018201828003
2,16.84024429321289,2.8636066913604736
2,16.988706588745117,2.86318302154541
2,16.91749382019043,2.8627355098724365
2,16.203567504882812,2.862266778945923
2,16.024120330810547,2.86173677444458
2,15.62276840209961,2.8611867427825928
2,15.468852043151855,2.8605687618255615
2,15.124117851257324,2.859933853149414
2,15.224984169006348,2.8592917919158936
2,15.661993980407715,2.8587560653686523
2,15.44262409210205,2.858281135559082
2,16.049955368041992,2.8579282760620117
2,16.354711532592773,2.85758638381958
2,16.02623748779297,2.85715651512146
2,16.280263900756836,2.856668472290039
2,16.140928268432617,2.856131076812744
2,15.995126724243164,2.8555517196655273
2,15.984716415405273,2.85494065284729
2,16.37371063232422,2.854387044906616
2,16.095134735107422,2.8537979125976562
2,16.908273696899414,2.8532729148864746
2,16.574289321899414,2.852773904800415
2,16.957700729370117,2.8522777557373047
2,17.651195526123047,2.851778507232666
2,17.428518295288086,2.851300001144409
2,17.616138458251953,2.850750684738159
2,17.12095069885254,2.850155830383301
2,17.34902572631836,2.849623441696167
2,17.039508819580078,2.849137783050537
2,17.105045318603516,2.848712205886841
2,16.88115119934082,2.857053756713867
2,16.727067947387695,2.8478446006774902
2,17.081594467163086,2.8473401069641113
2,16.90118408203125,2.8467888832092285
2,16.59557342529297,2.84626841545105
2,16.199512481689453,2.8457207679748535
2,16.30833625793457,2.8457207679748535
2,16.2305965423584,2.8457207679748535
2,16.295019149780273,2.8457207679748535
2,16.455413818359375,2.8457210063934326
2,15.947511672973633,2.8457207679748535
2,15.947511672973633,2.8457207679748535
2,16.216419219970703,2.8457207679748535
2,16.216419219970703,2.8457207679748535
2,16.495180130004883,2.8457207679748535
2,16.495180130004883,2.8457207679748535
2,16.17677879333496,2.8457207679748535
2,16.17677879333496,2.8457207679748535
2,16.25652503967285,2.8457207679748535
2,16.25652503967285,2.8457207679748535
2,16.43497085571289,2.8457207679748535
2,16.38849449157715,2.8452506065368652
2,16.641090393066406,2.844752311706543
2,16.94712257385254,2.844207286834717
2,17.3919734954834,2.8436484336853027
2,17.076231002807617,2.842982530593872
2,17.07109832763672,2.842303514480591
2,17.095623016357422,2.841658115386963
2,17.685649871826172,2.841038942337036
2,17.03813362121582,2.8404970169067383
2,16.793073654174805,2.839932918548584
2,17.236095428466797,2.8393447399139404
2,17.325464248657227,2.8387787342071533
2,17.245983123779297,2.838285207748413
2,17.50634002685547,2.8377792835235596
2,16.805002212524414,2.837226629257202
2,16.828962326049805,2.836693048477173
2,16.34910774230957,2.8361265659332275
2,16.830577850341797,2.8355507850646973
2,15.89373779296875,2.835038900375366
2,16.000324249267578,2.8345694541931152
2,15.903555870056152,2.834146738052368
2,16.21326446533203,2.8337395191192627
2,15.748132705688477,2.833338975906372
2,16.130067825317383,2.8328254222869873
2,15.739916801452637,2.83217191696167
2,15.011916160583496,2.831512689590454
2,14.961103439331055,2.8308897018432617
2,15.006732940673828,2.8303287029266357
2,15.200228691101074,2.8298351764678955
2,15.286839485168457,2.8293426036834717
2,15.343554496765137,2.828869581222534
2,15.675589561462402,2.82839298248291
2,15.580726623535156,2.8279261589050293
2,15.7283935546875,2.827432632446289
2,15.131150245666504,2.8269481658935547
2,15.259178161621094,2.8264665603637695
2,15.486963272094727,2.826107978820801
2,15.813984870910645,2.825753927230835
2,15.462380409240723,2.825463056564331
2,15.435129165649414,2.825181007385254
2,15.487981796264648,2.825181007385254
2,15.380057334899902,2.825181007385254
2,15.574201583862305,2.825181007385254
2,15.692866325378418,2.825181245803833
2,15.375346183776855,2.825181007385254
2,15.375346183776855,2.825181007385254
2,15.459660530090332,2.825181007385254
2,15.459660530090332,2.825181007385254
2,15.722229957580566,2.825181007385254
2,15.722229957580566,2.825181007385254
2,15.638086318969727,2.825181007385254
2,15.638086318969727,2.825181007385254
2,15.34827995300293,2.825181007385254
2,15.34827995300293,2.825181007385254
2,15.924509048461914,2.825181007385254
2,15.528182029724121,2.8248276710510254
2,15.975040435791016,2.8244261741638184
2,15.87912654876709,2.8239800930023193
2,15.785805702209473,2.8234810829162598
2,15.429364204406738,2.8230035305023193
2,15.6080904006958,2.822516918182373
2,15.599064826965332,2.822061538696289
2,15.281076431274414,2.821584701538086
2,15.896756172180176,2.8210701942443848
2,15.521749496459961,2.820582389831543
2,15.780115127563477,2.8200876712799072
2,15.393552780151367,2.8195910453796387
2,15.980859756469727,2.819105863571167
2,15.360870361328125,2.8186874389648438
2,15.854690551757812,2.8183236122131348
2,15.405536651611328,2.817882537841797
2,15.847992897033691,2.817363739013672
2,15.19000244140625,2.816837787628174
2,15.38915729522705,2.816359281539917
2,15.640395164489746,2.815840244293213
2,15.565658569335938,2.8153772354125977
2,15.51794147491455,2.8148720264434814
2,15.883735656738281,2.814398765563965
2,15.733696937561035,2.8138790130615234
2,15.479397773742676,2.8133277893066406
2,15.480843544006348,2.8127522468566895
2,15.494209289550781,2.8122098445892334
2,15.601277351379395,2.811730146408081
2,15.746321678161621,2.8113064765930176
2,16.321353912353516,2.81091570854187
2,16.872087478637695,2.8104629516601562
2,16.889392852783203,2.8098931312561035
2,16.596025466918945,2.8092377185821533
2,15.964689254760742,2.8084843158721924
2,15.636320114135742,2.8078601360321045
2,15.678594589233398,2.8073315620422363
2,15.72622299194336,2.8069217205047607
2,15.180890083312988,2.806525230407715
2,15.425299644470215,2.8061606884002686
2,15.04241943359375,2.805776834487915
2,15.277168273925781,2.805776834487915
2,15.579919815063477,2.805776834487915
2,15.45030689239502,2.805776834487915
2,15.503993034362793,2.805777072906494
2,15.391764640808105,2.805776834487915
2,15.391764640808105,2.805776834487915
2,15.443931579589844,2.805776834487915
2,15.443931579589844,2.805776834487915
2,15.421295166015625,2.805776834487915
2,15.421295166015625,2.805776834487915
2,15.393811225891113,2.805776834487915
2,15.393811225891113,2.805776834487915
2,15.381715774536133,2.805776834487915
2,15.381715774536133,2.805776834487915
2,15.73446273803711,2.805776834487915
2,15.67151165008545,2.8053171634674072
2,15.782241821289062,2.8048129081726074
2,15.116781234741211,2.804229974746704
2,15.190622329711914,2.803609609603882
2,15.073436737060547,2.8030202388763428
2,15.1209077835083,2.80242657661438
2,15.0480318069458,2.8018903732299805
2,14.655101776123047,2.8013830184936523
2,15.193059921264648,2.800969362258911
2,14.886300086975098,2.800549268722534
2,15.129707336425781,2.80008864402771
2,14.80561637878418,2.7995309829711914
2,14.49167537689209,2.798973321914673
2,14.533655166625977,2.7983925342559814
2,14.517657279968262,2.7978246212005615
2,14.525301933288574,2.797314405441284
2,14.310145378112793,2.7968292236328125
2,13.993850708007812,2.7963430881500244
2,13.88233757019043,2.7958292961120605
2,13.977705001831055,2.7953617572784424
2,13.739212036132812,2.79489803314209
2,13.865381240844727,2.794499158859253
2,13.828999519348145,2.794041872024536
2,14.006999015808105,2.7935776710510254
2,13.859292030334473,2.7930872440338135
2,13.637393951416016,2.792592763900757
2,13.503265380859375,2.792104482650757
2,13.6136474609375,2.791585922241211
2,13.593541145324707,2.791064977645874
2,13.718741416931152,2.7904512882232666
2,13.816121101379395,2.7898221015930176
2,13.692874908447266,2.78922438621521
2,13.790830612182617,2.7886126041412354
2,14.0020751953125,2.78802490234375
2,14.24516773223877,2.7874248027801514
2,13.932660102844238,2.786803722381592
2,14.061150550842285,2.7862277030944824
2,14.227861404418945,2.7856264114379883
2,14.029794692993164,2.7850141525268555
2,13.448860168457031,2.7844462394714355
2,13.651984214782715,2.7844462394714355
2,13.800286293029785,2.7844462394714355
2,13.50911808013916,2.7844462394714355
2,13.576638221740723,2.7844462394714355
2,13.76653003692627,2.7844462394714355
2,13.76653003692627,2.7844462394714355
2,13.492448806762695,2.7844462394714355
2,13.492448806762695,2.7844462394714355
2,13.72545337677002,2.7844462394714355
2,13.72545337677002,2.7844462394714355
2,13.61810302734375,2.7844462394714355
2,13.61810302734375,2.7844462394714355
2,13.49735164642334,2.7844462394714355
2,13.49735164642334,2.7844462394714355
2,13.78842830657959,2.7844462394714355
2,13.780471801757812,2.7838525772094727
2,13.593243598937988,2.783262252807617
2,13.541111946105957,2.782677173614502
2,13.373723983764648,2.7821261882781982
2,13.598540306091309,2.7815704345703125
2,13.43067741394043,2.781017541885376
2,13.59555721282959,2.7804508209228516
2,13.424842834472656,2.7798187732696533
2,13.139756202697754,2.779202938079834
2,13.164803504943848,2.7785840034484863
2,13.214488983154297,2.777998447418213
2,12.964681625366211,2.7774171829223633
2,13.101938247680664,2.7768514156341553
2,12.854414939880371,2.776301145553589
2,13.104851722717285,2.775749683380127
2,13.161746978759766,2.775189161300659
2,12.995676040649414,2.7746188640594482
2,13.118877410888672,2.774029493331909
2,12.975044250488281,2.7734498977661133
2,13.12479305267334,2.772871494293213
2,12.869096755981445,2.7722864151000977
2,12.841632843017578,2.771740198135376
2,12.53673267364502,2.771188259124756
2,12.526814460754395,2.7706873416900635
2,12.693567276000977,2.7702252864837646
2,12.563061714172363,2.769779682159424
2,12.723362922668457,2.7693686485290527
2,12.858345031738281,2.76898193359375
2,12.544417381286621,2.7685604095458984
2,12.67070198059082,2.7681210041046143
2,12.69371509552002,2.76764178276062
2,12.614409446716309,2.7671475410461426
2,12.708818435668945,2.766676425933838
2,12.69058895111084,2.7662341594696045
2,12.743382453918457,2.7658026218414307
2,12.643296241760254,2.765399217605591
2,12.340374946594238,2.7649829387664795
2,12.542314529418945,2.764577627182007
2,12.41529655456543,2.764185667037964
2,11.971750259399414,2.76379132270813
2,12.090394973754883,2.76379132270813
2,12.25311279296875,2.76379132270813
2,12.075050354003906,2.76379132270813
2,12.166055679321289,2.763791561126709
2,12.272490501403809,2.76379132270813
2,12.272490501403809,2.76379132270813
2,12.068631172180176,2.76379132270813
2,12.068631172180176,2.76379132270813
2,12.204240798950195,2.76379132270813
2,12.204240798950195,2.76379132270813
2,12.118549346923828,2.76379132270813
2,12.118549346923828,2.76379132270813
2,12.035372734069824,2.76379132270813
2,12.035372734069824,2.76379132270813
2,12.588865280151367,2.76379132270813
2,12.626554489135742,2.763413429260254
2,12.50828742980957,2.763016700744629
2,12.407081604003906,2.7625999450683594
2,12.361892700195312,2.762197256088257
2,12.636134147644043,2.761770725250244
2,12.325136184692383,2.761291027069092
2,12.604684829711914,2.760787010192871
2,12.490171432495117,2.760218858718872
2,12.427688598632812,2.759582281112671
2,12.727325439453125,2.759000539779663
2,12.412516593933105,2.7583706378936768
2,12.094196319580078,2.7577757835388184
2,11.847146034240723,2.7572312355041504
2,12.208043098449707,2.7567331790924072
2,12.30205249786377,2.756270408630371
2,12.158711433410645,2.7557976245880127
2,12.070688247680664,2.7552859783172607
2,12.347290992736816,2.7547523975372314
2,12.343425750732422,2.754251480102539
2,12.409459114074707,2.7537262439727783
2,12.021484375,2.753178596496582
2,12.04556655883789,2.7526209354400635
2,12.04017448425293,2.7520711421966553
2,11.91899299621582,2.751537561416626
2,12.000712394714355,2.7509989738464355
2,12.116140365600586,2.750455379486084
2,12.062536239624023,2.749971628189087
2,12.150564193725586,2.7495248317718506
2,12.390965461730957,2.7490804195404053
2,12.190446853637695,2.7486581802368164
2,12.426401138305664,2.748166561126709
2,12.177048683166504,2.747669219970703
2,12.551360130310059,2.7472083568573
2,12.055675506591797,2.7467408180236816
2,11.939669609069824,2.746248245239258
2,12.15925121307373,2.745739459991455
2,12.22669792175293,2.7451441287994385
2,12.01321792602539,2.744570255279541
2,11.900696754455566,2.7440006732940674
2,11.888202667236328,2.7434661388397217
2,11.891250610351562,2.7434661388397217
2,12.055999755859375,2.7434661388397217
2,11.860442161560059,2.7434661388397217
2,11.969810485839844,2.743466377258301
2,12.04887866973877,2.7434661388397217
2,12.04887866973877,2.7434661388397217
2,11.850810050964355,2.7434661388397217
2,11.850810050964355,2.7434661388397217
2,12.023262023925781,2.7434661388397217
2,12.023262023925781,2.7434661388397217
2,11.969039916992188,2.7434661388397217
2,11.969039916992188,2.7434661388397217
2,11.823932647705078,2.7434661388397217
2,11.823932647705078,2.7434661388397217
2,12.475985527038574,2.7434661388397217
2,12.271111488342285,2.742945432662964
2,12.37726879119873,2.7424464225769043
2,12.203837394714355,2.741976022720337
2,12.083077430725098,2.741461992263794
2,12.036080360412598,2.7409074306488037
2,11.856289863586426,2.740391731262207
2,11.911537170410156,2.739854574203491
2,12.195866584777832,2.739283561706543
2,12.001578330993652,2.7387466430664062
2,11.660232543945312,2.7382309436798096
2,12.178807258605957,2.7377986907958984
2,12.28973388671875,2.7373552322387695
2,12.065032958984375,2.736898183822632
2,11.991174697875977,2.7364020347595215
2,12.226579666137695,2.7359094619750977
2,12.189655303955078,2.7353992462158203
2,12.541062355041504,2.7349233627319336
2,12.357925415039062,2.7344067096710205
2,12.420915603637695,2.7338404655456543
2,12.626890182495117,2.733261823654175
2,12.553391456604004,2.7327053546905518
2,12.13084888458252,2.732171058654785
2,12.053873062133789,2.731701374053955
2,12.160846710205078,2.731240749359131
2,12.103957176208496,2.7307703495025635
2,12.344122886657715,2.7303075790405273
2,12.027530670166016,2.729783296585083
2,12.297079086303711,2.7292139530181885
2,12.209890365600586,2.7286248207092285
2,12.285116195678711,2.728020429611206
2,12.292747497558594,2.727463960647583
2,11.831912994384766,2.726900100708008
2,11.707473754882812,2.7263059616088867
2,11.478446006774902,2.725682258605957
2,11.292819023132324,2.725250720977783
2,11.503070831298828,2.724468946456909
2,11.076135635375977,2.7238643169403076
2,11.049393653869629,2.723269462585449
2,11.462539672851562,2.722726821899414
2,10.976714134216309,2.7222042083740234
2,10.88253116607666,2.7222042083740234
2,11.027547836303711,2.7222042083740234
2,10.84192180633545,2.7222042083740234
2,10.912263870239258,2.7222042083740234
2,11.088624954223633,2.7222042083740234
2,11.088624954223633,2.7222042083740234
2,10.813133239746094,2.7222042083740234
2,10.813133239746094,2.7222042083740234
2,11.05341911315918,2.7222042083740234
2,11.05341911315918,2.7222042083740234
2,10.982198715209961,2.7222042083740234
2,10.982198715209961,2.7222042083740234
2,10.776579856872559,2.7222042083740234
2,10.776579856872559,2.7222042083740234
2,11.1835355758667,2.722442626953125
2,11.600028038024902,2.7216715812683105
2,11.32729434967041,2.721144199371338
2,11.037121772766113,2.721066951751709
2,11.198973655700684,2.7200498580932617
2,11.56941032409668,2.7195518016815186
2,11.387988090515137,2.719046115875244
2,11.476457595825195,2.7185378074645996
2,11.473825454711914,2.717989444732666
2,11.572183609008789,2.7174253463745117
2,11.498808860778809,2.7168428897857666
2,11.577447891235352,2.7162606716156006
2,11.618504524230957,2.7156922817230225
2,11.595232009887695,2.71513295173645
2,11.573355674743652,2.714561939239502
2,11.479816436767578,2.713977336883545
2,11.568994522094727,2.713383674621582
2,11.63904094696045,2.7127575874328613
2,11.495596885681152,2.712134838104248
2,11.270977973937988,2.7115306854248047
2,11.403374671936035,2.710918426513672
2,11.289456367492676,2.7102837562561035
2,11.67026138305664,2.7096803188323975
2,11.359360694885254,2.709085702896118
2,11.2803373336792,2.7084968090057373
2,11.586050987243652,2.7079055309295654
2,11.493193626403809,2.707329034805298
2,11.365156173706055,2.706800937652588
2,11.464056015014648,2.706240177154541
2,11.200645446777344,2.705657720565796
2,11.180342674255371,2.7050833702087402
2,11.480463027954102,2.7044949531555176
2,11.316963195800781,2.703935384750366
2,11.065179824829102,2.703458547592163
2,11.048331260681152,2.702998161315918
2,11.200058937072754,2.7025513648986816
2,11.011054992675781,2.7021167278289795
2,11.355998992919922,2.7016243934631348
2,11.14220142364502,2.701035737991333
2,11.426141738891602,2.7004623413085938
2,11.08025074005127,2.699906349182129
2,10.995933532714844,2.699906349182129
2,11.108922958374023,2.699906349182129
2,10.864843368530273,2.699906349182129
2,11.011741638183594,2.699906587600708
2,11.158279418945312,2.699906349182129
2,11.158279418945312,2.699906349182129
2,11.004194259643555,2.699906349182129
2,11.004194259643555,2.699906349182129
2,11.05765438079834,2.699906349182129
2,11.05765438079834,2.699906349182129
2,11.035690307617188,2.699906349182129
2,11.035690307617188,2.699906349182129
2,10.91324520111084,2.699906349182129
2,10.91324520111084,2.699906349182129
2,11.248026847839355,2.699906349182129
2,11.434991836547852,2.699373722076416
2,11.591126441955566,2.6988582611083984
2,11.72398853302002,2.6982855796813965
2,11.790897369384766,2.697702646255493
2,11.764392852783203,2.6972644329071045
2,11.835917472839355,2.696826457977295
2,11.851608276367188,2.6963582038879395
2,11.986262321472168,2.695889711380005
2,12.023200988769531,2.6953823566436768
2,11.898774147033691,2.694805383682251
2,11.952235221862793,2.6942286491394043
2,11.797547340393066,2.6936628818511963
2,11.6868896484375,2.6931233406066895
2,11.67149829864502,2.6926767826080322
2,11.632723808288574,2.692185163497925
2,11.734723091125488,2.6916756629943848
2,11.85558032989502,2.691174030303955
2,11.602950096130371,2.690688371658325
2,11.700701713562012,2.690208673477173
2,11.490944862365723,2.689744710922241
2,11.330733299255371,2.689358711242676
2,11.340182304382324,2.688915729522705
2,11.356703758239746,2.6884992122650146
2,11.667349815368652,2.6880693435668945
2,11.816792488098145,2.687605619430542
2,11.509514808654785,2.687093734741211
2,11.450417518615723,2.6865055561065674
2,11.214158058166504,2.6858322620391846
2,11.535608291625977,2.685222625732422
2,11.448139190673828,2.6846086978912354
2,11.483267784118652,2.683980703353882
2,11.537861824035645,2.683377504348755
2,11.483911514282227,2.682774066925049
2,11.466889381408691,2.682253122329712
2,11.202884674072266,2.68176531791687
2,11.26250171661377,2.681255340576172
2,11.106118202209473,2.6807501316070557
2,11.198982238769531,2.6802310943603516
2,11.172388076782227,2.6796321868896484
2,10.907604217529297,2.6790225505828857
2,10.73375415802002,2.6790225505828857
2,10.844931602478027,2.6790225505828857
2,10.643186569213867,2.6790225505828857
2,10.777944564819336,2.679022789001465
2,10.911619186401367,2.6790225505828857
2,10.911619186401367,2.6790225505828857
2,10.72393798828125,2.6790225505828857
2,10.72393798828125,2.6790225505828857
2,10.83695125579834,2.6790225505828857
2,10.83695125579834,2.6790225505828857
2,10.830899238586426,2.6790225505828857
2,10.830899238586426,2.6790225505828857
2,10.664835929870605,2.6790225505828857
2,10.664835929870605,2.6790225505828857
2,10.999228477478027,2.6790225505828857
2,11.094505310058594,2.6784656047821045
2,10.833610534667969,2.677898406982422
2,10.843123435974121,2.6773245334625244
2,11.107732772827148,2.6767783164978027
2,10.941271781921387,2.6761794090270996
2,11.040009498596191,2.6757242679595947
2,11.175731658935547,2.6752655506134033
2,11.197599411010742,2.674778699874878
2,11.008451461791992,2.6743228435516357
2,11.325643539428711,2.673774003982544
2,11.081302642822266,2.6732230186462402
2,11.261306762695312,2.6726810932159424
2,11.082891464233398,2.6722054481506348
2,11.272348403930664,2.6716790199279785
2,11.288969993591309,2.671234130859375
2,11.124794960021973,2.670806884765625
2,11.181135177612305,2.670398473739624
2,11.27705192565918,2.6699392795562744
2,11.041211128234863,2.6694037914276123
2,10.97125244140625,2.66879940032959
2,10.851286888122559,2.668191432952881
2,10.791141510009766,2.6676430702209473
2,10.619028091430664,2.6671030521392822
2,11.076769828796387,2.6666111946105957
2,10.863946914672852,2.666098117828369
2,10.76325798034668,2.665609836578369
2,10.765551567077637,2.665104389190674
2,10.813958168029785,2.664618968963623
2,10.543827056884766,2.6644701957702637
2,10.632912635803223,2.6634325981140137
2,10.798662185668945,2.662801504135132
2,10.862578392028809,2.6621851921081543
2,11.123333930969238,2.6616051197052
2,10.874577522277832,2.6610348224639893
2,10.742711067199707,2.660447835922241
2,10.827357292175293,2.6598687171936035
2,10.825481414794922,2.6593477725982666
2,11.092458724975586,2.65889573097229
2,10.729680061340332,2.658405065536499
2,10.61379623413086,2.6578965187072754
2,10.459413528442383,2.6578965187072754
2,10.626569747924805,2.6578965187072754
2,10.417759895324707,2.6578965187072754
2,10.506147384643555,2.6578965187072754
2,10.663421630859375,2.6578965187072754
2,10.663421630859375,2.6578965187072754
2,10.489570617675781,2.6578965187072754
2,10.489570617675781,2.6578965187072754
2,10.589268684387207,2.6578965187072754
2,10.589268684387207,2.6578965187072754
2,10.653018951416016,2.6578965187072754
2,10.653018951416016,2.6578965187072754
2,10.402017593383789,2.6578965187072754
2,10.402017593383789,2.6578965187072754
2,10.944852828979492,2.6578965187072754
2,10.905248641967773,2.657297134399414
2,11.216752052307129,2.6566812992095947
2,10.82683277130127,2.656100273132324
2,10.831840515136719,2.65544056892395
2,11.004866600036621,2.6547465324401855
2,10.734101295471191,2.654101848602295
2,10.869510650634766,2.6535112857818604
2,10.813937187194824,2.652949810028076
2,10.526504516601562,2.6524674892425537
2,10.627767562866211,2.651993751525879
2,10.673083305358887,2.651489019393921
2,10.656509399414062,2.65085768699646
2,10.9176025390625,2.650272846221924
2,11.06440544128418,2.6497013568878174
2,10.735992431640625,2.6491293907165527
2,10.94791316986084,2.648550510406494
2,10.804941177368164,2.647921323776245
2,10.813323974609375,2.6473445892333984
2,10.83449649810791,2.646801710128784
2,10.909991264343262,2.6462481021881104
2,10.816720962524414,2.645663261413574
2,11.079779624938965,2.6451241970062256
2,11.170464515686035,2.6446034908294678
2,11.145811080932617,2.64412260055542
2,10.898343086242676,2.643587350845337
2,10.834724426269531,2.6430716514587402
2,10.693161010742188,2.642498016357422
2,10.874917030334473,2.6419904232025146
2,10.945880889892578,2.6415138244628906
2,10.801219940185547,2.6410598754882812
2,10.644390106201172,2.6406290531158447
2,10.864541053771973,2.6402249336242676
2,10.976638793945312,2.6397948265075684
2,10.890043258666992,2.6394357681274414
2,10.942838668823242,2.639029026031494
2,10.850497245788574,2.638573408126831
2,10.848344802856445,2.638009786605835
2,11.052667617797852,2.637421131134033
2,10.568367004394531,2.637988328933716
2,10.6524658203125,2.636223316192627
2,10.401214599609375,2.636223316192627
2,10.514094352722168,2.636223316192627
2,10.348323822021484,2.636223316192627
2,10.46469783782959,2.636223554611206
2,10.612236022949219,2.636223316192627
2,10.612236022949219,2.636223316192627
